,smiles,sequence,interactions
0,2,0,0
1,6,5,1
2,11,10,0
3,14,13,0
4,15,14,0
5,16,15,1
6,17,16,1
7,19,18,0
8,20,19,1
9,23,22,1
10,28,27,1
11,31,30,1
12,32,31,1
13,33,32,0
14,36,34,1
15,41,39,1
16,43,40,1
17,44,41,0
18,46,43,0
19,47,44,0
20,48,45,0
21,49,5,0
22,50,39,1
23,51,40,1
24,58,52,0
25,59,53,1
26,63,57,0
27,64,47,1
28,72,63,1
29,74,52,0
30,75,65,1
31,80,70,0
32,85,72,0
33,86,39,1
34,87,73,1
35,94,78,1
36,97,81,1
37,100,82,1
38,108,0,0
39,110,72,1
40,111,34,0
41,112,40,1
42,116,91,1
43,122,95,1
44,123,0,0
45,126,98,1
46,127,99,1
47,128,39,1
48,133,101,0
49,135,103,1
50,137,104,1
51,138,105,1
52,139,106,1
53,143,39,1
54,148,40,1
55,149,18,0
56,154,50,1
57,156,5,0
58,157,115,0
59,158,50,0
60,164,39,1
61,165,82,1
62,167,121,1
63,169,123,1
64,174,125,0
65,175,52,0
66,176,126,1
67,177,22,1
68,178,127,0
69,180,129,1
70,181,130,1
71,182,106,1
72,186,131,0
73,187,132,0
74,189,135,1
75,193,135,1
76,200,141,0
77,203,13,0
78,204,17,0
79,206,103,1
80,207,39,1
81,211,39,1
82,214,149,0
83,215,72,1
84,218,152,0
85,219,153,1
86,221,73,0
87,222,155,0
88,223,156,0
89,226,158,1
90,227,159,0
91,228,160,1
92,233,164,1
93,234,48,0
94,235,165,1
95,243,173,1
96,246,175,0
97,247,125,1
98,248,176,1
99,256,100,1
100,257,180,1
101,259,52,0
102,260,181,0
103,264,19,0
104,265,183,1
105,266,184,1
106,268,186,0
107,271,17,1
108,279,193,1
109,280,194,1
110,283,165,1
111,284,195,1
112,285,196,0
113,295,203,0
114,302,32,0
115,304,208,0
116,307,82,1
117,309,115,0
118,310,210,1
119,311,211,1
120,313,65,0
121,319,214,1
122,324,41,0
123,329,214,0
124,336,72,0
125,337,32,0
126,341,18,0
127,345,32,0
128,347,189,1
129,352,228,1
130,361,149,0
131,363,101,1
132,364,231,0
133,366,43,1
134,367,232,1
135,369,235,0
136,371,158,0
137,375,0,0
138,379,240,1
139,242,241,1
140,384,242,0
141,385,243,1
142,387,111,0
143,389,91,0
144,390,32,0
145,392,41,0
146,393,246,0
147,394,176,1
148,397,247,1
149,401,39,0
150,403,100,1
151,412,252,1
152,413,86,0
153,417,255,0
154,421,257,0
155,425,39,1
156,426,48,0
157,442,19,0
158,449,269,1
159,450,155,0
160,451,270,1
161,454,271,1
162,456,82,1
163,458,273,1
164,461,274,0
165,462,264,1
166,464,187,1
167,467,278,1
168,468,279,1
169,469,242,1
170,471,246,0
171,477,281,0
172,484,286,0
173,485,287,0
174,488,100,1
175,491,27,1
176,494,290,0
177,496,40,0
178,498,242,1
179,500,228,1
180,504,18,0
181,509,0,0
182,518,299,0
183,523,50,1
184,524,106,1
185,525,300,1
186,527,27,0
187,528,301,1
188,530,32,0
189,534,52,0
190,537,304,1
191,541,306,0
192,542,43,1
193,546,48,0
194,555,313,1
195,556,40,1
196,558,315,1
197,559,44,0
198,568,173,1
199,573,322,1
200,578,16,1
201,581,312,0
202,582,326,1
203,585,327,1
204,320,228,1
205,591,0,0
206,168,329,1
207,601,332,0
208,602,333,0
209,609,6,1
210,610,26,1
211,611,335,1
212,612,86,0
213,621,100,1
214,622,0,0
215,624,337,1
216,632,175,0
217,634,89,1
218,636,242,1
219,639,343,1
220,641,103,1
221,644,34,0
222,647,345,0
223,651,101,0
224,656,89,1
225,657,39,0
226,660,349,1
227,661,34,1
228,662,350,1
229,664,47,1
230,665,351,0
231,666,39,1
232,667,352,0
233,677,356,1
234,678,95,1
235,680,242,0
236,681,0,0
237,683,19,1
238,685,358,0
239,686,359,0
240,688,361,0
241,694,89,1
242,695,47,1
243,697,32,0
244,700,366,0
245,707,41,0
246,708,370,1
247,709,0,0
248,712,372,1
249,713,219,1
250,332,89,1
251,714,19,1
252,722,187,0
253,727,44,0
254,728,377,0
255,558,160,0
256,735,39,1
257,737,380,1
258,740,381,0
259,741,160,1
260,743,383,1
261,748,286,0
262,751,386,0
263,754,86,1
264,761,228,1
265,762,391,1
266,767,17,0
267,768,90,0
268,771,394,0
269,302,15,1
270,774,0,0
271,775,189,1
272,780,86,0
273,782,82,1
274,787,39,1
275,49,219,0
276,789,72,0
277,790,343,1
278,791,105,1
279,797,48,0
280,799,19,1
281,800,248,0
282,801,400,1
283,749,401,1
284,804,402,1
285,807,246,0
286,809,404,0
287,813,400,0
288,814,50,1
289,288,32,1
290,818,243,1
291,242,407,1
292,820,237,0
293,822,408,0
294,826,410,0
295,829,412,0
296,832,414,1
297,320,26,1
298,839,19,1
299,840,344,1
300,841,53,1
301,843,27,0
302,242,422,1
303,850,242,0
304,853,40,1
305,854,343,1
306,855,424,1
307,858,52,0
308,865,73,1
309,866,320,1
310,870,247,1
311,874,429,0
312,879,82,1
313,882,41,0
314,884,219,1
315,887,431,1
316,891,0,0
317,892,431,1
318,893,432,0
319,894,0,0
320,895,433,1
321,896,232,0
322,898,19,0
323,902,135,1
324,903,48,0
325,906,195,0
326,909,52,0
327,912,439,1
328,913,26,1
329,918,40,1
330,919,242,1
331,921,99,1
332,922,242,1
333,924,47,1
334,926,442,0
335,930,41,0
336,931,402,1
337,937,243,1
338,938,90,1
339,939,228,1
340,481,448,1
341,941,449,1
342,946,18,0
343,948,307,1
344,949,17,0
345,951,101,0
346,953,454,0
347,954,455,1
348,955,196,0
349,957,457,0
350,958,247,1
351,332,242,1
352,965,155,1
353,969,72,1
354,972,39,1
355,973,460,0
356,977,461,0
357,982,82,1
358,983,464,0
359,987,129,0
360,991,39,0
361,995,100,1
362,996,115,0
363,997,47,0
364,999,17,0
365,1000,189,1
366,1001,468,0
367,1004,126,1
368,417,470,0
369,1010,155,0
370,302,40,1
371,1012,472,1
372,685,473,0
373,221,475,0
374,1013,0,0
375,1015,155,0
376,1016,476,0
377,1017,0,0
378,1021,60,0
379,1022,477,0
380,1023,17,0
381,1024,343,1
382,1025,478,1
383,1027,479,1
384,1028,40,1
385,1029,480,0
386,1030,17,0
387,1031,48,0
388,1032,442,0
389,1034,100,1
390,1035,115,0
391,1036,481,1
392,1037,120,1
393,1040,17,0
394,1041,483,0
395,1044,0,0
396,1047,43,0
397,1054,189,1
398,97,6,1
399,943,488,0
400,1059,489,0
401,1060,43,1
402,159,72,1
403,1063,301,1
404,1064,167,1
405,1066,82,1
406,1073,237,0
407,1078,492,0
408,546,197,0
409,1082,494,0
410,1088,19,1
411,1094,497,1
412,1096,86,0
413,1097,499,1
414,1102,43,0
415,1104,502,0
416,1105,503,0
417,1107,40,1
418,1109,504,1
419,1112,443,0
420,1114,505,0
421,1116,32,0
422,564,19,1
423,1120,237,1
424,1121,39,0
425,1124,510,1
426,1127,82,1
427,957,16,0
428,1131,112,1
429,1133,260,0
430,1134,439,1
431,1137,214,0
432,1140,343,1
433,1143,95,1
434,1144,17,0
435,1146,111,0
436,1153,412,0
437,1156,155,0
438,1157,242,0
439,1158,189,1
440,1160,431,1
441,1168,307,0
442,1177,16,0
443,1180,431,1
444,1182,392,0
445,1189,527,1
446,1190,78,1
447,1192,52,0
448,1195,402,0
449,1197,529,1
450,1199,126,1
451,1200,352,0
452,1201,187,1
453,498,5,0
454,1207,52,0
455,1211,47,1
456,1212,112,1
457,1213,242,0
458,1216,532,1
459,1218,14,1
460,1220,533,1
461,996,189,1
462,1223,18,0
463,1224,32,0
464,1225,535,0
465,1232,343,1
466,1234,0,0
467,1236,412,0
468,1237,232,1
469,1242,402,1
470,1244,537,0
471,930,478,1
472,1245,17,0
473,1247,544,0
474,1253,73,0
475,807,546,1
476,1256,547,0
477,1257,111,0
478,1265,552,1
479,1267,554,0
480,1268,555,0
481,1220,556,0
482,1271,100,1
483,1273,115,1
484,1274,546,1
485,1275,60,1
486,1279,60,0
487,1280,93,0
488,47,40,1
489,268,360,0
490,1290,564,0
491,1291,95,0
492,1292,326,0
493,1293,566,1
494,1294,18,0
495,1297,455,0
496,1301,567,0
497,1302,568,1
498,1303,569,0
499,234,0,0
500,1306,39,1
501,633,17,0
502,1317,572,1
503,1319,60,0
504,1320,26,1
505,1323,574,0
506,1324,100,1
507,1325,575,0
508,1326,576,0
509,1327,40,1
510,1329,577,1
511,624,17,0
512,1330,533,1
513,1331,578,0
514,964,579,1
515,1336,580,0
516,1337,0,0
517,1338,22,1
518,1340,40,1
519,1343,547,0
520,1344,17,0
521,1345,106,1
522,1348,582,0
523,1350,32,0
524,1353,195,0
525,1354,583,0
526,1357,301,1
527,1358,60,0
528,1359,584,0
529,1361,585,1
530,1363,32,0
531,1364,95,1
532,48,21,0
533,1365,32,0
534,1366,320,1
535,1369,587,0
536,1195,10,0
537,651,16,1
538,592,39,1
539,1382,592,1
540,1388,593,0
541,1389,48,0
542,1391,32,0
543,1392,17,0
544,1395,278,1
545,1398,26,1
546,1400,22,1
547,1401,91,0
548,1402,597,1
549,1403,26,1
550,1405,48,0
551,1406,552,1
552,1407,598,0
553,1410,158,0
554,1415,73,1
555,1418,40,1
556,1421,442,0
557,1423,17,0
558,1426,0,0
559,242,242,1
560,1429,228,1
561,1431,104,1
562,1433,100,0
563,1440,219,1
564,624,278,1
565,1443,18,0
566,1444,100,0
567,1445,91,0
568,1449,605,0
569,1450,407,1
570,1451,606,1
571,1458,266,1
572,943,242,0
573,1460,242,0
574,1461,477,0
575,1462,402,1
576,1464,95,1
577,1466,181,0
578,1467,0,1
579,1471,17,0
580,1472,0,0
581,1473,346,0
582,1475,40,1
583,1477,0,0
584,1481,16,1
585,1482,100,1
586,1486,47,1
587,1488,431,1
588,1489,343,0
589,1491,612,0
590,1495,0,0
591,1500,343,1
592,1503,321,1
593,1505,189,1
594,1507,52,0
595,1511,546,0
596,1518,616,0
597,284,0,0
598,1522,618,1
599,1524,126,1
600,1530,619,1
601,1531,620,1
602,1533,18,0
603,1535,343,1
604,1538,189,1
605,48,266,0
606,1540,622,0
607,1542,623,0
608,1543,82,1
609,1544,472,1
610,242,627,1
611,1553,343,1
612,1555,0,0
613,1556,51,1
614,20,90,1
615,661,101,0
616,1557,243,1
617,1559,89,1
618,1560,629,1
619,1565,106,1
620,1566,89,1
621,1570,631,1
622,1573,165,1
623,1577,39,0
624,1578,156,0
625,1580,633,1
626,1581,91,0
627,1583,173,1
628,1029,300,1
629,1585,219,1
630,1589,598,0
631,1030,566,1
632,1591,636,0
633,1594,620,1
634,1595,221,0
635,1600,78,1
636,1604,642,1
637,1605,343,0
638,1607,643,0
639,1608,510,1
640,1609,17,0
641,1611,100,1
642,1619,40,0
643,955,644,1
644,1620,100,1
645,1624,99,1
646,1625,39,1
647,1626,193,1
648,1628,433,1
649,1629,242,0
650,1630,210,1
651,1632,645,1
652,1638,400,0
653,1639,29,0
654,1640,66,0
655,1641,196,0
656,1642,647,0
657,1644,24,0
658,1648,649,1
659,1650,650,0
660,1651,17,0
661,1653,40,1
662,1659,242,1
663,1662,654,1
664,1664,26,0
665,1667,645,0
666,1669,126,1
667,1672,215,0
668,1336,658,1
669,1675,266,0
670,20,129,1
671,1683,101,1
672,1687,242,1
673,1688,0,0
674,1690,135,0
675,1694,173,1
676,1700,82,1
677,168,243,1
678,182,47,1
679,1704,32,0
680,1706,101,0
681,268,173,0
682,1711,334,1
683,871,52,0
684,999,0,0
685,1722,402,1
686,1723,669,0
687,1725,18,0
688,1726,125,1
689,1728,429,1
690,1628,313,0
691,1735,439,0
692,1737,269,1
693,1739,424,1
694,1740,15,1
695,1741,34,1
696,1744,672,0
697,1745,402,1
698,1746,99,1
699,1162,160,1
700,1748,100,1
701,1753,149,0
702,1755,269,1
703,491,34,1
704,1764,675,0
705,1765,160,0
706,35,242,0
707,1766,52,0
708,1767,237,1
709,1102,677,0
710,1770,678,0
711,1772,129,1
712,1775,505,0
713,1777,78,1
714,1779,73,1
715,1780,86,0
716,1787,682,1
717,1789,329,0
718,1790,17,0
719,1792,17,0
720,1793,13,0
721,1795,126,1
722,1798,15,1
723,1801,0,0
724,1802,687,1
725,1804,100,1
726,1806,689,0
727,1466,129,1
728,1808,546,1
729,1812,39,0
730,1815,184,1
731,49,691,0
732,1818,93,1
733,1821,442,0
734,1823,692,1
735,215,693,0
736,1825,40,1
737,1827,32,0
738,1828,18,0
739,1834,260,1
740,1836,343,1
741,1840,43,1
742,1842,126,1
743,1846,91,0
744,1848,577,1
745,215,702,0
746,1849,473,1
747,1853,149,0
748,1859,402,1
749,160,681,0
750,1869,57,1
751,1870,128,0
752,1873,0,0
753,1879,73,1
754,516,19,1
755,829,40,1
756,1884,18,0
757,1885,0,0
758,1888,52,0
759,288,689,0
760,1890,457,1
761,1893,705,0
762,1895,73,1
763,1901,620,1
764,1902,210,1
765,1905,708,0
766,1906,587,0
767,1683,160,1
768,1146,163,1
769,1913,158,1
770,1914,372,1
771,1915,0,0
772,1917,710,1
773,1918,129,1
774,481,711,1
775,1920,343,1
776,1921,17,0
777,1899,242,1
778,1922,712,1
779,1925,39,1
780,1927,26,1
781,1933,101,0
782,1945,40,1
783,1946,443,0
784,1948,717,1
785,546,515,0
786,1950,718,0
787,471,546,1
788,1955,678,0
789,481,242,1
790,1556,235,1
791,1962,320,1
792,1964,82,1
793,1965,242,1
794,1975,402,0
795,1976,429,1
796,1978,125,1
797,1980,235,0
798,581,320,0
799,1983,15,1
800,1987,711,1
801,1988,32,0
802,1989,78,1
803,1990,15,1
804,1991,40,1
805,1993,547,1
806,1996,723,0
807,2001,39,1
808,2004,189,1
809,2006,39,1
810,2014,150,1
811,2015,372,1
812,2016,60,0
813,2020,82,1
814,2021,43,1
815,2023,40,1
816,2024,575,0
817,2026,673,0
818,2027,126,1
819,2030,189,1
820,2031,732,1
821,2032,15,1
822,2033,112,1
823,2035,260,0
824,2040,13,0
825,2043,343,1
826,2051,129,1
827,2052,584,0
828,2057,89,0
829,2058,736,1
830,2061,101,0
831,2062,737,1
832,2067,271,1
833,2069,100,1
834,2073,208,0
835,2074,17,0
836,2075,740,0
837,2077,40,1
838,2081,235,1
839,242,95,1
840,2083,542,1
841,621,599,1
842,2084,149,0
843,2087,709,0
844,2090,741,1
845,1036,175,0
846,2093,214,0
847,6,709,1
848,1734,742,0
849,2097,91,0
850,2099,242,0
851,2100,60,0
852,2101,53,1
853,2104,40,1
854,2106,402,1
855,2108,48,0
856,2109,424,1
857,2110,402,0
858,1304,100,1
859,2115,48,0
860,2116,278,1
861,2118,17,0
862,2119,129,1
863,2120,103,1
864,2121,744,1
865,2122,242,0
866,2124,103,1
867,2125,128,0
868,227,574,0
869,458,242,0
870,796,460,0
871,2135,196,0
872,2136,34,1
873,2137,17,0
874,242,219,1
875,2143,750,1
876,1705,17,0
877,2148,193,1
878,2151,583,0
879,696,752,1
880,2153,753,0
881,2154,16,0
882,2155,60,0
883,2156,155,1
884,2157,242,0
885,2158,111,0
886,2162,495,0
887,2164,32,0
888,2165,361,0
889,2166,196,0
890,2167,269,1
891,2172,741,1
892,2174,675,1
893,2175,129,1
894,2177,210,1
895,1401,86,1
896,2186,687,1
897,1849,128,0
898,2190,17,0
899,2198,189,1
900,2199,259,1
901,999,193,1
902,2201,210,1
903,2204,86,0
904,49,95,0
905,1370,606,1
906,2026,763,0
907,2210,764,0
908,2214,52,0
909,2218,626,1
910,2227,412,0
911,2229,126,1
912,1870,767,0
913,2233,95,1
914,2238,125,1
915,1085,43,0
916,2243,228,0
917,2245,772,1
918,2248,52,0
919,2249,98,0
920,1848,575,0
921,2253,773,0
922,2110,106,0
923,156,128,0
924,2255,0,0
925,2061,34,0
926,471,547,0
927,223,106,1
928,2263,26,0
929,2264,111,0
930,2266,66,0
931,2274,407,0
932,2275,329,0
933,2276,235,0
934,2278,15,1
935,2280,426,0
936,2087,259,0
937,2283,741,1
938,2285,32,0
939,2287,189,1
940,1328,0,0
941,2295,39,1
942,2298,115,0
943,2301,5,1
944,2303,18,0
945,2308,32,0
946,2311,533,1
947,2312,228,0
948,2313,779,1
949,2314,780,0
950,2315,17,0
951,2316,620,0
952,2317,742,0
953,288,412,1
954,2319,78,0
955,2322,86,0
956,2324,329,1
957,2325,91,0
958,2326,764,0
959,2328,39,1
960,2329,18,0
961,2331,781,1
962,2336,547,0
963,2340,237,1
964,2341,196,0
965,2343,40,1
966,1109,17,0
967,2347,546,1
968,2349,189,1
969,150,34,1
970,2353,266,0
971,2356,412,0
972,2365,105,1
973,2367,542,1
974,2369,163,1
975,26,345,1
976,268,537,0
977,2375,40,1
978,291,581,1
979,2379,741,1
980,2380,34,1
981,2381,793,0
982,2384,40,1
983,2390,52,0
984,2391,100,1
985,2399,131,0
986,2404,187,1
987,1962,5,0
988,16,44,0
989,2057,687,1
990,2155,577,1
991,366,798,1
992,2407,32,0
993,2408,264,1
994,2301,43,1
995,2413,118,1
996,2416,246,0
997,2417,242,0
998,2418,800,0
999,1718,22,0
1000,288,598,1
1001,2422,219,1
1002,2427,219,0
1003,2428,286,0
1004,2429,802,0
1005,2430,19,1
1006,2431,26,1
1007,1890,101,1
1008,2434,27,1
1009,2435,40,1
1010,1405,806,1
1011,2438,115,0
1012,2439,86,0
1013,2325,86,0
1014,1765,27,0
1015,2441,90,1
1016,2443,155,0
1017,1283,539,0
1018,2448,90,0
1019,2452,673,0
1020,1627,300,1
1021,242,810,1
1022,1022,797,0
1023,2105,812,0
1024,2458,18,0
1025,2460,243,1
1026,2462,813,1
1027,2465,18,0
1028,2466,219,1
1029,2467,39,1
1030,2470,39,0
1031,2471,816,0
1032,589,817,0
1033,2472,95,1
1034,1348,412,0
1035,2475,819,0
1036,2477,39,0
1037,2478,219,1
1038,2480,0,0
1039,2483,189,1
1040,2484,90,0
1041,1032,797,1
1042,2485,361,0
1043,2488,34,1
1044,2489,771,0
1045,2490,18,0
1046,2491,129,1
1047,2493,457,0
1048,1762,19,1
1049,2496,126,1
1050,900,242,1
1051,2500,32,0
1052,2502,286,0
1053,1909,806,1
1054,2504,155,1
1055,2510,402,0
1056,2516,242,1
1057,2519,19,1
1058,2522,243,1
1059,2523,30,1
1060,2526,34,1
1061,2531,358,1
1062,2534,825,1
1063,2536,412,0
1064,49,826,0
1065,2538,86,1
1066,2542,404,0
1067,288,692,0
1068,2543,231,0
1069,2548,598,0
1070,2485,547,0
1071,2550,260,0
1072,2551,827,0
1073,2155,575,0
1074,2554,39,1
1075,2555,807,1
1076,2556,404,0
1077,2557,72,0
1078,2559,34,1
1079,2566,242,1
1080,2567,40,1
1081,156,214,0
1082,2571,685,1
1083,2576,832,0
1084,2580,27,0
1085,2585,504,1
1086,2586,189,1
1087,2590,503,1
1088,2591,41,0
1089,2595,48,0
1090,2596,304,1
1091,2597,402,1
1092,2598,429,1
1093,2599,17,0
1094,1244,834,0
1095,2605,315,1
1096,97,835,0
1097,1542,22,0
1098,2609,18,0
1099,2613,41,0
1100,2615,836,1
1101,2617,39,1
1102,2622,228,1
1103,2623,39,1
1104,2624,100,1
1105,268,692,0
1106,2625,196,0
1107,2626,82,1
1108,2615,839,0
1109,2565,840,1
1110,2628,15,1
1111,2630,39,1
1112,242,841,1
1113,2280,377,0
1114,2613,842,1
1115,686,43,0
1116,2637,476,0
1117,688,547,0
1118,2638,100,1
1119,2639,0,0
1120,2640,534,1
1121,2642,104,1
1122,2643,843,0
1123,2644,343,1
1124,2645,112,1
1125,508,844,0
1126,2650,247,1
1127,943,845,0
1128,2655,29,0
1129,2656,135,1
1130,2657,40,1
1131,2662,219,1
1132,1438,846,1
1133,2666,0,1
1134,2670,235,0
1135,2673,326,0
1136,2674,160,0
1137,2675,264,1
1138,2676,18,0
1139,485,678,0
1140,2677,32,0
1141,2678,86,1
1142,2680,402,1
1143,2684,40,1
1144,2686,737,1
1145,1336,477,0
1146,2691,155,1
1147,2692,242,1
1148,2693,100,1
1149,1787,536,0
1150,2694,850,0
1151,2698,231,0
1152,2704,853,0
1153,2115,19,1
1154,2710,50,1
1155,1328,48,0
1156,2712,650,1
1157,2717,91,0
1158,2722,39,1
1159,2724,17,0
1160,2726,52,0
1161,2727,32,0
1162,643,654,1
1163,2733,857,1
1164,2738,441,1
1165,2739,859,1
1166,2743,197,0
1167,2745,861,0
1168,1767,305,0
1169,2747,13,0
1170,2748,326,0
1171,1249,343,1
1172,2593,606,1
1173,2751,547,0
1174,2752,32,0
1175,2756,41,0
1176,2758,129,1
1177,2759,94,0
1178,2761,17,0
1179,2762,160,1
1180,2767,129,1
1181,2771,17,0
1182,2773,52,0
1183,2775,718,0
1184,2777,542,1
1185,2781,94,1
1186,2784,870,1
1187,2785,34,0
1188,2787,0,0
1189,2790,86,0
1190,1628,431,1
1191,2792,39,0
1192,2794,546,1
1193,55,242,0
1194,2798,104,1
1195,2800,875,0
1196,2801,155,1
1197,2800,372,1
1198,2810,91,0
1199,2812,100,1
1200,2813,125,1
1201,2815,39,1
1202,2816,546,1
1203,2817,269,1
1204,2818,260,0
1205,2311,878,1
1206,922,22,1
1207,2827,542,1
1208,2828,60,0
1209,2831,53,1
1210,2834,345,0
1211,798,880,0
1212,1597,47,1
1213,2837,386,0
1214,2838,214,0
1215,1118,90,1
1216,2844,32,0
1217,2846,135,1
1218,2110,47,1
1219,1089,824,0
1220,1779,18,0
1221,1283,90,1
1222,2858,73,1
1223,2859,51,1
1224,2861,189,1
1225,1457,709,0
1226,2555,626,1
1227,2867,82,1
1228,2868,57,0
1229,1191,566,1
1230,2874,237,0
1231,464,43,0
1232,2878,94,1
1233,2882,235,1
1234,2883,335,0
1235,2887,26,1
1236,2889,890,0
1237,1870,320,1
1238,2893,40,1
1239,2894,100,1
1240,2907,34,0
1241,2915,126,1
1242,2918,40,1
1243,2921,52,0
1244,740,503,1
1245,715,82,1
1246,2927,899,0
1247,2928,900,0
1248,2933,214,0
1249,2934,750,1
1250,964,197,0
1251,2937,0,0
1252,454,412,0
1253,2943,902,0
1254,1359,323,0
1255,1189,689,0
1256,2946,260,0
1257,2947,546,1
1258,2608,39,1
1259,2950,412,0
1260,2951,219,1
1261,2955,189,1
1262,2956,904,0
1263,2958,905,0
1264,2960,768,0
1265,2961,17,0
1266,2964,906,0
1267,708,0,0
1268,2967,101,0
1269,2973,910,0
1270,2977,60,0
1271,2978,99,1
1272,210,89,1
1273,2984,86,0
1274,2987,126,1
1275,2990,21,1
1276,2995,240,1
1277,2996,460,0
1278,2997,86,0
1279,2998,682,1
1280,1628,914,1
1281,3003,100,1
1282,3005,345,1
1283,1557,329,1
1284,3006,208,0
1285,3007,582,0
1286,20,836,1
1287,3022,60,1
1288,3024,11,0
1289,3025,225,1
1290,3027,732,1
1291,3030,32,0
1292,3033,320,0
1293,3035,115,0
1294,48,167,0
1295,2679,917,0
1296,2625,402,0
1297,3044,918,0
1298,3046,100,1
1299,3047,18,0
1300,3049,921,1
1301,3051,833,1
1302,3056,43,1
1303,3058,18,0
1304,3063,13,0
1305,3067,922,0
1306,3072,402,1
1307,1890,34,1
1308,3080,89,0
1309,3082,160,1
1310,3083,431,1
1311,288,15,1
1312,2005,539,0
1313,3087,675,1
1314,2434,34,1
1315,3089,32,0
1316,3093,925,1
1317,3096,131,0
1318,3097,149,0
1319,3099,101,0
1320,3105,391,0
1321,3109,927,1
1322,3111,52,0
1323,3112,326,0
1324,3113,345,1
1325,1102,242,0
1326,3115,247,1
1327,3121,155,0
1328,3123,19,1
1329,3125,82,1
1330,3127,478,0
1331,3128,173,1
1332,3129,26,1
1333,3133,78,1
1334,3139,125,0
1335,1044,189,1
1336,3143,322,0
1337,3145,931,1
1338,3151,91,1
1339,1672,932,1
1340,3153,17,0
1341,3156,176,1
1342,3157,555,0
1343,3158,618,1
1344,3159,165,1
1345,5,934,0
1346,3164,6,1
1347,2699,14,0
1348,3168,834,0
1349,3169,936,1
1350,3170,681,0
1351,3171,51,1
1352,283,189,1
1353,3177,39,0
1354,3178,938,1
1355,3180,246,0
1356,3181,260,1
1357,3164,835,0
1358,3192,73,1
1359,3193,89,0
1360,3195,483,1
1361,3197,57,1
1362,3198,939,1
1363,3199,654,1
1364,1683,34,1
1365,3207,326,0
1366,320,91,0
1367,3209,13,1
1368,2615,19,1
1369,3211,287,0
1370,302,941,1
1371,3143,942,1
1372,3212,176,1
1373,3213,677,1
1374,843,16,0
1375,3217,945,0
1376,3221,115,0
1377,3225,947,1
1378,3226,189,1
1379,3227,129,1
1380,3228,402,1
1381,3236,547,0
1382,3237,225,1
1383,3239,47,1
1384,3242,18,0
1385,3244,949,1
1386,3130,39,0
1387,3247,0,0
1388,454,737,1
1389,589,128,0
1390,3259,39,1
1391,3262,18,0
1392,3263,361,1
1393,3265,5,0
1394,3273,155,0
1395,3274,329,0
1396,3275,235,0
1397,3280,17,0
1398,212,208,0
1399,3285,0,0
1400,3288,219,1
1401,3292,345,0
1402,1659,627,1
1403,3294,957,0
1404,3297,34,1
1405,1094,958,1
1406,3300,343,1
1407,3303,34,1
1408,1389,959,1
1409,3308,583,0
1410,2751,246,1
1411,1369,507,0
1412,2734,41,0
1413,1029,961,0
1414,3315,43,1
1415,3316,184,0
1416,2243,26,1
1417,1695,962,0
1418,3321,401,1
1419,3323,48,0
1420,168,260,1
1421,3325,41,0
1422,3330,13,0
1423,3332,429,1
1424,3334,82,1
1425,3340,32,0
1426,3341,965,1
1427,1505,131,0
1428,3342,115,0
1429,20,181,1
1430,481,627,1
1431,2861,48,0
1432,3347,334,1
1433,3355,947,1
1434,3356,39,1
1435,3358,91,0
1436,3360,90,1
1437,3362,60,0
1438,3364,158,0
1439,3366,232,1
1440,1029,121,1
1441,3372,39,1
1442,1095,971,1
1443,3170,214,0
1444,3373,100,1
1445,3374,242,0
1446,3375,86,1
1447,3377,73,1
1448,3378,689,0
1449,3383,412,0
1450,3264,402,0
1451,242,972,1
1452,288,40,0
1453,1767,626,1
1454,1870,974,1
1455,3390,975,0
1456,685,95,0
1457,3393,247,1
1458,1628,976,0
1459,869,977,0
1460,3394,89,0
1461,3397,91,0
1462,2727,40,1
1463,3400,160,1
1464,2866,32,1
1465,3405,685,1
1466,3406,41,1
1467,3409,40,1
1468,3412,455,1
1469,28,315,1
1470,3414,90,0
1471,1764,326,1
1472,3423,673,0
1473,1225,517,0
1474,3426,60,0
1475,3430,43,1
1476,3431,231,0
1477,3433,345,0
1478,1107,32,0
1479,3437,685,1
1480,2810,86,1
1481,3441,32,0
1482,3443,242,1
1483,3444,47,1
1484,3445,95,1
1485,3446,361,0
1486,2253,32,1
1487,3449,39,0
1488,3450,232,1
1489,3451,361,0
1490,3452,19,1
1491,3457,112,0
1492,3460,692,0
1493,3462,0,0
1494,3466,648,0
1495,3467,259,1
1496,3469,242,1
1497,3470,17,0
1498,3471,13,0
1499,3473,101,0
1500,1578,165,1
1501,3475,40,1
1502,3478,242,1
1503,3479,82,1
1504,3482,66,1
1505,509,48,0
1506,3485,18,0
1507,3488,90,0
1508,2311,494,1
1509,3492,176,1
1510,3496,100,1
1511,242,31,1
1512,3500,32,0
1513,338,372,1
1514,3501,658,0
1515,3502,460,0
1516,3503,278,1
1517,3505,155,1
1518,3506,32,0
1519,3507,242,1
1520,3510,165,1
1521,3511,34,1
1522,3515,155,0
1523,2156,812,0
1524,1189,771,1
1525,589,273,0
1526,3517,673,1
1527,3522,48,0
1528,1870,504,1
1529,3524,575,0
1530,3525,16,1
1531,3529,189,1
1532,3531,0,0
1533,3532,131,0
1534,3533,431,1
1535,3535,354,0
1536,3536,938,0
1537,3537,443,1
1538,3355,750,0
1539,3539,0,0
1540,3540,0,0
1541,3541,91,1
1542,3543,210,1
1543,3544,48,0
1544,16,32,0
1545,1361,231,0
1546,3549,478,1
1547,3551,39,1
1548,48,988,0
1549,1603,121,1
1550,3554,742,0
1551,3556,764,0
1552,2177,17,0
1553,3557,286,0
1554,302,412,0
1555,243,24,0
1556,469,187,0
1557,3564,47,1
1558,3567,89,1
1559,3569,155,1
1560,3570,115,0
1561,2255,991,1
1562,3572,72,1
1563,3573,813,1
1564,840,335,0
1565,3574,907,0
1566,1461,322,0
1567,3581,210,1
1568,2259,414,1
1569,3583,344,1
1570,3586,225,1
1571,3272,95,1
1572,3587,101,0
1573,3588,18,0
1574,2646,17,0
1575,320,104,1
1576,943,994,0
1577,3596,687,1
1578,3597,274,0
1579,3598,772,1
1580,949,48,0
1581,201,26,1
1582,3602,995,0
1583,3606,112,0
1584,3607,997,0
1585,3611,17,0
1586,3612,219,1
1587,3613,86,0
1588,3614,17,0
1589,3619,999,1
1590,2752,15,1
1591,3623,18,0
1592,279,48,0
1593,156,711,1
1594,3631,47,1
1595,3632,18,0
1596,3633,100,0
1597,3634,473,1
1598,3636,39,1
1599,3641,160,0
1600,3643,247,1
1601,3644,533,1
1602,2313,1003,0
1603,3649,0,0
1604,3651,1004,1
1605,1723,399,1
1606,3655,27,0
1607,242,1005,1
1608,3660,412,0
1609,3662,243,1
1610,943,208,0
1611,3664,126,1
1612,3665,215,0
1613,3668,99,1
1614,3669,41,1
1615,2452,32,0
1616,3674,86,0
1617,871,100,1
1618,20,1008,1
1619,3675,32,0
1620,3056,196,0
1621,3686,126,1
1622,160,460,1
1623,3688,60,0
1624,3693,160,1
1625,3694,48,0
1626,20,743,0
1627,3696,13,0
1628,3697,301,1
1629,3701,972,1
1630,3703,228,0
1631,3705,426,0
1632,268,1009,0
1633,3707,0,0
1634,3709,307,1
1635,3716,72,1
1636,3721,52,0
1637,1775,1011,1
1638,3722,542,0
1639,1790,48,0
1640,1695,412,0
1641,839,743,0
1642,3726,546,1
1643,3730,1012,1
1644,214,678,0
1645,1917,1013,1
1646,3735,239,1
1647,3736,187,0
1648,3737,40,1
1649,3738,104,1
1650,3740,17,0
1651,2502,442,0
1652,3583,149,0
1653,1854,627,1
1654,3755,269,1
1655,2717,57,1
1656,1740,44,0
1657,3757,334,1
1658,3758,460,0
1659,3762,361,1
1660,2274,1018,0
1661,3123,743,1
1662,2491,19,1
1663,3765,126,1
1664,3766,1019,1
1665,699,399,1
1666,3770,44,0
1667,3771,17,0
1668,2130,48,0
1669,454,622,0
1670,3776,82,1
1671,3777,40,1
1672,3778,86,1
1673,3782,40,1
1674,283,131,0
1675,3784,34,1
1676,3788,100,1
1677,3789,17,1
1678,3791,193,1
1679,1291,242,0
1680,3794,101,0
1681,3795,176,1
1682,3796,228,1
1683,3799,131,0
1684,1344,32,0
1685,3800,0,0
1686,1635,247,1
1687,3803,18,0
1688,3804,343,1
1689,3805,0,0
1690,242,278,1
1691,3809,17,0
1692,3810,1020,1
1693,1056,743,0
1694,642,159,0
1695,3813,269,1
1696,3822,210,1
1697,3825,1021,1
1698,3828,40,1
1699,3709,391,0
1700,3834,125,1
1701,3835,13,0
1702,3838,464,0
1703,3841,813,1
1704,3843,214,0
1705,3845,460,0
1706,2979,242,0
1707,3169,337,1
1708,3848,965,1
1709,3849,1012,1
1710,3853,44,0
1711,3854,536,1
1712,3860,673,0
1713,3864,343,1
1714,481,1026,1
1715,3867,741,1
1716,3868,39,1
1717,3871,618,1
1718,3874,547,0
1719,3878,399,0
1720,3881,17,0
1721,3890,39,1
1722,3891,125,1
1723,20,242,0
1724,3894,343,1
1725,3896,176,1
1726,3904,101,0
1727,3123,90,1
1728,1909,17,0
1729,3526,231,0
1730,47,412,0
1731,3914,936,1
1732,943,404,0
1733,3920,195,0
1734,3469,320,1
1735,3924,0,0
1736,1344,193,1
1737,3934,101,0
1738,3935,424,1
1739,3228,689,0
1740,3936,153,0
1741,3939,1038,1
1742,3090,431,1
1743,3942,1040,1
1744,3944,43,0
1745,3945,1043,0
1746,3949,50,1
1747,288,271,0
1748,3951,489,0
1749,3953,101,0
1750,3954,539,0
1751,3955,189,1
1752,3957,1044,1
1753,3959,189,1
1754,3964,32,0
1755,2560,242,1
1756,3968,391,0
1757,490,26,0
1758,3707,134,1
1759,3001,39,1
1760,2456,39,0
1761,200,48,0
1762,3976,1050,1
1763,3977,95,1
1764,2963,402,1
1765,2280,41,0
1766,3978,17,0
1767,3980,160,1
1768,3983,176,1
1769,3984,149,0
1770,320,675,1
1771,3990,242,0
1772,3991,813,1
1773,1195,1051,0
1774,766,1052,0
1775,1025,48,0
1776,3995,214,0
1777,3998,131,0
1778,3999,26,1
1779,873,41,0
1780,2346,0,0
1781,4005,16,1
1782,4006,189,1
1783,4010,175,0
1784,4013,126,1
1785,4014,40,1
1786,4017,293,1
1787,4020,48,0
1788,242,460,1
1789,2493,1021,1
1790,2143,286,0
1791,4022,530,1
1792,4023,1055,0
1793,4026,515,0
1794,4029,126,1
1795,4031,1057,0
1796,4035,160,1
1797,2278,40,1
1798,4038,126,1
1799,4039,687,1
1800,4040,126,1
1801,48,32,0
1802,194,0,0
1803,4042,149,0
1804,3077,0,0
1805,1530,63,0
1806,4048,286,0
1807,556,32,0
1808,4053,47,0
1809,3897,243,1
1810,4054,401,1
1811,2445,580,0
1812,383,104,1
1813,1220,111,0
1814,4067,101,0
1815,4068,39,1
1816,3652,100,1
1817,1420,48,0
1818,4072,682,0
1819,4087,259,1
1820,4094,39,1
1821,1184,39,0
1822,4097,337,1
1823,2210,918,0
1824,3264,904,0
1825,4101,126,1
1826,4107,813,1
1827,4108,210,1
1828,1331,149,0
1829,2278,118,0
1830,1440,1067,1
1831,4112,472,1
1832,4113,941,1
1833,4114,39,1
1834,4115,189,1
1835,4120,18,0
1836,5,269,1
1837,3044,158,0
1838,516,743,0
1839,4123,431,1
1840,4129,101,0
1841,4131,39,0
1842,4133,60,0
1843,4134,301,1
1844,2548,941,1
1845,4135,381,0
1846,4136,189,1
1847,4137,1070,0
1848,4139,47,1
1849,2778,189,1
1850,4144,32,0
1851,1683,1071,1
1852,4145,32,0
1853,3618,392,0
1854,4147,48,0
1855,2230,574,0
1856,784,334,1
1857,4150,0,0
1858,2024,60,0
1859,2841,197,0
1860,3878,391,0
1861,1945,65,0
1862,4157,126,1
1863,2684,32,0
1864,358,82,1
1865,4162,82,1
1866,3792,764,0
1867,3901,41,0
1868,4164,833,1
1869,94,0,0
1870,4166,345,0
1871,4169,86,0
1872,4170,1075,1
1873,4171,73,1
1874,268,1077,0
1875,839,539,0
1876,4177,48,0
1877,4072,473,0
1878,4184,155,1
1879,1208,906,0
1880,1683,479,1
1881,943,1078,0
1882,4190,34,0
1883,4192,260,1
1884,4197,402,0
1885,182,377,0
1886,2278,412,0
1887,4206,41,0
1888,160,5,0
1889,1178,196,0
1890,4211,98,1
1891,4212,32,0
1892,4215,709,0
1893,4216,40,1
1894,4220,73,1
1895,895,1085,1
1896,44,17,0
1897,4226,228,1
1898,472,1086,1
1899,3381,17,0
1900,4229,89,1
1901,2278,1087,1
1902,49,1089,0
1903,4233,1090,1
1904,4236,52,0
1905,4240,412,0
1906,4241,219,1
1907,160,1092,0
1908,4242,260,1
1909,4245,1093,1
1910,291,273,0
1911,4251,0,0
1912,4255,259,1
1913,4257,18,0
1914,4259,1095,1
1915,1331,877,0
1916,4262,131,0
1917,2639,17,0
1918,4266,189,1
1919,4267,18,0
1920,1634,43,0
1921,4270,40,1
1922,4271,15,1
1923,4273,0,0
1924,1723,95,0
1925,242,1096,1
1926,3066,654,0
1927,4276,26,1
1928,3174,1097,1
1929,4280,0,0
1930,4281,360,0
1931,4284,32,0
1932,2070,0,0
1933,131,835,1
1934,4286,155,0
1935,2868,86,0
1936,363,16,0
1937,4290,232,0
1938,2693,52,0
1939,2895,193,1
1940,4291,39,1
1941,137,401,1
1942,4295,489,1
1943,4296,380,1
1944,4299,315,1
1945,5,235,1
1946,4097,278,1
1947,4302,17,0
1948,2943,156,0
1949,4303,73,1
1950,4304,833,1
1951,4308,271,0
1952,2428,750,0
1953,4316,40,1
1954,4127,66,0
1955,4320,32,0
1956,4323,18,0
1957,4087,26,0
1958,4325,918,0
1959,4327,271,1
1960,4329,1101,1
1961,4339,921,1
1962,4340,197,0
1963,4342,60,0
1964,1219,17,0
1965,4348,242,1
1966,4354,0,1
1967,4357,967,0
1968,1089,1102,0
1969,4022,803,0
1970,1723,579,0
1971,4361,710,1
1972,1286,17,0
1973,4363,1105,0
1974,4364,32,0
1975,4368,343,1
1976,4369,90,1
1977,2771,0,0
1978,4373,91,1
1979,4375,232,1
1980,4377,402,1
1981,4382,41,0
1982,2580,315,0
1983,4383,47,1
1984,4390,807,1
1985,4391,26,0
1986,1175,41,0
1987,4396,99,1
1988,4400,160,1
1989,242,128,1
1990,3323,189,1
1991,3810,1110,0
1992,1291,320,1
1993,370,476,0
1994,2665,82,1
1995,1489,654,1
1996,2416,546,1
1997,4424,196,0
1998,4426,225,1
1999,4427,73,1
2000,4429,40,1
2001,1029,583,0
2002,4432,620,1
2003,4433,320,1
2004,4435,91,0
2005,3066,1114,1
2006,500,26,0
2007,4441,859,0
2008,4443,173,1
2009,1834,329,1
2010,4444,39,1
2011,4445,18,0
2012,2516,709,0
2013,4447,43,1
2014,3036,39,0
2015,4450,1118,0
2016,4453,118,1
2017,4455,129,0
2018,2958,743,0
2019,4457,82,1
2020,4460,82,1
2021,2255,41,0
2022,214,287,0
2023,4462,100,1
2024,168,1119,1
2025,4463,16,0
2026,4469,160,1
2027,4471,321,1
2028,268,1120,0
2029,2507,329,1
2030,4475,41,0
2031,4477,246,0
2032,4479,52,0
2033,4480,709,0
2034,868,173,1
2035,4485,18,0
2036,4488,852,0
2037,487,17,0
2038,1101,539,0
2039,3535,1012,1
2040,4499,126,1
2041,3226,165,1
2042,2448,129,1
2043,4502,40,1
2044,4505,243,1
2045,3606,344,0
2046,4506,41,0
2047,4508,329,1
2048,4509,52,0
2049,4510,57,1
2050,4511,1126,1
2051,4513,0,0
2052,4514,73,1
2053,3462,155,0
2054,4517,91,1
2055,1089,60,0
2056,4518,43,1
2057,4519,301,1
2058,4520,48,0
2059,4522,100,1
2060,4526,1129,0
2061,4527,17,0
2062,4528,39,1
2063,3123,129,1
2064,4531,32,0
2065,4532,40,1
2066,4533,510,1
2067,839,181,0
2068,3617,1130,1
2069,4535,19,1
2070,3002,404,0
2071,4538,846,1
2072,4540,736,1
2073,4543,269,1
2074,4544,1051,1
2075,4549,1134,0
2076,4550,1011,1
2077,4553,242,1
2078,2093,473,1
2079,4555,57,1
2080,4556,473,1
2081,4557,48,0
2082,3385,476,1
2083,4560,326,0
2084,4562,149,0
2085,4566,546,1
2086,242,343,0
2087,900,654,1
2088,4567,480,0
2089,2014,824,0
2090,4578,86,0
2091,4579,32,0
2092,4583,542,0
2093,1762,129,0
2094,4410,1137,0
2095,4588,546,1
2096,4590,32,0
2097,4595,189,1
2098,4596,39,1
2099,2219,176,1
2100,2615,1139,0
2101,1442,237,0
2102,4605,343,1
2103,4608,231,0
2104,2639,48,0
2105,4609,43,1
2106,4610,17,0
2107,4613,1011,1
2108,3171,1141,0
2109,4617,16,1
2110,234,424,1
2111,4624,41,0
2112,2637,1143,1
2113,4603,16,1
2114,242,467,1
2115,4629,187,0
2116,4402,126,1
2117,613,645,0
2118,4631,57,1
2119,479,39,0
2120,4634,39,1
2121,4636,26,0
2122,4638,537,0
2123,4642,1145,0
2124,4643,34,1
2125,3180,361,1
2126,481,1146,1
2127,2686,622,0
2128,1389,402,1
2129,1399,52,0
2130,4656,66,0
2131,4657,19,1
2132,4658,126,1
2133,2315,257,1
2134,4659,412,0
2135,4661,196,0
2136,4663,44,0
2137,4320,40,1
2138,4664,43,1
2139,4666,260,1
2140,4668,495,1
2141,4670,1148,0
2142,481,22,1
2143,2441,17,0
2144,4673,343,1
2145,1583,24,0
2146,4674,709,0
2147,4675,461,0
2148,4678,797,0
2149,4679,1061,1
2150,3283,48,0
2151,898,129,1
2152,4686,510,1
2153,4687,32,0
2154,4688,0,0
2155,4693,343,1
2156,2190,0,0
2157,4697,228,0
2158,4698,103,1
2159,4322,155,0
2160,4463,101,0
2161,4706,53,0
2162,2199,957,0
2163,4708,1151,1
2164,4709,0,0
2165,1336,587,0
2166,4567,300,1
2167,268,650,0
2168,4716,189,1
2169,4717,402,0
2170,3494,39,1
2171,4721,579,1
2172,3831,228,1
2173,2452,1153,0
2174,3002,904,0
2175,4729,155,1
2176,4732,372,1
2177,4733,86,0
2178,4734,40,1
2179,4736,40,1
2180,2156,159,0
2181,1767,439,0
2182,4738,719,0
2183,4743,343,1
2184,1331,173,0
2185,1046,639,0
2186,3077,17,0
2187,1808,547,0
2188,2844,40,1
2189,4745,17,0
2190,4746,242,1
2191,4747,457,0
2192,123,48,0
2193,1891,48,0
2194,4754,343,1
2195,4757,128,0
2196,4760,53,1
2197,4761,266,1
2198,4762,214,0
2199,4767,17,0
2200,4771,100,1
2201,4772,225,1
2202,4775,321,1
2203,4776,19,1
2204,4778,546,1
2205,783,1114,1
2206,4781,214,0
2207,4145,40,1
2208,4785,48,0
2209,4791,741,1
2210,215,678,0
2211,4792,126,1
2212,4794,460,0
2213,4617,34,1
2214,880,844,0
2215,4799,40,1
2216,1286,176,1
2217,943,321,0
2218,4803,210,1
2219,1869,91,0
2220,2639,208,1
2221,503,39,1
2222,4813,1162,0
2223,4816,91,0
2224,4818,473,1
2225,4821,100,1
2226,4822,48,0
2227,4825,17,0
2228,4828,947,1
2229,1225,259,0
2230,3174,84,1
2231,4829,89,0
2232,4830,189,1
2233,4831,41,0
2234,4832,19,1
2235,4833,329,1
2236,4835,836,1
2237,2106,242,0
2238,766,834,0
2239,4839,18,0
2240,2591,0,0
2241,3693,16,1
2242,4851,189,1
2243,3771,806,1
2244,4852,193,1
2245,4853,344,0
2246,1173,835,0
2247,4854,106,1
2248,2602,242,0
2249,4858,18,0
2250,1089,163,0
2251,4859,39,1
2252,4861,750,1
2253,1323,159,0
2254,393,546,1
2255,4862,361,0
2256,4863,242,0
2257,1395,517,1
2258,4866,86,0
2259,4868,228,1
2260,4870,135,1
2261,4871,242,0
2262,4872,235,0
2263,2378,1166,1
2264,288,246,0
2265,4877,269,1
2266,4878,90,0
2267,4882,39,0
2268,4884,232,1
2269,4886,1168,0
2270,4887,547,1
2271,4891,231,0
2272,907,48,0
2273,1634,399,1
2274,3878,402,0
2275,4901,687,1
2276,4902,32,0
2277,1256,246,0
2278,4912,642,1
2279,4913,197,0
2280,2856,836,1
2281,3247,48,0
2282,4916,554,0
2283,4917,626,1
2284,4918,91,0
2285,4919,343,1
2286,4920,959,0
2287,2315,281,0
2288,4922,214,0
2289,4925,91,0
2290,1102,89,0
2291,4927,196,0
2292,4929,304,1
2293,4930,29,0
2294,4540,16,1
2295,4844,231,0
2296,4932,135,1
2297,4934,52,0
2298,4935,0,0
2299,242,1175,1
2300,4938,228,1
2301,4939,343,1
2302,4941,34,1
2303,4942,1176,0
2304,4944,0,0
2305,302,835,0
2306,4945,460,0
2307,4946,189,1
2308,4949,126,1
2309,4951,246,0
2310,943,22,0
2311,4954,100,1
2312,4958,1180,1
2313,4960,91,0
2314,1522,1181,0
2315,4961,32,0
2316,4963,91,1
2317,4967,104,1
2318,4969,125,0
2319,4970,18,0
2320,4546,129,1
2321,3878,214,0
2322,4972,90,0
2323,4974,654,1
2324,4976,149,0
2325,4979,476,1
2326,4980,197,0
2327,3221,0,0
2328,4982,34,0
2329,242,1182,1
2330,4983,158,0
2331,4986,100,1
2332,4336,100,1
2333,4990,106,1
2334,4991,1183,1
2335,2883,66,0
2336,405,57,0
2337,4996,492,0
2338,4997,320,0
2339,4998,112,1
2340,4477,546,1
2341,5002,827,1
2342,5005,675,0
2343,4275,34,0
2344,5009,17,0
2345,2179,620,1
2346,3707,48,0
2347,5012,18,0
2348,574,17,0
2349,5015,208,0
2350,5018,242,0
2351,5019,443,1
2352,3611,1188,0
2353,5023,13,0
2354,839,129,0
2355,5026,237,0
2356,685,1192,0
2357,488,52,0
2358,4749,17,0
2359,5040,155,0
2360,5041,401,1
2361,3946,126,1
2362,5043,582,0
2363,5044,17,0
2364,160,991,0
2365,1961,17,0
2366,5046,91,0
2367,755,1072,1
2368,2208,5,0
2369,5054,753,0
2370,5056,99,1
2371,5057,1192,0
2372,5059,155,0
2373,5060,90,0
2374,5062,1193,1
2375,5063,189,0
2376,5065,961,0
2377,1314,351,0
2378,5066,40,1
2379,1628,584,0
2380,5071,519,0
2381,767,0,0
2382,242,669,1
2383,5073,259,1
2384,4132,219,0
2385,5079,19,1
2386,5080,824,0
2387,5083,39,1
2388,2350,155,0
2389,5085,1197,1
2390,6,1083,1
2391,1395,337,1
2392,468,95,1
2393,4318,13,0
2394,5093,40,1
2395,3734,269,0
2396,5098,582,0
2397,1495,115,0
2398,3914,219,1
2399,5101,682,1
2400,5102,128,0
2401,5105,259,1
2402,4051,18,0
2403,1917,1198,0
2404,5112,176,1
2405,5113,73,1
2406,5114,126,1
2407,5118,247,1
2408,5120,228,1
2409,5121,1176,0
2410,5122,0,0
2411,5123,26,1
2412,1695,1179,0
2413,1123,1044,0
2414,5127,264,1
2415,5129,52,0
2416,49,1205,0
2417,5135,269,1
2418,5136,243,1
2419,5137,257,1
2420,3813,51,0
2421,5139,269,1
2422,2889,606,1
2423,5142,48,0
2424,4216,32,0
2425,2797,160,1
2426,5158,52,0
2427,2110,669,0
2428,1479,260,0
2429,3234,17,0
2430,5164,18,0
2431,5165,40,1
2432,117,39,1
2433,5169,266,0
2434,94,135,1
2435,5173,210,1
2436,5174,195,0
2437,5039,48,0
2438,5179,0,0
2439,5180,358,1
2440,5183,40,1
2441,5184,155,0
2442,5189,412,0
2443,5190,743,0
2444,2533,830,0
2445,5199,111,0
2446,4709,48,0
2447,5203,247,1
2448,4907,269,1
2449,5205,91,0
2450,1917,1214,0
2451,5210,193,1
2452,5211,129,0
2453,5212,208,1
2454,2378,977,0
2455,47,32,0
2456,242,959,1
2457,5216,91,1
2458,5221,18,0
2459,5222,997,0
2460,5224,718,0
2461,5226,165,1
2462,332,22,1
2463,215,1220,1
2464,5234,17,0
2465,5235,460,0
2466,1284,17,0
2467,2336,32,0
2468,5239,1221,0
2469,5240,39,1
2470,2790,57,1
2471,48,72,0
2472,5245,1222,1
2473,5248,52,0
2474,5255,304,1
2475,2488,160,1
2476,5262,269,0
2477,4411,936,0
2478,5264,195,0
2479,5265,246,0
2480,5268,73,0
2481,5270,18,0
2482,215,1225,0
2483,5273,196,0
2484,5275,1227,0
2485,221,176,1
2486,5281,705,0
2487,5284,17,0
2488,5285,1229,1
2489,4554,307,1
2490,48,932,0
2491,2613,0,0
2492,2448,181,0
2493,5286,677,1
2494,1854,242,1
2495,2128,343,1
2496,5292,480,0
2497,5293,836,1
2498,5297,22,1
2499,5298,264,1
2500,37,39,1
2501,3517,1231,0
2502,5307,91,0
2503,5308,0,0
2504,5312,126,1
2505,5315,709,0
2506,5320,687,1
2507,5322,231,0
2508,49,141,1
2509,2883,763,0
2510,5327,228,1
2511,206,0,0
2512,5334,126,1
2513,4670,1233,0
2514,5336,575,0
2515,5338,997,0
2516,2087,391,0
2517,2448,19,0
2518,5343,372,1
2519,5345,57,1
2520,5346,189,1
2521,2883,902,0
2522,5352,57,1
2523,5353,404,1
2524,5354,709,0
2525,5361,149,0
2526,3935,1238,1
2527,943,1114,0
2528,5368,32,0
2529,5369,31,1
2530,5373,195,0
2531,5374,126,1
2532,5378,383,1
2533,5379,495,0
2534,5384,323,1
2535,1628,175,0
2536,2747,260,0
2537,2084,429,1
2538,11,34,1
2539,3524,577,1
2540,5391,73,1
2541,3277,0,0
2542,5393,243,1
2543,5395,242,0
2544,5396,189,1
2545,5403,39,1
2546,2597,242,0
2547,5404,32,0
2548,1095,100,0
2549,5408,34,0
2550,5411,40,1
2551,4298,761,1
2552,1679,39,1
2553,5413,19,0
2554,5416,377,0
2555,215,713,0
2556,5419,0,0
2557,5426,106,1
2558,5427,50,1
2559,5431,813,1
2560,5434,40,1
2561,5436,0,0
2562,4147,189,1
2563,1369,1248,0
2564,4244,195,0
2565,5438,126,1
2566,4922,1249,1
2567,5440,343,1
2568,5443,293,1
2569,5448,39,1
2570,4555,86,0
2571,5451,91,0
2572,5452,165,1
2573,3320,210,1
2574,5453,287,0
2575,937,329,1
2576,5455,424,1
2577,5456,48,0
2578,5464,53,1
2579,5465,1254,0
2580,903,41,0
2581,5467,18,0
2582,780,91,1
2583,2860,539,1
2584,5470,326,0
2585,5472,100,0
2586,5475,412,0
2587,3363,431,1
2588,873,0,0
2589,393,547,0
2590,5480,17,0
2591,5002,1040,1
2592,5484,402,1
2593,1097,567,0
2594,943,1256,0
2595,3381,48,0
2596,5488,196,0
2597,3833,181,1
2598,5495,126,1
2599,5498,115,1
2600,5499,402,0
2601,3148,1026,1
2602,3510,131,0
2603,5504,237,0
2604,5506,1258,1
2605,3878,536,0
2606,4941,1259,1
2607,5512,40,1
2608,3532,189,1
2609,2270,692,1
2610,4147,0,0
2611,5520,48,0
2612,1426,17,0
2613,5523,112,1
2614,49,1083,0
2615,5524,480,0
2616,5525,939,1
2617,1806,402,1
2618,5527,91,1
2619,2678,125,1
2620,5528,0,0
2621,5529,412,1
2622,5534,115,0
2623,5539,155,1
2624,1763,111,0
2625,5545,160,1
2626,2204,91,0
2627,1979,269,0
2628,5546,100,1
2629,5548,246,0
2630,5549,235,0
2631,5550,343,1
2632,5551,189,1
2633,3524,60,0
2634,1078,441,1
2635,1695,922,0
2636,5556,402,1
2637,5557,266,0
2638,5558,17,0
2639,5559,997,0
2640,5562,39,0
2641,5566,232,0
2642,1404,78,1
2643,1557,260,1
2644,458,89,0
2645,5568,27,1
2646,2507,1119,0
2647,2339,228,1
2648,5572,232,0
2649,5574,1271,0
2650,5576,41,1
2651,5577,18,0
2652,3982,19,1
2653,5578,1272,1
2654,5580,43,1
2655,5582,326,0
2656,1102,95,0
2657,5583,441,1
2658,5587,1273,0
2659,5589,91,0
2660,5590,402,0
2661,1291,43,0
2662,3236,510,0
2663,5593,443,1
2664,5596,274,0
2665,5597,126,1
2666,5598,103,1
2667,5599,1254,0
2668,1331,344,0
2669,1694,149,0
2670,5601,128,1
2671,5605,457,0
2672,5606,301,1
2673,5607,73,1
2674,3157,958,1
2675,5610,196,0
2676,4495,339,0
2677,5611,895,0
2678,5573,0,0
2679,5617,40,1
2680,1244,133,0
2681,5626,1275,1
2682,5628,27,0
2683,5629,228,0
2684,5635,480,0
2685,1102,22,0
2686,5640,149,0
2687,5641,346,1
2688,5642,39,1
2689,5643,100,1
2690,3236,32,0
2691,1590,247,1
2692,1041,687,1
2693,5498,165,1
2694,2841,41,0
2695,724,19,1
2696,903,0,0
2697,5650,269,1
2698,5656,17,0
2699,2943,335,0
2700,5657,505,0
2701,5660,17,0
2702,5664,39,0
2703,5667,1277,1
2704,5669,129,0
2705,2726,100,1
2706,5671,57,1
2707,5672,326,1
2708,5674,40,1
2709,5675,329,0
2710,5678,57,1
2711,5679,495,0
2712,4645,1086,1
2713,4014,412,0
2714,2679,111,0
2715,5684,47,0
2716,5686,100,1
2717,5687,39,1
2718,5688,813,1
2719,4870,17,0
2720,5694,111,0
2721,5695,98,1
2722,5697,48,0
2723,2115,129,0
2724,5699,1095,1
2725,5702,750,0
2726,5703,40,1
2727,5707,343,1
2728,5708,750,0
2729,5709,100,0
2730,5710,577,1
2731,5712,47,1
2732,3022,17,0
2733,5714,269,1
2734,5718,546,1
2735,5399,155,0
2736,5723,18,0
2737,5725,126,1
2738,48,1282,0
2739,5732,40,1
2740,5733,269,1
2741,5421,260,0
2742,5735,47,1
2743,1495,17,0
2744,200,681,0
2745,943,402,0
2746,4759,300,1
2747,5743,149,0
2748,5745,189,1
2749,5748,620,1
2750,5749,219,1
2751,5753,32,0
2752,3180,546,1
2753,5759,231,0
2754,1277,602,0
2755,5764,41,1
2756,5765,1287,1
2757,5766,242,1
2758,1338,5,0
2759,5006,1288,0
2760,4271,44,0
2761,5768,39,0
2762,5775,39,0
2763,5452,189,1
2764,647,1289,0
2765,5777,269,0
2766,581,95,0
2767,2253,843,0
2768,3393,0,0
2769,5782,91,1
2770,5783,242,1
2771,1137,404,1
2772,5787,654,0
2773,5790,504,1
2774,5791,329,0
2775,5794,17,0
2776,2648,583,0
2777,5797,739,1
2778,5798,118,1
2779,5799,967,0
2780,5802,612,0
2781,1739,17,0
2782,5806,48,0
2783,5807,101,1
2784,5408,27,0
2785,5810,813,1
2786,5732,32,0
2787,1330,0,0
2788,1359,875,0
2789,5818,1151,1
2790,5819,19,0
2791,5820,126,1
2792,5821,39,0
2793,5823,60,0
2794,5824,424,1
2795,5825,358,1
2796,931,95,0
2797,371,1293,1
2798,5828,17,0
2799,5832,442,0
2800,324,1297,1
2801,5836,461,0
2802,5839,431,1
2803,5840,678,0
2804,5843,39,1
2805,1146,1300,1
2806,4897,478,1
2807,5852,17,1
2808,5853,575,0
2809,5854,654,1
2810,5855,162,1
2811,755,243,1
2812,5856,131,0
2813,15,583,0
2814,3153,0,0
2815,5861,402,1
2816,2110,1198,0
2817,279,0,0
2818,4997,95,0
2819,2319,815,1
2820,5866,91,1
2821,5867,281,0
2822,3828,32,0
2823,647,1102,0
2824,5871,546,1
2825,4952,264,0
2826,1697,1302,1
2827,5877,18,0
2828,5879,505,0
2829,5882,219,1
2830,1962,959,0
2831,5885,32,0
2832,1026,242,0
2833,5888,219,1
2834,3083,1303,1
2835,3331,129,0
2836,5892,1306,0
2837,5893,40,1
2838,5894,1167,1
2839,1729,979,0
2840,5896,40,0
2841,5898,40,1
2842,5899,18,1
2843,5907,32,0
2844,5913,305,1
2845,5393,48,0
2846,5916,242,0
2847,5918,576,1
2848,5920,742,1
2849,5921,0,0
2850,5176,0,0
2851,5923,19,1
2852,5925,39,1
2853,5927,1308,1
2854,5928,100,1
2855,5929,52,0
2856,2878,398,1
2857,637,149,0
2858,5931,18,0
2859,5934,219,1
2860,4969,26,1
2861,5937,1297,1
2862,5940,228,1
2863,5941,402,1
2864,3055,329,0
2865,5945,532,1
2866,5946,26,0
2867,5950,1312,0
2868,5951,19,0
2869,2816,246,0
2870,5954,372,1
2871,5956,1313,0
2872,5964,40,1
2873,5965,219,1
2874,5966,17,0
2875,2729,39,0
2876,5968,439,0
2877,5969,1315,0
2878,5971,53,1
2879,5972,995,0
2880,5975,47,1
2881,5978,128,1
2882,4458,111,0
2883,5980,402,1
2884,1102,399,0
2885,5984,40,1
2886,2311,1316,1
2887,3331,392,0
2888,5986,443,0
2889,5988,457,0
2890,5989,334,1
2891,5992,39,1
2892,5995,939,1
2893,5996,176,0
2894,5997,100,1
2895,6000,235,0
2896,4517,228,0
2897,943,455,0
2898,1690,458,1
2899,6005,158,1
2900,1947,126,1
2901,6006,40,1
2902,6008,32,0
2903,6011,1318,0
2904,1283,19,1
2905,5025,629,1
2906,5918,1020,1
2907,49,1319,0
2908,1236,271,1
2909,6021,39,1
2910,2314,329,0
2911,6023,40,1
2912,4316,32,0
2913,6025,718,0
2914,3243,1321,1
2915,894,48,0
2916,6029,424,1
2917,4791,274,0
2918,6033,1322,1
2919,6039,1145,0
2920,6040,620,1
2921,6041,16,1
2922,2121,383,1
2923,6043,197,0
2924,4513,48,0
2925,6044,149,0
2926,6045,18,0
2927,4469,457,0
2928,2873,95,0
2929,6047,547,0
2930,6048,859,0
2931,6050,343,1
2932,6051,39,1
2933,6052,0,0
2934,6053,47,1
2935,1182,129,1
2936,6055,16,1
2937,3802,95,1
2938,6059,0,0
2939,5793,219,1
2940,1460,329,0
2941,6066,753,0
2942,6067,1327,0
2943,6069,39,1
2944,6031,39,1
2945,2227,15,1
2946,6074,47,1
2947,4778,246,0
2948,6082,1328,1
2949,6083,155,0
2950,6084,18,0
2951,2399,189,1
2952,919,402,0
2953,1725,73,1
2954,4138,1330,1
2955,4908,39,1
2956,4197,242,0
2957,1537,489,1
2958,6093,320,1
2959,6097,40,1
2960,6098,39,1
2961,6099,269,1
2962,6101,997,0
2963,6102,34,1
2964,6103,992,0
2965,3433,1289,1
2966,6110,32,0
2967,5913,1333,1
2968,6116,40,1
2969,3255,0,0
2970,383,26,1
2971,6118,39,0
2972,13,1145,1
2973,6119,274,0
2974,519,149,0
2975,6120,100,1
2976,2489,593,1
2977,4390,626,1
2978,6122,47,0
2979,5917,235,0
2980,6124,112,1
2981,6125,48,0
2982,6126,60,0
2983,5375,101,0
2984,4020,1335,0
2985,5308,135,1
2986,5300,750,0
2987,6130,40,1
2988,6131,193,1
2989,6137,344,1
2990,1274,40,0
2991,2771,48,0
2992,1581,86,0
2993,6140,91,1
2994,768,836,0
2995,1870,1337,1
2996,338,910,0
2997,4830,165,1
2998,6142,181,0
2999,426,959,1
3000,6144,32,0
3001,1177,457,0
3002,4922,399,0
3003,1695,306,0
3004,1721,219,1
3005,6147,1341,0
3006,6154,0,0
3007,6161,126,1
3008,6162,17,0
3009,6166,51,1
3010,6171,53,1
3011,6174,246,0
3012,2888,279,0
3013,2694,1347,0
3014,6176,947,1
3015,49,1348,0
3016,4665,17,0
3017,1177,315,1
3018,3143,17,0
3019,6189,176,0
3020,3075,404,0
3021,6191,1350,0
3022,6193,400,1
3023,918,32,0
3024,1933,160,1
3025,6198,47,1
3026,6201,32,0
3027,6203,32,0
3028,2087,208,0
3029,2097,86,1
3030,6205,16,0
3031,6207,836,1
3032,5968,807,1
3033,1737,51,1
3034,1528,329,0
3035,6208,750,1
3036,2873,307,0
3037,6211,176,1
3038,5626,0,0
3039,5918,1355,0
3040,6215,598,0
3041,1870,43,0
3042,6219,66,1
3043,6224,126,1
3044,1793,260,0
3045,1695,40,0
3046,6231,300,1
3047,6232,717,0
3048,6235,141,1
3049,6238,155,0
3050,6240,52,0
3051,6241,48,0
3052,6242,29,0
3053,5248,100,1
3054,6248,100,1
3055,766,561,0
3056,6249,189,1
3057,6250,260,0
3058,6251,32,0
3059,6252,126,1
3060,6253,100,1
3061,4289,0,0
3062,6255,73,1
3063,6259,235,1
3064,242,89,1
3065,6261,1357,0
3066,225,29,0
3067,6263,43,1
3068,6264,1358,0
3069,6266,497,1
3070,3525,34,1
3071,6272,402,1
3072,6274,315,1
3073,4067,34,1
3074,268,978,0
3075,2921,978,0
3076,1768,242,1
3077,6280,40,0
3078,6281,40,0
3079,6282,703,1
3080,6283,141,1
3081,6285,19,1
3082,751,232,1
3083,301,41,0
3084,6289,19,1
3085,6291,1363,0
3086,1242,689,0
3087,6293,1364,1
3088,2272,111,0
3089,6299,126,1
3090,6301,86,0
3091,6302,575,0
3092,6303,1221,0
3093,2949,155,0
3094,6305,155,1
3095,3035,165,1
3096,6308,1090,1
3097,1866,1367,1
3098,6311,189,1
3099,6312,346,1
3100,3276,126,1
3101,6314,658,1
3102,6317,129,0
3103,4240,40,1
3104,6322,34,1
3105,6323,813,1
3106,6324,32,0
3107,5037,39,1
3108,6326,560,1
3109,2372,39,0
3110,2053,0,0
3111,6329,709,0
3112,6332,1011,1
3113,967,242,1
3114,2508,412,0
3115,3812,52,0
3116,1728,287,1
3117,3554,350,1
3118,6337,402,1
3119,6341,219,1
3120,6344,1236,1
3121,5165,32,0
3122,6350,118,1
3123,6351,101,0
3124,6352,86,1
3125,1439,358,1
3126,6358,1374,0
3127,6363,343,1
3128,6365,41,0
3129,6366,195,1
3130,6368,0,0
3131,6370,231,0
3132,6372,334,1
3133,6373,155,0
3134,6374,1011,1
3135,6375,40,1
3136,6376,51,1
3137,6377,39,0
3138,6378,479,1
3139,2274,1376,0
3140,6380,73,1
3141,6381,343,1
3142,6383,402,1
3143,6384,750,0
3144,3770,15,1
3145,6386,91,1
3146,3264,257,1
3147,3096,189,1
3148,390,40,1
3149,3148,60,0
3150,2471,232,0
3151,6394,517,0
3152,6395,402,1
3153,5169,582,0
3154,3951,40,1
3155,6397,0,0
3156,555,433,1
3157,6401,1322,0
3158,6402,242,0
3159,156,483,0
3160,6410,1053,0
3161,6412,57,1
3162,6414,86,0
3163,464,214,0
3164,2750,620,0
3165,6418,1381,1
3166,789,1153,0
3167,6420,1382,1
3168,111,16,0
3169,6422,211,1
3170,6423,410,1
3171,6424,404,1
3172,6425,210,1
3173,6426,47,1
3174,6427,41,0
3175,4644,242,0
3176,1695,189,0
3177,6429,279,1
3178,6430,1384,1
3179,714,90,1
3180,6433,149,1
3181,6435,242,0
3182,3469,994,1
3183,2816,547,0
3184,2434,101,1
3185,6438,40,1
3186,6439,505,0
3187,4964,52,0
3188,6443,478,0
3189,6445,187,0
3190,6447,39,1
3191,2392,1312,0
3192,6453,100,1
3193,1642,22,0
3194,6455,1387,0
3195,2243,104,0
3196,3834,91,1
3197,6458,95,0
3198,6459,358,0
3199,6460,86,0
3200,6461,86,0
3201,6464,344,0
3202,2452,878,0
3203,6471,187,0
3204,6472,13,0
3205,1765,592,1
3206,6474,53,1
3207,6232,103,1
3208,6479,429,0
3209,5711,214,0
3210,6485,1050,1
3211,6486,39,1
3212,6487,320,1
3213,6491,1389,0
3214,137,675,1
3215,6492,17,0
3216,6494,211,1
3217,1505,165,1
3218,6500,577,1
3219,2426,1303,1
3220,6503,259,1
3221,2997,57,1
3222,2026,1390,1
3223,4916,366,1
3224,6506,43,1
3225,6507,243,0
3226,4325,100,1
3227,6510,19,1
3228,6511,100,1
3229,4372,16,1
3230,3241,242,1
3231,5818,1391,1
3232,3669,478,1
3233,2920,43,0
3234,6516,91,0
3235,6517,836,0
3236,1144,0,0
3237,1175,48,0
3238,6528,836,0
3239,6530,515,1
3240,6535,1075,0
3241,5405,126,1
3242,4962,235,1
3243,2926,48,0
3244,6097,32,0
3245,6545,131,0
3246,4270,118,0
3247,141,126,1
3248,38,1248,0
3249,6551,48,0
3250,4340,134,1
3251,1102,219,0
3252,6555,27,0
3253,2723,599,1
3254,6557,0,0
3255,2774,1023,0
3256,6560,86,0
3257,1102,709,0
3258,6563,210,1
3259,1331,112,0
3260,4991,753,0
3261,1573,189,1
3262,6572,149,0
3263,6573,149,0
3264,6574,1394,0
3265,6575,39,0
3266,6578,149,0
3267,3954,19,1
3268,2070,196,0
3269,6583,16,1
3270,6584,824,1
3271,6586,235,0
3272,6587,658,0
3273,6589,343,1
3274,49,817,0
3275,242,1083,1
3276,6019,0,0
3277,2621,517,0
3278,6595,0,0
3279,6597,0,0
3280,6598,196,0
3281,6602,40,1
3282,4410,1397,0
3283,6603,40,1
3284,6604,510,0
3285,6605,1398,1
3286,5520,0,0
3287,6608,27,0
3288,1654,457,0
3289,1265,98,0
3290,1173,32,1
3291,6621,101,0
3292,1695,160,0
3293,6624,21,1
3294,1030,240,0
3295,5216,86,0
3296,6626,242,0
3297,2161,0,0
3298,1966,19,1
3299,6628,620,1
3300,6631,343,1
3301,2721,18,0
3302,6632,219,1
3303,5353,991,1
3304,5608,73,1
3305,3024,593,0
3306,6637,301,1
3307,2565,1400,1
3308,4708,813,1
3309,6639,102,1
3310,3381,242,0
3311,2324,243,0
3312,2167,51,1
3313,5099,1061,0
3314,4136,115,0
3315,1344,48,0
3316,1062,141,1
3317,6647,219,1
3318,4259,0,0
3319,6055,160,1
3320,3939,51,0
3321,247,91,1
3322,3719,135,1
3323,3749,173,1
3324,6655,72,0
3325,4862,547,0
3326,609,835,0
3327,6658,231,0
3328,6662,195,0
3329,4679,1405,0
3330,6665,0,0
3331,6667,126,1
3332,6668,286,0
3333,6669,235,0
3334,6670,709,0
3335,258,17,0
3336,6675,0,0
3337,5450,478,1
3338,6676,173,1
3339,6677,43,1
3340,6679,228,0
3341,6680,739,1
3342,3244,155,0
3343,5869,343,1
3344,6688,654,1
3345,1518,477,0
3346,2121,346,1
3347,6690,126,1
3348,6693,126,1
3349,6696,320,1
3350,6697,39,1
3351,1137,208,0
3352,6698,115,0
3353,1706,34,1
3354,5208,43,0
3355,347,131,0
3356,6704,305,0
3357,6706,34,0
3358,3225,750,0
3359,6707,343,1
3360,6710,247,1
3361,221,17,0
3362,5746,70,1
3363,2761,0,0
3364,1619,769,1
3365,3111,100,1
3366,6719,539,1
3367,794,155,0
3368,6724,429,0
3369,6725,13,0
3370,6726,32,0
3371,6727,39,1
3372,6728,0,0
3373,6729,235,0
3374,6731,286,0
3375,2837,232,1
3376,6737,48,0
3377,2475,643,0
3378,6739,1411,1
3379,4685,1412,0
3380,6745,228,0
3381,1556,0,0
3382,5572,424,1
3383,6750,343,1
3384,6751,40,1
3385,980,429,1
3386,2638,52,0
3387,6755,72,1
3388,6756,260,0
3389,6757,181,1
3390,355,121,0
3391,6760,19,1
3392,6761,17,0
3393,630,426,1
3394,5287,260,0
3395,4113,412,0
3396,2330,210,1
3397,6771,95,1
3398,6332,505,0
3399,1319,575,0
3400,6773,320,0
3401,6774,155,0
3402,6778,39,1
3403,6781,402,1
3404,6782,34,1
3405,6783,0,0
3406,3901,105,1
3407,6789,743,0
3408,6790,104,1
3409,6792,208,0
3410,6794,17,0
3411,6795,386,0
3412,5867,0,0
3413,6798,257,1
3414,4856,345,1
3415,6724,1417,0
3416,1085,1418,0
3417,6799,329,0
3418,1046,1421,0
3419,1207,100,1
3420,1854,320,1
3421,6805,1172,0
3422,3719,78,1
3423,880,26,0
3424,145,260,1
3425,3782,118,1
3426,6807,47,0
3427,4427,18,0
3428,6467,18,0
3429,6812,163,0
3430,6815,343,1
3431,3644,467,0
3432,6820,532,1
3433,6822,78,1
3434,6825,18,0
3435,6826,126,1
3436,3705,99,1
3437,2416,17,0
3438,6829,404,1
3439,6831,73,1
3440,6833,546,1
3441,348,402,0
3442,1440,1205,1
3443,6836,503,0
3444,6838,47,1
3445,6839,243,1
3446,6841,0,0
3447,6842,343,1
3448,6843,457,0
3449,6844,53,1
3450,242,273,1
3451,4290,1425,1
3452,6847,836,0
3453,6848,269,1
3454,3170,777,0
3455,6850,441,1
3456,957,27,0
3457,2458,73,1
3458,2287,0,0
3459,6782,101,0
3460,6857,17,0
3461,6034,1428,0
3462,6858,0,0
3463,49,709,1
3464,6862,687,1
3465,1870,307,0
3466,6865,86,0
3467,6866,70,1
3468,6668,442,0
3469,4918,57,1
3470,6877,60,0
3471,110,918,0
3472,6883,546,1
3473,1978,326,0
3474,6887,1433,0
3475,6889,47,1
3476,13,1434,0
3477,6890,17,0
3478,6891,98,1
3479,177,5,0
3480,6894,187,1
3481,6896,19,1
3482,4619,52,0
3483,1950,315,1
3484,4039,483,0
3485,6900,301,1
3486,1690,383,1
3487,704,242,0
3488,6906,17,0
3489,6907,32,0
3490,6908,1436,1
3491,6911,27,0
3492,3527,39,1
3493,1763,339,0
3494,5986,252,0
3495,6914,228,1
3496,783,343,1
3497,6916,228,0
3498,6918,90,0
3499,6919,101,0
3500,6920,196,0
3501,6921,73,1
3502,4753,414,1
3503,1046,1438,0
3504,4072,448,0
3505,3571,95,1
3506,6928,101,0
3507,242,1439,1
3508,6932,189,1
3509,6939,431,1
3510,6945,86,0
3511,6946,52,0
3512,1748,17,0
3513,6948,40,1
3514,4632,5,1
3515,1186,41,0
3516,6951,247,1
3517,6952,225,1
3518,4595,17,0
3519,6773,43,0
3520,6047,246,1
3521,6954,197,0
3522,6955,176,1
3523,3602,931,1
3524,6956,973,0
3525,2105,155,1
3526,6962,412,0
3527,4944,41,0
3528,3951,219,0
3529,6967,48,0
3530,5919,118,0
3531,6970,32,0
3532,6971,18,0
3533,5285,327,1
3534,951,16,1
3535,6977,82,1
3536,6145,100,1
3537,5824,1448,0
3538,1035,189,1
3539,6984,50,1
3540,6985,176,1
3541,49,1449,0
3542,13,844,0
3543,3272,329,0
3544,1556,1450,0
3545,1975,536,0
3546,6991,361,0
3547,6993,1451,1
3548,6998,60,0
3549,6999,47,1
3550,7001,232,1
3551,145,788,1
3552,3385,358,1
3553,5854,1114,0
3554,351,228,0
3555,7014,232,1
3556,7016,16,0
3557,7017,125,0
3558,7023,106,0
3559,7026,326,0
3560,7027,39,1
3561,7028,40,1
3562,4767,257,1
3563,7034,128,1
3564,7035,547,0
3565,7037,243,1
3566,7039,26,1
3567,3507,709,0
3568,4173,174,0
3569,7044,750,0
3570,686,1092,0
3571,7047,343,1
3572,210,957,0
3573,7051,82,1
3574,6528,19,1
3575,7053,100,1
3576,7054,472,1
3577,6236,29,0
3578,2052,266,0
3579,7058,129,1
3580,6891,132,0
3581,1695,398,0
3582,807,361,0
3583,7062,533,0
3584,7063,247,1
3585,20,22,0
3586,49,257,0
3587,3600,189,1
3588,7068,187,1
3589,7069,176,0
3590,962,31,1
3591,2118,41,0
3592,7073,100,1
3593,7074,412,0
3594,2211,189,1
3595,7079,242,1
3596,7082,300,1
3597,4632,43,1
3598,559,32,0
3599,1175,100,1
3600,5223,17,0
3601,5451,86,1
3602,7089,546,1
3603,3694,478,1
3604,1854,22,1
3605,2605,592,1
3606,7096,412,0
3607,242,43,1
3608,49,504,0
3609,1144,78,1
3610,7102,125,1
3611,4475,17,0
3612,7103,750,0
3613,7104,129,1
3614,160,307,0
3615,7105,16,0
3616,7106,326,0
3617,3618,836,0
3618,7108,344,1
3619,3962,0,0
3620,361,678,0
3621,1344,1023,0
3622,7113,320,0
3623,7114,90,0
3624,7115,52,0
3625,7116,39,1
3626,7117,47,1
3627,945,1455,0
3628,4511,1456,0
3629,6858,17,0
3630,329,798,1
3631,5587,355,1
3632,1088,539,0
3633,7121,457,0
3634,7123,264,1
3635,1821,286,0
3636,7128,34,1
3637,3313,43,1
3638,6066,1145,0
3639,1805,1458,1
3640,242,321,1
3641,7134,101,0
3642,7135,32,0
3643,902,0,0
3644,7136,0,0
3645,7039,922,0
3646,3473,160,1
3647,7144,1023,0
3648,7145,620,1
3649,458,1256,0
3650,242,517,1
3651,7149,99,1
3652,7151,24,0
3653,7152,813,1
3654,6914,86,0
3655,7156,620,1
3656,7157,41,0
3657,5188,685,0
3658,5101,144,1
3659,7158,17,0
3660,7159,189,1
3661,7161,101,0
3662,395,39,1
3663,1581,57,1
3664,1711,1463,0
3665,7164,359,0
3666,7166,189,1
3667,1628,1397,1
3668,2121,1357,0
3669,4935,219,1
3670,7175,48,0
3671,7177,991,1
3672,7181,52,0
3673,7183,32,0
3674,6688,1114,0
3675,2977,278,1
3676,7193,165,1
3677,7195,26,0
3678,7198,40,1
3679,2278,32,0
3680,3945,72,1
3681,2434,1473,0
3682,7201,320,1
3683,421,460,0
3684,7203,86,0
3685,7204,343,1
3686,3405,48,0
3687,6387,86,1
3688,1642,483,0
3689,4054,26,0
3690,7212,17,0
3691,7213,1475,1
3692,4395,41,0
3693,6656,155,0
3694,7214,115,0
3695,4072,399,0
3696,4638,1476,0
3697,7217,243,1
3698,7221,50,1
3699,2939,149,0
3700,2024,577,1
3701,7223,210,1
3702,6112,231,0
3703,5866,86,0
3704,7224,410,0
3705,7225,32,0
3706,7226,94,1
3707,7227,402,0
3708,7229,135,1
3709,4645,1477,0
3710,7231,78,1
3711,221,0,0
3712,3358,57,1
3713,1802,89,0
3714,2266,344,1
3715,7237,343,1
3716,372,1478,1
3717,699,402,0
3718,7239,131,0
3719,7240,441,0
3720,7241,242,0
3721,686,242,0
3722,6012,39,1
3723,7245,260,0
3724,6897,34,1
3725,1168,483,0
3726,5301,242,0
3727,7251,547,1
3728,541,106,1
3729,2460,95,1
3730,2946,13,0
3731,7257,546,1
3732,7258,39,1
3733,618,404,1
3734,7261,320,0
3735,7262,853,0
3736,5655,583,0
3737,1606,300,0
3738,7266,173,1
3739,6511,0,0
3740,7272,193,1
3741,7273,89,0
3742,7274,0,0
3743,7276,86,0
3744,2523,383,1
3745,2977,196,0
3746,7284,1275,1
3747,3833,539,1
3748,7290,813,1
3749,17,34,1
3750,7292,131,0
3751,6041,101,0
3752,1962,399,0
3753,7295,626,1
3754,7296,51,0
3755,1607,1482,0
3756,1146,897,1
3757,4610,441,1
3758,7303,39,1
3759,7305,112,1
3760,6439,1011,1
3761,1338,242,0
3762,7310,195,0
3763,7311,286,0
3764,7313,343,1
3765,2270,733,0
3766,4460,1484,0
3767,7320,361,1
3768,1089,237,0
3769,4964,100,1
3770,1787,1430,1
3771,5039,187,1
3772,7325,39,0
3773,5237,890,0
3774,7327,0,0
3775,3148,399,1
3776,4204,1473,0
3777,4673,1114,1
3778,7334,278,1
3779,7335,343,1
3780,3943,1488,1
3781,4610,41,0
3782,7340,129,1
3783,7342,39,1
3784,1195,1490,0
3785,6039,1183,1
3786,7157,48,0
3787,7350,813,1
3788,3596,483,0
3789,7351,15,1
3790,1794,129,0
3791,7354,798,1
3792,2395,39,1
3793,7358,1491,0
3794,926,797,1
3795,7360,27,1
3796,7361,126,1
3797,7364,39,1
3798,6995,402,0
3799,7366,18,0
3800,215,1492,0
3801,6989,18,0
3802,6,504,1
3803,5919,47,1
3804,7384,19,1
3805,546,243,1
3806,7385,86,0
3807,7387,1093,1
3808,5534,131,0
3809,288,361,0
3810,2733,118,0
3811,7391,16,1
3812,7392,155,1
3813,2872,1497,0
3814,7394,242,0
3815,7396,219,1
3816,7401,620,1
3817,2645,66,0
3818,3207,228,1
3819,1787,10,1
3820,7412,269,1
3821,1870,1499,0
3822,2621,321,0
3823,7414,235,0
3824,4325,764,0
3825,2130,17,0
3826,7418,228,1
3827,569,17,0
3828,5358,962,0
3829,6424,991,1
3830,7147,32,0
3831,7433,0,0
3832,3308,14,0
3833,7435,129,1
3834,7437,402,1
3835,7440,39,1
3836,7441,39,1
3837,1511,232,0
3838,4339,175,0
3839,1403,675,1
3840,7447,189,1
3841,3475,44,0
3842,4230,26,0
3843,1104,118,1
3844,7455,1506,1
3845,7456,106,1
3846,7457,17,0
3847,7459,82,1
3848,5043,1507,0
3849,7461,40,1
3850,7463,214,1
3851,7464,48,0
3852,688,546,1
3853,7465,546,1
3854,7468,52,0
3855,1392,0,0
3856,7470,126,1
3857,6643,429,0
3858,7408,654,1
3859,714,743,0
3860,3405,17,0
3861,1988,40,1
3862,472,266,0
3863,1177,1511,1
3864,7475,366,1
3865,7479,104,1
3866,156,242,1
3867,5197,17,0
3868,1102,810,0
3869,7485,806,1
3870,7490,237,0
3871,1640,344,0
3872,6668,658,0
3873,7492,1513,0
3874,7496,52,0
3875,6005,1198,0
3876,73,235,1
3877,7323,495,1
3878,7501,41,0
3879,4605,654,0
3880,3787,270,1
3881,3247,197,0
3882,1765,16,0
3883,2846,78,1
3884,7509,115,0
3885,1870,278,0
3886,7511,155,1
3887,7513,286,0
3888,7514,210,1
3889,7515,47,1
3890,7516,52,0
3891,1375,1312,0
3892,268,219,0
3893,7519,26,0
3894,383,184,1
3895,7509,189,1
3896,7523,18,0
3897,7524,115,0
3898,7527,135,1
3899,7130,231,0
3900,5416,1060,1
3901,7528,566,1
3902,1303,141,0
3903,7532,412,0
3904,7533,816,0
3905,7537,53,1
3906,7540,82,1
3907,7542,32,0
3908,6259,111,0
3909,1671,813,1
3910,7543,210,1
3911,7545,134,1
3912,2723,100,1
3913,7549,40,0
3914,7550,180,0
3915,7552,399,0
3916,7553,86,0
3917,7557,100,1
3918,1966,836,1
3919,7558,17,0
3920,7559,100,1
3921,6017,100,1
3922,1628,1515,1
3923,7561,17,0
3924,7563,40,1
3925,7564,149,0
3926,4287,29,0
3927,7566,709,0
3928,7567,101,0
3929,3924,17,0
3930,7571,932,1
3931,7574,412,0
3932,7576,210,1
3933,63,86,0
3934,7578,402,1
3935,1675,584,0
3936,7583,40,1
3937,3620,39,1
3938,7587,155,0
3939,7588,39,1
3940,7589,40,1
3941,7591,857,1
3942,44,0,0
3943,1040,612,0
3944,7596,32,0
3945,7597,26,1
3946,2190,443,1
3947,7598,181,0
3948,7602,0,1
3949,3022,345,0
3950,7604,219,1
3951,2249,1456,0
3952,985,39,1
3953,2856,19,1
3954,6668,587,0
3955,7607,483,1
3956,2869,39,1
3957,7608,906,0
3958,7074,40,1
3959,3518,439,1
3960,697,40,1
3961,728,242,1
3962,7383,100,1
3963,791,503,0
3964,7229,0,0
3965,1565,1172,0
3966,955,1070,0
3967,6116,32,0
3968,995,52,0
3969,7616,91,1
3970,7619,483,0
3971,2560,214,0
3972,7624,126,1
3973,4539,39,1
3974,1945,118,0
3975,7629,0,0
3976,2856,539,0
3977,7631,91,0
3978,524,1504,0
3979,7632,34,0
3980,7633,34,1
3981,7634,658,0
3982,7635,402,1
3983,7638,1520,1
3984,7639,237,0
3985,7640,750,0
3986,7561,0,0
3987,1109,41,0
3988,7642,345,1
3989,3619,197,1
3990,7648,60,0
3991,7649,597,1
3992,2770,552,1
3993,7654,98,1
3994,2053,1521,0
3995,7655,115,0
3996,1195,242,0
3997,5135,41,0
3998,3897,515,0
3999,7666,41,0
4000,2388,73,1
4001,6432,442,0
4002,938,129,1
4003,2110,844,0
4004,7670,106,1
4005,7465,246,0
4006,1675,48,0
4007,2115,392,0
4008,7673,91,0
4009,7674,965,1
4010,4941,27,0
4011,5346,0,0
4012,7678,836,0
4013,7679,228,1
4014,7682,32,0
4015,472,1525,1
4016,7687,228,1
4017,7689,219,1
4018,7690,13,1
4019,2144,329,0
4020,1220,1527,0
4021,7691,173,1
4022,7694,813,1
4023,7696,52,0
4024,2944,771,1
4025,38,103,0
4026,7698,892,1
4027,5711,351,0
4028,1548,100,0
4029,7700,1095,1
4030,7702,160,1
4031,7703,16,1
4032,7704,40,1
4033,7705,219,1
4034,3544,0,0
4035,1456,39,1
4036,7707,48,0
4037,7708,269,1
4038,7712,26,1
4039,7714,86,1
4040,7716,242,1
4041,7719,857,0
4042,4036,39,1
4043,3167,128,1
4044,7723,242,1
4045,7726,813,1
4046,5893,412,0
4047,1634,1026,1
4048,7727,189,1
4049,7728,344,0
4050,3174,1532,0
4051,4340,103,1
4052,7733,242,1
4053,1391,40,1
4054,7736,271,0
4055,7737,90,0
4056,3878,259,0
4057,2888,141,0
4058,10,155,0
4059,7037,329,1
4060,1763,1534,0
4061,6911,1021,1
4062,6356,52,0
4063,7282,287,0
4064,7745,269,1
4065,7749,160,1
4066,1359,1438,0
4067,7750,546,1
4068,7751,626,1
4069,7683,402,0
4070,900,343,0
4071,160,777,0
4072,7229,78,1
4073,246,481,1
4074,1363,40,1
4075,3100,977,0
4076,4302,100,1
4077,5194,13,0
4078,7765,481,0
4079,7766,21,1
4080,7768,247,1
4081,748,750,1
4082,5996,18,1
4083,7774,86,0
4084,5223,414,1
4085,7778,343,1
4086,2331,1539,0
4087,4981,878,1
4088,3532,115,0
4089,258,0,0
4090,7782,219,1
4091,5463,149,1
4092,2732,135,1
4093,7787,27,0
4094,5740,231,0
4095,7791,86,0
4096,6019,266,0
4097,1642,242,0
4098,3800,408,1
4099,126,0,0
4100,7795,52,0
4101,7796,101,1
4102,7798,32,0
4103,3794,16,0
4104,3103,764,0
4105,5063,115,1
4106,7802,326,1
4107,921,41,0
4108,6048,1543,0
4109,508,1544,0
4110,7807,546,1
4111,7787,16,0
4112,7811,400,1
4113,3792,52,0
4114,7814,39,1
4115,7815,52,0
4116,3520,231,0
4117,6019,17,0
4118,7035,361,0
4119,7819,242,0
4120,6307,1545,0
4121,6869,1221,0
4122,922,72,1
4123,7832,129,1
4124,7833,47,1
4125,2739,824,0
4126,7836,48,0
4127,1945,1546,0
4128,7838,126,1
4129,4698,717,0
4130,7844,22,0
4131,7846,709,0
4132,2004,165,1
4133,3812,100,1
4134,7849,47,0
4135,7851,118,0
4136,3283,112,1
4137,1510,39,0
4138,7855,34,1
4139,5006,173,1
4140,5656,48,0
4141,1799,18,0
4142,7856,242,0
4143,7857,189,1
4144,7864,242,1
4145,7571,1551,1
4146,1445,86,1
4147,7865,39,1
4148,3833,402,0
4149,7866,461,0
4150,7868,578,1
4151,1395,257,0
4152,7871,126,1
4153,6908,457,0
4154,145,17,0
4155,2677,40,1
4156,7880,47,1
4157,2416,0,0
4158,3812,17,0
4159,1627,1135,0
4160,7787,34,0
4161,7501,17,0
4162,5393,515,0
4163,7886,429,0
4164,7150,709,0
4165,4657,90,0
4166,7888,228,1
4167,7135,40,1
4168,7891,72,1
4169,7892,546,1
4170,6954,1095,1
4171,4364,40,1
4172,1578,189,1
4173,7896,26,0
4174,7897,404,1
4175,7901,90,1
4176,7903,39,1
4177,7906,214,1
4178,7907,48,0
4179,5285,70,0
4180,3064,0,0
4181,4614,718,0
4182,5587,1554,0
4183,7915,47,1
4184,7918,27,0
4185,766,537,1
4186,7924,242,1
4187,4732,875,0
4188,4113,598,0
4189,7929,52,0
4190,7930,17,0
4191,2920,473,1
4192,7933,741,1
4193,7935,90,0
4194,6510,48,0
4195,7936,40,1
4196,7938,225,1
4197,2888,627,0
4198,2007,242,0
4199,7940,181,0
4200,7941,0,0
4201,1144,135,1
4202,7943,89,1
4203,7945,32,0
4204,7946,32,0
4205,4453,40,0
4206,6565,476,0
4207,7947,18,0
4208,7948,0,0
4209,7320,547,0
4210,2903,510,1
4211,7953,546,1
4212,1450,841,1
4213,7954,429,0
4214,7957,19,1
4215,677,1272,1
4216,2774,193,1
4217,7961,47,1
4218,7962,131,0
4219,242,279,1
4220,7968,17,0
4221,7971,176,0
4222,907,17,0
4223,3075,343,1
4224,3652,52,0
4225,7973,82,1
4226,7977,19,1
4227,2638,17,0
4228,5956,537,0
4229,7983,813,1
4230,7984,32,0
4231,7017,326,0
4232,7991,278,1
4233,7994,34,1
4234,1578,1558,0
4235,7996,17,0
4236,7997,32,0
4237,7998,1171,0
4238,1137,483,0
4239,7999,1559,1
4240,8004,424,1
4241,8008,515,0
4242,4886,566,1
4243,8010,48,0
4244,2110,32,0
4245,4610,992,0
4246,8014,537,0
4247,48,57,0
4248,8019,34,0
4249,6792,141,1
4250,8021,1417,0
4251,5293,539,0
4252,1935,26,1
4253,8022,32,0
4254,4070,121,0
4255,2,48,0
4256,8027,73,1
4257,6147,1563,1
4258,1331,349,0
4259,7678,1293,1
4260,2580,592,0
4261,8030,991,0
4262,8031,214,0
4263,126,41,0
4264,8035,1391,1
4265,624,41,0
4266,8041,100,1
4267,1331,52,0
4268,8042,126,1
4269,8045,290,0
4270,5680,181,0
4271,8046,583,0
4272,1344,41,0
4273,622,424,1
4274,3951,1564,0
4275,7781,24,0
4276,2733,32,0
4277,8048,34,1
4278,8049,1050,1
4279,8050,412,0
4280,8051,32,0
4281,3423,1050,1
4282,1508,39,1
4283,8055,195,0
4284,3654,52,0
4285,8058,214,0
4286,1314,1566,0
4287,158,86,0
4288,8060,91,1
4289,5000,141,1
4290,472,219,0
4291,7298,460,0
4292,8069,165,1
4293,8074,1569,0
4294,5411,412,0
4295,8075,1471,1
4296,113,645,0
4297,8077,242,1
4298,8078,73,1
4299,4980,17,0
4300,2215,431,1
4301,8086,40,1
4302,5358,40,0
4303,7976,1272,0
4304,8092,320,1
4305,1116,40,1
4306,6877,278,1
4307,5697,0,0
4308,8094,40,1
4309,8096,39,1
4310,8098,0,0
4311,6249,115,0
4312,8106,73,1
4313,8107,473,1
4314,1895,18,0
4315,8109,95,1
4316,3878,483,0
4317,8111,211,1
4318,3669,844,0
4319,8117,125,1
4320,2993,126,1
4321,1690,1573,1
4322,8119,104,1
4323,8120,391,1
4324,8122,105,1
4325,1794,19,1
4326,8126,1093,1
4327,8128,19,0
4328,1946,60,0
4329,2198,48,0
4330,8132,129,1
4331,8134,210,1
4332,268,1011,1
4333,8135,423,1
4334,8137,39,1
4335,8138,189,1
4336,49,476,0
4337,8139,515,0
4338,5691,34,1
4339,4477,510,0
4340,8140,439,0
4341,5656,41,0
4342,8145,126,1
4343,8149,160,0
4344,8150,741,1
4345,322,51,1
4346,8154,1176,0
4347,8156,125,1
4348,8158,160,1
4349,4262,800,0
4350,8163,361,0
4351,1102,214,0
4352,1566,307,1
4353,2866,835,0
4354,7766,17,0
4355,1366,597,1
4356,2784,1198,0
4357,8168,82,1
4358,8170,73,1
4359,8172,100,1
4360,8173,214,0
4361,8176,126,1
4362,8178,40,1
4363,8179,18,0
4364,8184,126,1
4365,242,214,1
4366,8187,320,1
4367,8192,797,1
4368,4544,997,0
4369,7104,19,0
4370,2998,486,0
4371,3002,536,0
4372,624,1584,1
4373,190,17,0
4374,4895,41,0
4375,8200,52,0
4376,8201,260,0
4377,2016,640,0
4378,8202,575,0
4379,1539,13,0
4380,8204,50,1
4381,789,158,0
4382,8206,214,0
4383,6194,0,0
4384,8207,402,1
4385,1197,1586,1
4386,8208,101,0
4387,8209,32,0
4388,4629,242,1
4389,8212,274,0
4390,6067,1588,0
4391,8213,86,1
4392,8214,548,0
4393,8216,93,1
4394,8218,175,0
4395,8221,460,0
4396,8224,100,1
4397,3541,125,1
4398,8227,100,1
4399,8230,193,1
4400,2508,835,0
4401,1962,994,0
4402,6766,1114,1
4403,8235,189,1
4404,5158,100,1
4405,8236,41,1
4406,1257,242,0
4407,2918,32,0
4408,8238,86,0
4409,1873,197,0
4410,5526,617,0
4411,6289,836,1
4412,8242,326,1
4413,6350,692,1
4414,8250,0,0
4415,8251,0,0
4416,2218,439,0
4417,8253,32,0
4418,8254,39,1
4419,8255,788,1
4420,8256,1221,0
4421,8257,91,0
4422,8258,242,1
4423,3617,1453,1
4424,8262,1515,1
4425,8263,0,0
4426,4856,111,0
4427,8264,750,0
4428,8265,193,1
4429,2426,431,1
4430,2284,242,1
4431,6344,487,1
4432,8274,60,0
4433,8275,739,1
4434,8139,243,1
4435,7292,189,1
4436,7282,349,0
4437,8279,17,0
4438,2186,89,0
4439,8280,89,0
4440,8282,13,0
4441,743,458,0
4442,8283,237,1
4443,7203,57,1
4444,8286,195,0
4445,8287,636,0
4446,8289,343,0
4447,8290,344,0
4448,8291,189,1
4449,8292,47,1
4450,4980,48,1
4451,7351,32,0
4452,5806,0,0
4453,8295,52,0
4454,1994,225,1
4455,8299,100,1
4456,8300,0,0
4457,268,1153,0
4458,8301,40,1
4459,8303,189,1
4460,6551,334,1
4461,8304,100,1
4462,8306,32,0
4463,8310,214,1
4464,6380,18,0
4465,8312,100,1
4466,1029,859,1
4467,8214,1318,0
4468,8314,260,1
4469,678,329,0
4470,3437,1600,1
4471,8320,343,1
4472,7707,478,1
4473,7904,961,0
4474,2525,1602,0
4475,215,266,0
4476,7372,18,0
4477,8324,1023,0
4478,7779,404,1
4479,1046,32,0
4480,472,402,0
4481,8329,582,0
4482,8330,126,1
4483,8332,1604,1
4484,7127,1605,0
4485,3093,687,1
4486,8334,100,1
4487,5815,52,0
4488,8335,210,1
4489,3665,932,1
4490,324,48,0
4491,8336,131,0
4492,8337,125,1
4493,4242,41,0
4494,1102,5,0
4495,2882,0,0
4496,8343,73,1
4497,2681,39,1
4498,268,1606,0
4499,7545,103,1
4500,8347,1126,1
4501,169,193,1
4502,8349,235,0
4503,4290,424,1
4504,48,1607,0
4505,665,517,1
4506,2281,13,0
4507,8353,149,0
4508,1870,631,1
4509,4778,547,0
4510,8356,135,1
4511,8357,32,0
4512,8358,40,1
4513,2274,400,1
4514,5573,155,0
4515,3626,41,0
4516,8360,39,1
4517,8361,163,0
4518,1329,60,0
4519,8362,103,1
4520,8363,53,1
4521,251,264,1
4522,3405,1609,1
4523,55,153,0
4524,1570,39,0
4525,8369,48,0
4526,8370,39,0
4527,8374,40,1
4528,2934,286,0
4529,2418,189,1
4530,8381,134,1
4531,215,692,0
4532,8384,1611,1
4533,938,19,1
4534,288,1158,0
4535,1845,266,0
4536,3531,189,1
4537,4387,27,0
4538,38,286,0
4539,8387,34,0
4540,1146,17,1
4541,4977,128,1
4542,8391,626,1
4543,5643,52,0
4544,8393,155,1
4545,8394,343,1
4546,8395,89,0
4547,2452,692,0
4548,8396,269,1
4549,1301,499,1
4550,8401,1612,1
4551,5080,210,1
4552,2609,73,1
4553,8404,412,0
4554,8405,402,1
4555,49,1026,1
4556,5314,515,0
4557,3451,547,0
4558,8416,82,1
4559,8417,100,1
4560,8420,703,1
4561,8421,176,1
4562,8422,401,1
4563,8424,264,0
4564,643,1272,1
4565,387,1615,0
4566,8107,128,0
4567,8430,618,1
4568,7553,57,1
4569,5101,1616,1
4570,156,22,1
4571,8435,126,1
4572,789,1207,0
4573,4137,1060,1
4574,8436,149,0
4575,1204,17,0
4576,8437,86,1
4577,4477,547,0
4578,2237,18,0
4579,7837,126,1
4580,228,457,0
4581,8450,128,0
4582,3169,278,1
4583,1102,278,0
4584,3606,66,0
4585,7794,1619,0
4586,8462,877,0
4587,8464,176,0
4588,8465,857,1
4589,2214,100,1
4590,2270,402,0
4591,2110,219,0
4592,8475,118,1
4593,6328,39,1
4594,8478,39,1
4595,8480,503,0
4596,8482,709,0
4597,8484,91,1
4598,7571,881,0
4599,5641,458,1
4600,6095,22,1
4601,1482,52,0
4602,8489,82,1
4603,8492,47,1
4604,8493,32,0
4605,1195,483,0
4606,8498,1622,0
4607,6201,40,1
4608,7102,326,0
4609,8500,90,1
4610,8501,689,0
4611,8502,214,1
4612,1472,78,1
4613,3374,709,0
4614,6054,460,0
4615,7892,246,0
4616,8504,343,0
4617,1102,208,0
4618,6029,17,0
4619,2053,584,0
4620,3406,48,1
4621,8508,19,1
4622,6289,129,1
4623,7599,906,0
4624,8511,60,0
4625,3431,1520,1
4626,8514,361,0
4627,8515,43,1
4628,578,34,1
4629,1910,39,1
4630,5782,86,0
4631,5333,1044,0
4632,8517,210,1
4633,8518,349,1
4634,8519,39,0
4635,4983,106,0
4636,8521,95,1
4637,8523,91,0
4638,8190,815,1
4639,2429,387,0
4640,6659,497,1
4641,8524,210,1
4642,6193,404,0
4643,5840,149,0
4644,8528,100,1
4645,8533,673,0
4646,7328,0,0
4647,8534,769,1
4648,6506,196,0
4649,8535,539,0
4650,6967,424,1
4651,8438,402,1
4652,8539,329,1
4653,6954,41,0
4654,8542,1095,1
4655,8243,34,0
4656,1395,138,0
4657,8548,141,1
4658,689,448,0
4659,612,57,1
4660,7491,101,0
4661,1734,1630,0
4662,3340,40,1
4663,8550,372,1
4664,3878,208,0
4665,1123,1631,0
4666,5336,577,1
4667,8555,19,0
4668,8556,99,1
4669,8557,17,0
4670,8558,424,1
4671,5913,266,0
4672,8560,478,1
4673,435,39,1
4674,8562,132,0
4675,6687,269,1
4676,7549,547,0
4677,4192,243,1
4678,8565,18,0
4679,8384,228,0
4680,1095,1153,0
4681,8568,1021,1
4682,8569,542,1
4683,8571,160,1
4684,8572,40,1
4685,8575,326,1
4686,458,399,0
4687,4048,322,0
4688,8579,43,1
4689,8583,39,1
4690,8584,546,1
4691,4533,547,0
4692,6266,958,1
4693,8585,219,1
4694,5427,60,0
4695,5032,48,0
4696,8586,17,0
4697,8590,125,1
4698,1303,1566,0
4699,8593,457,0
4700,6213,654,0
4701,907,1634,0
4702,5816,126,1
4703,8594,807,1
4704,8597,271,1
4705,1137,138,0
4706,6438,32,0
4707,8598,228,1
4708,8600,246,0
4709,5900,242,0
4710,8603,577,1
4711,8604,232,1
4712,1977,235,1
4713,8610,402,0
4714,8613,460,0
4715,6888,155,0
4716,8614,214,1
4717,5641,1513,0
4718,5956,0,0
4719,8615,34,1
4720,8619,40,1
4721,6259,269,1
4722,8622,121,1
4723,1527,149,0
4724,1993,32,0
4725,8625,66,0
4726,8626,464,0
4727,8627,126,1
4728,8632,51,1
4729,2951,17,0
4730,7549,546,1
4731,1162,16,1
4732,2418,131,0
4733,8634,57,1
4734,8635,1023,0
4735,8637,412,0
4736,4962,1060,1
4737,6498,0,0
4738,8639,736,1
4739,858,100,1
4740,1723,320,1
4741,8642,126,1
4742,5590,476,0
4743,8644,126,1
4744,3406,1335,0
4745,8645,129,0
4746,3963,1172,0
4747,8648,274,0
4748,8649,343,1
4749,2253,246,0
4750,4097,1584,1
4751,5332,210,0
4752,7851,40,1
4753,2662,402,1
4754,6076,228,1
4755,8659,40,1
4756,8662,39,1
4757,49,579,0
4758,6194,17,0
4759,5745,131,0
4760,8666,132,0
4761,4048,442,0
4762,8671,18,0
4763,8672,126,1
4764,3044,1238,0
4765,1094,555,0
4766,6458,904,1
4767,8464,73,1
4768,8504,654,1
4769,8679,343,1
4770,8680,741,1
4771,8684,654,1
4772,215,443,1
4773,4097,936,1
4774,297,52,0
4775,8689,41,0
4776,8693,402,1
4777,242,1645,1
4778,2109,17,0
4779,5044,41,0
4780,5671,91,0
4781,797,17,0
4782,667,31,1
4783,242,455,1
4784,8704,43,1
4785,8706,47,1
4786,3375,91,0
4787,8707,1145,0
4788,7940,392,0
4789,8535,129,0
4790,5271,187,0
4791,49,22,0
4792,5142,0,0
4793,8356,17,0
4794,7091,242,0
4795,8716,126,1
4796,7179,764,0
4797,943,351,0
4798,8723,101,0
4799,8724,228,1
4800,8725,977,0
4801,6551,196,0
4802,8727,126,1
4803,3366,386,0
4804,4280,17,0
4805,3342,189,1
4806,8734,1090,1
4807,3037,126,1
4808,8735,60,0
4809,472,321,0
4810,1014,73,1
4811,13,1649,1
4812,1827,40,1
4813,5181,98,0
4814,8016,278,1
4815,6705,242,0
4816,34,111,0
4817,6217,173,1
4818,8752,86,0
4819,800,254,0
4820,8756,495,0
4821,4429,32,0
4822,8761,944,1
4823,5534,165,1
4824,2300,709,0
4825,1890,27,1
4826,8517,1637,0
4827,5210,992,0
4828,617,343,1
4829,5796,52,0
4830,1794,539,0
4831,8766,39,1
4832,7254,709,0
4833,1963,126,1
4834,3283,41,0
4835,5534,189,1
4836,8771,1654,0
4837,8772,60,0
4838,458,5,0
4839,6103,193,1
4840,2488,457,0
4841,352,26,1
4842,8777,180,0
4843,8778,741,1
4844,3470,243,1
4845,3611,372,1
4846,8718,100,1
4847,3264,631,0
4848,7538,189,1
4849,8791,41,0
4850,1146,41,1
4851,8472,187,1
4852,2566,128,1
4853,943,1655,0
4854,6154,134,1
4855,8803,412,0
4856,6123,41,0
4857,8809,269,1
4858,1201,242,1
4859,433,872,0
4860,8817,34,1
4861,8819,260,0
4862,7836,41,0
4863,385,260,1
4864,8077,196,0
4865,2286,13,0
4866,686,483,0
4867,4745,19,1
4868,8825,39,1
4869,6245,100,1
4870,4557,17,0
4871,4422,155,0
4872,7598,129,1
4873,8832,326,1
4874,8834,189,1
4875,8835,1659,0
4876,2763,19,0
4877,8838,167,1
4878,3148,910,0
4879,3380,39,1
4880,8845,892,1
4881,950,802,0
4882,8847,176,1
4883,8848,111,0
4884,6456,39,0
4885,4357,60,0
4886,4270,692,0
4887,2037,111,0
4888,8855,343,1
4889,8856,27,1
4890,8861,1663,0
4891,4918,86,0
4892,2193,39,1
4893,1197,1664,1
4894,8865,73,1
4895,7571,215,0
4896,8866,813,1
4897,302,271,1
4898,8867,577,1
4899,8868,17,0
4900,843,34,0
4901,8870,129,1
4902,8871,0,0
4903,4065,189,1
4904,8873,131,0
4905,2678,91,1
4906,8875,26,1
4907,8876,931,1
4908,1022,286,0
4909,242,1346,1
4910,7266,149,0
4911,5628,101,0
4912,8881,932,1
4913,8505,242,1
4914,4832,129,0
4915,1095,489,0
4916,8884,16,1
4917,3705,60,0
4918,8887,48,0
4919,6064,242,0
4920,6919,27,0
4921,2064,228,1
4922,8893,13,1
4923,5859,39,1
4924,8897,19,1
4925,8903,48,0
4926,8703,155,1
4927,8904,813,1
4928,3003,52,0
4929,2437,1312,0
4930,8909,39,1
4931,1481,160,1
4932,4799,32,0
4933,8913,293,1
4934,5694,47,0
4935,8195,48,0
4936,5307,86,0
4937,5926,460,0
4938,6429,219,0
4939,8922,126,1
4940,8923,269,1
4941,2714,260,0
4942,8926,176,0
4943,8927,278,1
4944,3123,539,1
4945,3655,101,0
4946,1620,764,0
4947,8931,736,1
4948,8098,103,1
4949,8932,155,0
4950,8933,1312,0
4951,5600,100,0
4952,8940,1306,0
4953,8941,546,1
4954,8942,39,1
4955,8945,47,1
4956,3632,73,0
4957,8946,307,1
4958,8947,977,0
4959,1466,743,1
4960,7607,1304,1
4961,8950,210,1
4962,8952,47,1
4963,8953,228,1
4964,49,404,0
4965,8954,0,0
4966,3632,176,1
4967,8957,546,1
4968,415,39,1
4969,210,259,0
4970,8574,82,1
4971,8963,502,0
4972,375,17,0
4973,8965,412,0
4974,8966,32,0
4975,8967,717,0
4976,3778,57,1
4977,943,597,0
4978,4678,658,0
4979,8971,242,0
4980,8972,17,0
4981,2616,334,1
4982,8975,100,1
4983,8977,343,1
4984,8978,0,0
4985,8979,1198,0
4986,2472,329,0
4987,7693,82,1
4988,8983,91,0
4989,8984,149,0
4990,1197,1674,1
4991,1859,959,1
4992,8985,232,1
4993,1734,1675,0
4994,8987,86,1
4995,2445,616,0
4996,7204,1114,1
4997,1197,1676,1
4998,6253,52,0
4999,8388,155,0
5000,8993,1051,1
5001,8995,149,0
5002,2052,63,0
5003,8683,247,1
5004,8255,13,0
5005,9002,274,0
5006,3730,354,0
5007,6848,41,0
5008,3561,43,1
5009,9005,155,0
5010,2523,461,1
5011,4204,160,1
5012,9012,17,0
5013,9019,246,0
5014,9020,39,1
5015,2595,0,0
5016,268,1166,0
5017,8293,13,0
5018,9025,40,1
5019,1880,402,1
5020,685,351,0
5021,4821,52,0
5022,7245,329,0
5023,9029,473,1
5024,4733,91,0
5025,8030,627,0
5026,1182,836,0
5027,9032,160,1
5028,9035,753,0
5029,9036,19,1
5030,9037,836,0
5031,1511,424,1
5032,7696,100,1
5033,508,1682,0
5034,1768,536,0
5035,1471,0,0
5036,943,259,0
5037,9041,19,0
5038,242,504,1
5039,9045,60,0
5040,6008,40,1
5041,9047,344,0
5042,9048,412,0
5043,9049,53,1
5044,4766,17,0
5045,1102,536,0
5046,9051,47,1
5047,1190,135,1
5048,728,1504,0
5049,9053,91,1
5050,1683,16,1
5051,108,48,0
5052,9057,43,1
5053,9062,18,0
5054,242,1376,1
5055,8534,40,0
5056,9067,52,0
5057,9070,442,0
5058,9071,0,0
5059,2485,546,1
5060,268,483,0
5061,651,34,1
5062,9075,73,1
5063,2053,111,0
5064,3143,477,0
5065,2596,636,0
5066,9078,343,1
5067,4039,957,1
5068,302,391,0
5069,228,101,0
5070,4411,460,0
5071,9083,460,0
5072,9084,560,1
5073,9087,100,1
5074,8514,246,0
5075,559,412,0
5076,7703,457,0
5077,8238,91,0
5078,1708,320,1
5079,3148,1525,1
5080,9095,17,0
5081,7073,52,0
5082,9100,1021,1
5083,242,631,1
5084,9102,1346,0
5085,9103,101,0
5086,9106,286,1
5087,8401,355,0
5088,4072,128,0
5089,8666,26,1
5090,4962,1204,0
5091,9111,857,1
5092,9112,431,1
5093,6655,0,0
5094,4567,1141,0
5095,9113,39,1
5096,2585,0,0
5097,2353,372,0
5098,8163,546,1
5099,3406,197,0
5100,4495,1688,0
5101,28,479,1
5102,2972,82,1
5103,9121,247,1
5104,324,17,0
5105,9123,40,1
5106,9124,361,0
5107,247,326,0
5108,9127,402,0
5109,1873,17,0
5110,9129,274,0
5111,9130,410,0
5112,2508,40,1
5113,2359,39,1
5114,3945,844,0
5115,9134,111,0
5116,3218,53,1
5117,9135,18,0
5118,9137,86,0
5119,755,260,1
5120,9138,27,1
5121,8856,457,0
5122,9139,160,1
5123,2557,443,1
5124,9140,73,1
5125,8296,813,1
5126,9150,155,0
5127,5956,803,1
5128,9154,1015,1
5129,9156,101,0
5130,6599,95,1
5131,1893,568,0
5132,9160,654,1
5133,4688,60,1
5134,9163,504,1
5135,9164,19,1
5136,1801,193,1
5137,9165,687,1
5138,9166,225,1
5139,4477,32,0
5140,9167,269,1
5141,1975,467,1
5142,9168,126,1
5143,8498,1691,1
5144,3852,17,0
5145,9169,129,1
5146,3661,836,1
5147,1460,219,0
5148,5228,1663,1
5149,8021,429,0
5150,9174,100,1
5151,9175,687,1
5152,2921,100,1
5153,9149,17,0
5154,9178,606,1
5155,9179,189,1
5156,6125,41,0
5157,9180,160,1
5158,9181,40,1
5159,2763,181,0
5160,9182,1692,1
5161,3954,90,0
5162,8858,709,1
5163,6639,148,0
5164,5753,412,0
5165,7238,219,1
5166,930,515,1
5167,4785,17,0
5168,2738,492,0
5169,1890,16,1
5170,2728,552,1
5171,3773,443,1
5172,9196,0,0
5173,1479,329,0
5174,3800,48,0
5175,5333,1697,0
5176,9198,26,0
5177,5436,48,0
5178,9200,39,1
5179,8578,16,1
5180,9202,1698,0
5181,4421,343,1
5182,8272,34,1
5183,9206,343,1
5184,9208,22,1
5185,1101,743,0
5186,1000,0,0
5187,1675,197,0
5188,5373,53,1
5189,8842,101,0
5190,1167,17,0
5191,9215,155,1
5192,9217,98,1
5193,5660,78,1
5194,9218,654,0
5195,9223,17,0
5196,8562,532,1
5197,9224,414,0
5198,6066,1183,1
5199,1634,60,0
5200,80,327,1
5201,8625,344,0
5202,9229,18,0
5203,9232,104,1
5204,5840,429,0
5205,8946,391,0
5206,3522,41,0
5207,182,1504,0
5208,2997,91,0
5209,1975,663,0
5210,6088,47,1
5211,943,1704,0
5212,2508,32,0
5213,5587,1630,0
5214,1481,457,0
5215,901,219,1
5216,9245,98,1
5217,561,936,0
5218,9246,128,1
5219,9249,32,0
5220,3802,243,1
5221,9251,39,0
5222,9255,1011,1
5223,9258,129,1
5224,9261,313,0
5225,9262,343,1
5226,766,1476,1
5227,4851,0,0
5228,1118,101,0
5229,9268,129,0
5230,6664,1387,0
5231,871,764,0
5232,9271,126,1
5233,8208,34,1
5234,4997,1167,0
5235,8584,547,0
5236,4920,488,0
5237,6096,13,0
5238,1823,1158,0
5239,1977,51,1
5240,950,156,1
5241,2615,392,0
5242,9283,18,0
5243,6137,66,1
5244,9286,1710,0
5245,1197,1711,1
5246,9287,0,0
5247,3308,480,0
5248,9291,510,1
5249,5179,48,0
5250,9294,163,1
5251,498,994,1
5252,2771,16,0
5253,9299,228,0
5254,3618,743,0
5255,5275,693,0
5256,9302,300,1
5257,9304,86,1
5258,1589,941,1
5259,2021,196,0
5260,9310,1712,0
5261,9311,741,1
5262,5807,34,1
5263,641,0,0
5264,9313,991,1
5265,9314,973,0
5266,8694,402,1
5267,601,477,0
5268,9317,242,0
5269,5268,18,0
5270,2306,329,0
5271,1718,404,0
5272,9319,73,1
5273,5062,1714,1
5274,5675,780,1
5275,9322,91,0
5276,1642,709,0
5277,1787,1715,0
5278,9327,57,1
5279,9331,1716,1
5280,9332,15,1
5281,7150,242,0
5282,9335,431,1
5283,8139,0,0
5284,7159,115,0
5285,9337,73,1
5286,4206,17,0
5287,1846,57,1
5288,9339,86,1
5289,5065,111,0
5290,9342,39,1
5291,405,91,0
5292,3150,0,0
5293,9344,60,0
5294,6829,991,1
5295,4314,17,0
5296,28,457,0
5297,9349,82,1
5298,7475,554,0
5299,9353,82,1
5300,9356,654,1
5301,5945,132,0
5302,9360,949,1
5303,7629,48,0
5304,9362,126,1
5305,9145,73,1
5306,1742,101,0
5307,49,1072,0
5308,8511,577,1
5309,9365,149,0
5310,9366,197,0
5311,169,1475,1
5312,9368,344,0
5313,2360,195,1
5314,9372,101,0
5315,4328,47,1
5316,9374,583,0
5317,3178,486,0
5318,9377,131,0
5319,182,1719,1
5320,9378,39,1
5321,4569,196,0
5322,9384,242,1
5323,3280,41,0
5324,59,195,0
5325,9385,301,1
5326,7942,149,0
5327,284,17,0
5328,9391,115,0
5329,9392,18,0
5330,9393,343,1
5331,301,495,0
5332,3619,17,1
5333,6142,129,1
5334,2100,577,1
5335,3986,259,1
5336,7193,189,1
5337,5655,300,1
5338,5480,992,0
5339,9109,242,0
5340,6560,91,0
5341,6606,18,0
5342,2340,305,0
5343,9398,569,0
5344,6435,128,0
5345,6824,187,1
5346,9402,258,0
5347,6059,17,0
5348,49,1096,0
5349,2187,0,0
5350,8943,211,1
5351,9246,1125,0
5352,9404,155,0
5353,943,448,0
5354,3619,48,1
5355,242,483,0
5356,9410,210,1
5357,9411,160,1
5358,9412,228,0
5359,7807,246,0
5360,8518,287,0
5361,6963,1723,0
5362,2868,91,0
5363,8071,39,1
5364,9416,47,1
5365,2828,50,1
5366,9418,126,1
5367,9068,196,0
5368,9421,40,1
5369,1173,1725,0
5370,7410,13,0
5371,3044,895,0
5372,242,257,1
5373,6194,135,1
5374,348,473,1
5375,6131,0,0
5376,9430,0,0
5377,2533,1504,0
5378,9431,944,1
5379,7106,125,1
5380,9433,32,0
5381,284,48,0
5382,3044,478,1
5383,2298,131,0
5384,1314,22,1
5385,2110,95,0
5386,1420,189,1
5387,137,26,1
5388,5044,939,1
5389,288,1726,0
5390,2167,17,0
5391,1767,807,1
5392,8178,15,0
5393,8085,82,1
5394,3251,91,1
5395,2598,149,0
5396,6592,813,1
5397,9458,19,0
5398,9459,126,1
5399,6595,17,0
5400,5415,126,1
5401,48,412,0
5402,9463,258,1
5403,8165,961,0
5404,2073,95,0
5405,9065,1312,0
5406,9467,320,1
5407,9469,100,1
5408,9473,52,0
5409,4726,22,1
5410,2087,128,0
5411,20,1731,0
5412,9478,149,0
5413,9480,0,0
5414,4921,242,1
5415,1089,519,0
5416,7791,91,0
5417,8908,399,1
5418,9483,0,0
5419,9484,568,0
5420,9486,208,0
5421,5957,537,0
5422,5767,126,1
5423,9489,41,0
5424,2141,94,1
5425,8938,126,1
5426,2448,392,0
5427,8384,40,0
5428,6365,17,0
5429,9493,18,0
5430,9494,189,1
5431,5333,1631,0
5432,1977,111,0
5433,338,60,0
5434,9499,100,1
5435,8857,193,1
5436,9503,91,0
5437,5560,18,0
5438,2580,1021,0
5439,33,40,1
5440,9508,326,0
5441,9510,1272,1
5442,9511,669,0
5443,1291,5,0
5444,6587,442,0
5445,9512,26,0
5446,7718,187,0
5447,1744,902,0
5448,9513,443,1
5449,9484,70,1
5450,8399,1306,1
5451,210,128,0
5452,51,15,0
5453,9518,566,1
5454,13,753,1
5455,1659,399,1
5456,1471,135,1
5457,4965,264,1
5458,288,426,0
5459,9525,1734,0
5460,3123,836,1
5461,9527,599,0
5462,8510,343,1
5463,9529,410,1
5464,9533,13,0
5465,9534,813,1
5466,7901,743,0
5467,9537,51,1
5468,3956,460,0
5469,9540,1736,1
5470,3684,1737,0
5471,2347,246,0
5472,9544,48,0
5473,1002,495,0
5474,9547,970,1
5475,3171,1004,0
5476,9548,1312,0
5477,9549,242,1
5478,3105,307,1
5479,7734,89,0
5480,9556,583,0
5481,630,519,1
5482,7650,39,0
5483,1001,1282,0
5484,3470,41,0
5485,6862,89,0
5486,9174,978,0
5487,9558,17,0
5488,2053,48,0
5489,8429,52,0
5490,5558,0,0
5491,3376,219,1
5492,9565,40,0
5493,611,306,0
5494,2218,807,1
5495,7475,1562,0
5496,7682,40,1
5497,4675,815,1
5498,8509,1397,0
5499,5306,718,0
5500,28,34,1
5501,9570,1021,0
5502,7844,402,0
5503,9574,457,0
5504,9575,505,0
5505,700,1562,0
5506,4626,407,0
5507,9577,149,0
5508,4538,197,0
5509,9578,1739,0
5510,1519,43,1
5511,5499,320,1
5512,7144,17,0
5513,8618,155,0
5514,7115,100,1
5515,4308,40,0
5516,9589,60,0
5517,9593,305,0
5518,5986,72,1
5519,9596,126,1
5520,1494,48,0
5521,9598,26,1
5522,8710,18,0
5523,9602,95,1
5524,621,918,0
5525,783,654,0
5526,9606,400,1
5527,6584,17,0
5528,9609,26,0
5529,9610,189,1
5530,4511,98,0
5531,9613,105,1
5532,9615,82,1
5533,9616,155,0
5534,2727,15,1
5535,4410,1743,1
5536,9618,6,1
5537,2110,1554,0
5538,9622,0,0
5539,9623,53,1
5540,9624,1744,0
5541,9627,160,1
5542,8008,17,0
5543,9629,0,0
5544,9630,957,0
5545,9631,19,1
5546,8253,40,1
5547,5338,1051,1
5548,9634,82,1
5549,9636,626,1
5550,4940,329,0
5551,919,5,0
5552,9644,39,1
5553,903,197,0
5554,3823,39,1
5555,2207,160,1
5556,9649,372,0
5557,5436,189,1
5558,9650,242,1
5559,8275,17,0
5560,9653,40,1
5561,9655,26,1
5562,9657,40,1
5563,4948,343,1
5564,2396,111,0
5565,2449,155,0
5566,6123,17,0
5567,5965,402,1
5568,9662,39,1
5569,1362,1722,0
5570,2590,41,0
5571,2148,1023,0
5572,1302,41,0
5573,1018,111,0
5574,630,1603,0
5575,7940,19,0
5576,9673,195,1
5577,4989,149,0
5578,9675,210,1
5579,9185,111,0
5580,4767,281,0
5581,5605,34,1
5582,9676,813,1
5583,9677,210,1
5584,3897,329,0
5585,9678,1304,1
5586,9680,1277,1
5587,8999,155,0
5588,9682,100,1
5589,8928,100,1
5590,48,689,0
5591,1906,286,0
5592,9684,102,1
5593,6102,16,1
5594,5702,286,1
5595,6458,1750,1
5596,4951,547,0
5597,1634,959,1
5598,9689,626,1
5599,9690,17,0
5600,4387,160,1
5601,9699,34,0
5602,9700,32,0
5603,9701,1311,1
5604,9702,17,0
5605,6,43,1
5606,9703,101,0
5607,3784,101,0
5608,9361,1135,1
5609,9706,44,0
5610,9708,40,0
5611,49,259,0
5612,6507,391,1
5613,3571,329,0
5614,2336,510,0
5615,9710,1520,1
5616,2752,40,1
5617,2268,402,0
5618,9715,219,1
5619,1739,0,0
5620,1095,40,0
5621,9716,91,1
5622,9019,547,0
5623,9719,160,0
5624,2888,95,0
5625,4234,82,1
5626,9722,939,1
5627,9723,89,0
5628,9724,1011,1
5629,9726,1756,1
5630,9728,642,1
5631,4195,629,1
5632,9732,457,0
5633,5190,129,1
5634,9735,400,1
5635,9736,82,1
5636,6471,242,1
5637,9739,184,1
5638,9740,86,0
5639,6215,941,1
5640,9745,326,1
5641,1302,0,0
5642,2508,622,0
5643,9750,17,0
5644,9751,247,1
5645,9494,48,0
5646,2756,48,0
5647,2888,307,0
5648,9752,57,1
5649,9753,242,1
5650,1522,1760,0
5651,1038,82,1
5652,7161,34,1
5653,3264,22,1
5654,3292,1289,1
5655,9762,807,1
5656,9763,18,0
5657,3773,17,0
5658,9765,232,1
5659,9767,47,1
5660,6342,480,0
5661,9769,208,0
5662,8,39,0
5663,9770,52,0
5664,6019,48,0
5665,302,769,0
5666,9778,977,0
5667,9781,1766,1
5668,9782,126,1
5669,9783,231,0
5670,5921,135,1
5671,9785,95,1
5672,4775,467,1
5673,9789,431,1
5674,9698,1272,0
5675,8046,480,0
5676,9521,48,0
5677,4897,1335,1
5678,5452,115,0
5679,9792,13,0
5680,5281,70,0
5681,5880,372,1
5682,9795,39,1
5683,8631,34,0
5684,2274,1768,0
5685,3874,246,0
5686,9797,235,0
5687,7771,89,1
5688,5726,39,0
5689,1744,344,1
5690,9800,39,1
5691,6433,1086,0
5692,6241,196,0
5693,4020,17,1
5694,2118,824,1
5695,9802,155,0
5696,3446,546,1
5697,729,39,1
5698,9805,32,0
5699,1399,100,1
5700,9808,15,1
5701,6196,892,1
5702,9810,100,1
5703,9037,129,0
5704,3088,813,1
5705,9814,89,0
5706,9816,626,1
5707,4617,101,0
5708,1632,1770,1
5709,2753,111,0
5710,9822,300,1
5711,871,111,0
5712,9268,19,1
5713,5806,17,0
5714,1336,111,0
5715,6176,750,0
5716,975,125,0
5717,9638,176,1
5718,20,392,1
5719,9833,47,1
5720,4626,5,0
5721,9837,813,1
5722,1772,399,0
5723,4555,91,0
5724,9849,91,1
5725,5853,577,1
5726,9852,1774,1
5727,578,101,0
5728,1335,813,1
5729,9855,106,1
5730,5137,281,0
5731,5300,587,0
5732,9859,1775,0
5733,4290,546,0
5734,9862,997,0
5735,9863,187,1
5736,5551,165,1
5737,9866,269,1
5738,242,5,1
5739,9869,18,1
5740,6387,91,0
5741,6,1776,1
5742,9870,242,0
5743,9872,82,1
5744,6971,73,1
5745,5572,546,0
5746,6824,242,1
5747,7447,115,0
5748,9876,478,1
5749,9881,442,0
5750,6131,992,0
5751,2452,26,0
5752,5169,1777,1
5753,8324,193,1
5754,9883,400,0
5755,1870,279,0
5756,6910,620,1
5757,9885,17,0
5758,242,399,1
5759,1018,153,0
5760,9886,412,0
5761,9891,91,1
5762,9892,210,1
5763,9894,833,1
5764,3446,246,0
5765,9801,34,0
5766,4463,160,0
5767,9897,1275,1
5768,9899,857,1
5769,9344,50,1
5770,9900,129,1
5771,4876,100,1
5772,9906,82,1
5773,7307,52,0
5774,9907,944,1
5775,8438,208,0
5776,9099,106,0
5777,87,18,0
5778,1426,48,0
5779,9916,260,1
5780,2249,552,1
5781,8169,315,1
5782,9037,181,0
5783,9919,329,0
5784,6897,101,0
5785,9922,19,1
5786,2761,99,1
5787,1343,361,0
5788,8593,160,1
5789,6187,242,0
5790,1695,1782,0
5791,7953,361,0
5792,9931,17,0
5793,3566,286,0
5794,1962,95,0
5795,6554,32,0
5796,268,100,0
5797,1395,1584,1
5798,5336,60,0
5799,9935,187,0
5800,268,1785,0
5801,421,337,0
5802,902,78,1
5803,9937,48,0
5804,2073,242,1
5805,9939,13,0
5806,3703,1675,0
5807,9941,165,1
5808,8606,160,1
5809,9068,60,0
5810,7128,457,0
5811,733,1786,0
5812,9943,505,0
5813,139,93,0
5814,9946,15,1
5815,9947,82,1
5816,9948,1787,1
5817,9333,82,1
5818,9949,539,0
5819,4907,48,0
5820,9950,771,1
5821,9951,410,1
5822,9953,13,1
5823,9955,1346,1
5824,9958,582,0
5825,8406,1697,0
5826,9963,126,1
5827,5065,1039,1
5828,3117,128,1
5829,9703,160,1
5830,9964,39,0
5831,9965,32,0
5832,9967,18,0
5833,1193,126,1
5834,90,235,1
5835,2205,39,1
5836,9124,246,0
5837,6373,949,1
5838,9970,60,0
5839,9972,44,0
5840,7477,404,0
5841,5722,392,0
5842,9976,210,1
5843,9977,149,0
5844,9979,1790,1
5845,1548,22,0
5846,852,18,0
5847,1787,1488,1
5848,2121,1513,0
5849,49,994,0
5850,2536,40,1
5851,9982,214,1
5852,9983,492,0
5853,6002,89,0
5854,3002,5,1
5855,8833,39,1
5856,3619,41,1
5857,9984,542,1
5858,943,1090,0
5859,1640,112,0
5860,2973,345,1
5861,8800,797,1
5862,3934,160,1
5863,9989,228,0
5864,8722,149,0
5865,2480,17,0
5866,9993,32,0
5867,9997,17,0
5868,954,279,1
5869,1359,1791,1
5870,2430,129,1
5871,9999,60,0
5872,10004,492,0
5873,1404,17,0
5874,10010,163,1
5875,9599,346,0
5876,861,111,0
5877,63,48,0
5878,954,359,1
5879,6554,40,1
5880,1103,813,1
5881,49,144,0
5882,10017,89,1
5883,8735,50,1
5884,4084,100,1
5885,10018,354,0
5886,10020,176,1
5887,10021,307,1
5888,10022,1387,0
5889,1498,918,0
5890,8169,366,1
5891,5753,40,1
5892,242,1794,1
5893,10023,40,1
5894,1101,129,0
5895,3951,918,0
5896,10024,343,1
5897,1526,1089,1
5898,10025,189,1
5899,215,1795,0
5900,3644,111,0
5901,10026,412,0
5902,10028,214,0
5903,3025,464,0
5904,10029,91,1
5905,581,351,0
5906,8602,101,0
5907,564,539,0
5908,5192,155,0
5909,871,978,0
5910,2580,34,0
5911,3684,41,0
5912,10034,344,0
5913,7085,358,1
5914,2958,19,1
5915,8814,95,1
5916,10037,813,1
5917,10040,93,0
5918,10044,967,0
5919,7969,39,1
5920,6157,1796,1
5921,1641,43,1
5922,10046,673,0
5923,10048,398,1
5924,3572,1797,1
5925,10051,464,0
5926,2115,0,0
5927,4378,17,0
5928,4899,17,0
5929,1993,361,1
5930,10056,300,1
5931,4780,231,0
5932,3833,167,0
5933,7802,125,0
5934,10063,32,0
5935,9321,82,1
5936,10067,125,1
5937,7748,39,1
5938,3362,910,0
5939,10071,410,0
5940,291,214,0
5941,6545,189,1
5942,8603,575,0
5943,58,764,0
5944,8255,243,1
5945,4509,100,1
5946,2961,0,0
5947,10075,176,1
5948,10076,89,1
5949,10077,675,0
5950,5408,101,0
5951,10081,842,0
5952,6668,947,1
5953,5921,17,0
5954,4687,40,1
5955,943,239,0
5956,10086,228,1
5957,4638,133,0
5958,10088,39,0
5959,1189,593,0
5960,10091,39,1
5961,1950,1021,1
5962,2692,852,0
5963,7002,135,1
5964,8993,832,0
5965,10095,50,1
5966,1634,1525,1
5967,7946,40,1
5968,10099,18,0
5969,10100,43,1
5970,10102,547,0
5971,1402,320,1
5972,601,442,0
5973,9356,1114,0
5974,242,1802,1
5975,5325,126,1
5976,6754,18,0
5977,10106,65,1
5978,10107,39,0
5979,6341,402,1
5980,5313,1493,0
5981,10114,1287,1
5982,3452,665,0
5983,9377,189,1
5984,10115,39,1
5985,943,709,0
5986,10119,269,1
5987,10121,1804,1
5988,10123,82,1
5989,10124,1805,1
5990,10125,32,0
5991,10126,32,0
5992,10127,89,1
5993,10128,115,0
5994,10129,39,1
5995,2011,306,0
5996,2816,510,0
5997,2552,39,1
5998,4058,89,0
5999,10132,16,1
6000,766,429,0
6001,10135,187,1
6002,7357,39,1
6003,1044,17,0
6004,1336,750,0
6005,7144,193,1
6006,10138,100,1
6007,1950,1473,0
6008,660,678,0
6009,10142,1095,1
6010,1393,104,1
6011,10144,326,0
6012,10145,175,1
6013,10146,48,0
6014,2847,584,0
6015,49,845,0
6016,943,1205,0
6017,10153,17,0
6018,1570,358,0
6019,4276,125,0
6020,10156,13,0
6021,49,1256,0
6022,10158,39,0
6023,3619,1808,1
6024,320,326,0
6025,9917,13,0
6026,10162,231,0
6027,10165,40,1
6028,839,997,0
6029,1297,95,1
6030,10166,1484,0
6031,4734,412,0
6032,748,322,0
6033,10170,40,1
6034,1118,129,1
6035,2813,228,0
6036,264,129,1
6037,10171,52,0
6038,10173,73,1
6039,6955,719,0
6040,10175,100,1
6041,797,0,0
6042,3539,17,0
6043,10181,98,0
6044,2385,187,0
6045,10184,546,1
6046,4072,208,0
6047,8110,39,0
6048,1331,166,0
6049,7096,40,1
6050,8537,47,1
6051,5226,189,1
6052,10189,131,0
6053,10190,115,0
6054,9558,0,0
6055,10192,343,1
6056,10193,101,0
6057,2767,90,1
6058,6140,86,0
6059,1224,40,1
6060,1952,48,0
6061,10194,120,1
6062,10188,155,1
6063,3384,17,0
6064,3250,73,1
6065,1650,719,0
6066,10198,193,1
6067,1040,78,1
6068,2621,242,0
6069,4510,86,0
6070,10202,932,1
6071,10203,82,1
6072,8045,448,0
6073,10206,72,1
6074,10208,18,0
6075,4553,320,0
6076,158,91,1
6077,8950,345,0
6078,10210,26,1
6079,743,1462,0
6080,10212,50,1
6081,7292,115,0
6082,3782,32,0
6083,1225,476,1
6084,10215,633,1
6085,5970,904,0
6086,10218,1814,0
6087,10219,18,1
6088,10221,66,1
6089,10222,460,0
6090,762,243,0
6091,268,733,0
6092,10224,39,1
6093,937,1815,1
6094,7578,242,0
6095,5039,0,0
6096,10226,86,0
6097,498,1817,1
6098,1450,1768,1
6099,2882,48,0
6100,10230,1818,1
6101,10231,40,1
6102,1291,128,0
6103,6235,991,1
6104,1634,278,1
6105,1018,830,0
6106,5388,1820,1
6107,4605,1114,1
6108,10237,32,0
6109,7214,189,1
6110,8139,197,0
6111,10239,39,0
6112,4300,198,0
6113,10241,48,0
6114,181,1491,0
6115,10244,577,1
6116,8204,60,0
6117,943,320,0
6118,10246,129,0
6119,10247,210,1
6120,10249,165,1
6121,5161,17,0
6122,3762,546,1
6123,3011,26,0
6124,4135,503,1
6125,2004,115,0
6126,10252,26,0
6127,4822,424,1
6128,685,400,0
6129,1718,41,1
6130,8560,918,0
6131,9801,101,0
6132,10260,1038,0
6133,496,424,1
6134,10262,1158,0
6135,5699,17,0
6136,7370,126,1
6137,3935,40,1
6138,8190,383,1
6139,770,73,1
6140,10106,1824,0
6141,768,1293,1
6142,5174,53,1
6143,2207,101,0
6144,10268,126,1
6145,10269,771,0
6146,2218,305,0
6147,1218,583,0
6148,6322,160,1
6149,10241,41,0
6150,5396,115,0
6151,2533,0,0
6152,332,399,1
6153,10273,126,1
6154,5969,1825,1
6155,766,730,1
6156,6648,155,0
6157,10276,126,1
6158,10277,1786,0
6159,10278,1118,0
6160,1906,322,0
6161,1331,100,0
6162,499,166,1
6163,200,17,0
6164,7457,0,0
6165,7791,57,1
6166,1761,78,1
6167,8336,165,1
6168,178,0,0
6169,8128,129,1
6170,4389,1015,1
6171,5956,111,0
6172,4567,583,0
6173,10288,231,0
6174,10289,305,0
6175,2866,40,0
6176,6511,41,0
6177,6865,91,1
6178,1022,658,0
6179,3598,904,0
6180,3049,481,0
6181,661,160,1
6182,5176,17,0
6183,3280,264,1
6184,5000,208,0
6185,3924,78,1
6186,4554,391,0
6187,4067,27,0
6188,348,5,0
6189,10299,1051,1
6190,10300,17,0
6191,9299,91,1
6192,1109,0,0
6193,10301,457,0
6194,10302,1011,1
6195,1359,111,0
6196,8678,991,1
6197,2580,160,1
6198,589,214,0
6199,10308,460,0
6200,10310,0,0
6201,10311,932,1
6202,9799,269,1
6203,10315,1158,0
6204,5411,72,0
6205,10316,673,0
6206,9268,836,1
6207,6386,86,0
6208,8557,48,0
6209,3522,979,1
6210,2347,547,0
6211,10321,39,1
6212,156,473,0
6213,2866,6,0
6214,3943,910,0
6215,943,1089,0
6216,268,1495,0
6217,1441,189,1
6218,10325,301,1
6219,10326,293,1
6220,2621,98,0
6221,1284,0,0
6222,9139,16,1
6223,182,153,0
6224,10339,546,1
6225,10342,40,0
6226,10343,546,1
6227,9897,0,0
6228,10344,442,0
6229,612,91,0
6230,5456,189,1
6231,481,214,0
6232,5449,1830,0
6233,3707,584,0
6234,7815,100,1
6235,2621,0,0
6236,2733,1831,1
6237,1624,1832,1
6238,3660,40,1
6239,1408,1834,0
6240,9988,592,0
6241,10354,18,0
6242,5746,41,0
6243,10356,155,0
6244,7463,473,0
6245,3891,326,0
6246,2841,460,1
6247,4825,806,1
6248,10359,91,0
6249,1326,1020,1
6250,10360,439,0
6251,685,1072,0
6252,3178,798,1
6253,6741,17,0
6254,10362,281,0
6255,2121,815,1
6256,10364,50,1
6257,2507,788,1
6258,458,504,0
6259,2752,412,0
6260,6115,48,0
6261,10370,86,1
6262,1979,1531,0
6263,10372,158,1
6264,7770,149,0
6265,10376,52,0
6266,5032,242,1
6267,8950,17,0
6268,4960,86,0
6269,10378,788,1
6270,6627,1151,1
6271,10379,246,0
6272,1244,643,0
6273,10380,149,0
6274,4612,478,1
6275,7646,978,0
6276,6213,343,1
6277,7646,52,0
6278,10384,196,0
6279,2634,17,0
6280,10387,17,0
6281,10388,228,1
6282,197,48,0
6283,10390,131,0
6284,1644,149,0
6285,10391,50,1
6286,10393,577,1
6287,578,160,1
6288,6055,34,1
6289,10394,429,1
6290,4165,813,1
6291,3799,165,1
6292,10395,460,0
6293,10397,99,1
6294,338,494,1
6295,10400,214,0
6296,10278,825,1
6297,3169,517,0
6298,10404,86,1
6299,3510,189,1
6300,6067,1839,0
6301,10413,32,0
6302,10414,264,1
6303,8599,1521,0
6304,1168,141,0
6305,9131,78,1
6306,3829,39,1
6307,10419,546,1
6308,10420,82,1
6309,3619,0,0
6310,4410,1840,0
6311,8548,404,1
6312,242,991,1
6313,4665,135,1
6314,3943,817,1
6315,10429,995,0
6316,10430,100,1
6317,6668,322,0
6318,302,111,0
6319,10432,228,1
6320,9491,944,1
6321,10437,41,1
6322,8535,0,0
6323,9103,1021,1
6324,2300,460,1
6325,7175,17,1
6326,1885,41,0
6327,10441,1841,0
6328,1695,1842,0
6329,9937,17,0
6330,1102,320,1
6331,6489,1040,1
6332,10444,156,1
6333,10445,1051,1
6334,3022,0,0
6335,4557,41,0
6336,10449,39,1
6337,9290,242,0
6338,9824,18,0
6339,9327,91,0
6340,3170,242,0
6341,930,72,1
6342,2522,1666,0
6343,9213,243,1
6344,893,1844,1
6345,7526,39,1
6346,10456,60,0
6347,10457,1845,1
6348,10458,47,1
6349,4083,1272,0
6350,1400,17,0
6351,10461,19,1
6352,5625,125,1
6353,3852,0,0
6354,9703,315,1
6355,10463,60,0
6356,2733,0,1
6357,10465,73,1
6358,5228,779,1
6359,10468,34,1
6360,9785,391,0
6361,9714,126,1
6362,10471,100,1
6363,1695,102,0
6364,10473,15,1
6365,10474,15,1
6366,6,1847,0
6367,798,286,1
6368,10475,180,0
6369,10476,17,1
6370,10478,1849,0
6371,2739,583,0
6372,160,239,0
6373,3513,111,0
6374,4488,242,1
6375,190,48,0
6376,10481,15,1
6377,9169,19,1
6378,10483,326,0
6379,1821,658,0
6380,2471,424,1
6381,10165,32,0
6382,10485,90,0
6383,2124,717,0
6384,10311,215,0
6385,891,66,1
6386,10490,40,1
6387,7332,944,1
6388,894,189,1
6389,10491,43,1
6390,5691,101,0
6391,1537,18,0
6392,9131,17,0
6393,10252,228,1
6394,10495,39,1
6395,10498,60,0
6396,471,361,0
6397,3123,392,1
6398,8535,19,1
6399,1089,495,0
6400,10501,91,1
6401,3002,402,0
6402,1961,193,1
6403,10505,242,0
6404,6301,57,1
6405,8755,91,0
6406,5314,196,0
6407,7926,41,0
6408,10509,1063,1
6409,2534,1118,0
6410,2651,431,1
6411,1831,242,1
6412,446,94,0
6413,8584,246,0
6414,3798,17,0
6415,7193,53,0
6416,10513,741,1
6417,10514,761,1
6418,10516,39,1
6419,3058,73,1
6420,3641,1854,1
6421,10518,681,1
6422,1723,278,1
6423,8338,231,0
6424,49,536,0
6425,2175,196,0
6426,10524,1857,1
6427,10146,17,0
6428,160,260,0
6429,6474,48,0
6430,3958,517,0
6431,10528,237,1
6432,10299,997,0
6433,10501,86,0
6434,10529,189,1
6435,5275,537,0
6436,10531,100,1
6437,9967,73,1
6438,3810,1355,0
6439,10535,443,1
6440,4173,844,0
6441,5499,242,0
6442,10536,400,0
6443,1195,5,0
6444,5122,48,0
6445,9521,189,1
6446,4663,15,1
6447,4458,443,1
6448,10541,126,1
6449,8346,18,0
6450,5110,1861,1
6451,6792,404,1
6452,1548,844,0
6453,2399,115,0
6454,34,1427,1
6455,3045,517,0
6456,9335,1303,1
6457,9094,402,0
6458,651,160,1
6459,7728,66,0
6460,2274,241,0
6461,5588,47,1
6462,9949,19,1
6463,4259,979,1
6464,10556,665,0
6465,2984,57,1
6466,1406,1126,1
6467,10558,118,1
6468,8645,90,0
6469,2298,189,1
6470,779,184,1
6471,10561,301,1
6472,4049,14,0
6473,3288,402,1
6474,62,343,1
6475,10566,620,1
6476,10568,343,1
6477,49,1866,0
6478,10569,343,1
6479,6266,483,0
6480,665,214,0
6481,9974,1478,1
6482,472,89,0
6483,10570,100,1
6484,1421,797,1
6485,5079,836,1
6486,10573,242,0
6487,2637,402,0
6488,8557,41,0
6489,726,39,1
6490,4372,736,1
6491,5525,41,0
6492,8531,128,0
6493,10277,402,0
6494,472,399,1
6495,1821,797,0
6496,3437,1609,1
6497,226,111,0
6498,10584,41,0
6499,880,72,0
6500,10586,149,0
6501,806,410,0
6502,10476,269,1
6503,10587,131,0
6504,4295,149,1
6505,10588,89,1
6506,10589,100,1
6507,10590,210,1
6508,10591,86,1
6509,2314,629,1
6510,10595,577,1
6511,10596,13,0
6512,288,424,0
6513,1400,399,1
6514,2452,1134,0
6515,10599,155,1
6516,372,1869,0
6517,10601,39,1
6518,7137,129,1
6519,10602,101,0
6520,2797,27,1
6521,10604,52,0
6522,3587,160,1
6523,3591,247,1
6524,10608,464,0
6525,10609,1639,0
6526,8233,0,0
6527,4072,1871,0
6528,3614,48,0
6529,685,22,0
6530,10616,1507,1
6531,7823,100,1
6532,9358,1744,0
6533,6365,269,1
6534,3754,1874,0
6535,2621,43,0
6536,10620,0,0
6537,10621,278,1
6538,6320,242,0
6539,5065,1861,1
6540,10627,1176,0
6541,9169,181,1
6542,10629,66,0
6543,6048,103,1
6544,5587,576,0
6545,4132,1878,0
6546,123,17,0
6547,8275,0,0
6548,10633,875,0
6549,964,17,0
6550,10635,103,1
6551,6378,34,1
6552,1186,48,0
6553,8122,503,0
6554,7174,39,0
6555,9566,89,1
6556,10636,39,0
6557,8962,39,1
6558,10637,52,0
6559,10638,401,1
6560,9032,101,0
6561,5171,24,0
6562,3178,1879,1
6563,6125,17,0
6564,2489,11,0
6565,10320,219,1
6566,7319,39,1
6567,4877,48,0
6568,10332,72,0
6569,355,1881,0
6570,10651,89,1
6571,10652,43,1
6572,2748,125,1
6573,10498,577,1
6574,10654,443,1
6575,7492,1357,0
6576,10262,1882,1
6577,1283,129,0
6578,3750,537,0
6579,10659,18,0
6580,10660,125,0
6581,10661,269,1
6582,49,488,0
6583,345,412,0
6584,4247,219,1
6585,4698,134,1
6586,2743,472,1
6587,5632,402,0
6588,4127,51,1
6589,6949,992,0
6590,5110,961,0
6591,10662,39,1
6592,10663,0,0
6593,3103,100,1
6594,10665,34,1
6595,4199,1477,1
6596,2841,0,0
6597,8652,82,1
6598,776,82,1
6599,8530,247,1
6600,10668,750,0
6601,8259,322,0
6602,10671,40,1
6603,3825,34,1
6604,271,0,1
6605,9799,51,1
6606,10672,135,1
6607,1950,16,1
6608,10675,34,0
6609,5873,228,1
6610,10676,391,0
6611,5365,111,0
6612,6433,961,0
6613,3010,242,0
6614,7383,52,0
6615,169,1122,1
6616,10446,932,1
6617,10683,1884,0
6618,1030,0,0
6619,9137,91,1
6620,10684,243,1
6621,4289,17,0
6622,7749,101,0
6623,6077,495,0
6624,7990,41,0
6625,5907,40,1
6626,6883,361,0
6627,10465,18,0
6628,7030,457,0
6629,126,1364,1
6630,7937,813,1
6631,8021,66,1
6632,3371,402,1
6633,9540,17,0
6634,10690,225,1
6635,4877,0,0
6636,6949,1023,0
6637,10695,343,1
6638,2336,246,0
6639,10696,301,1
6640,10698,408,1
6641,2761,1886,0
6642,8030,351,0
6643,10699,41,0
6644,2591,48,0
6645,8207,689,0
6646,302,153,0
6647,2753,902,0
6648,9366,0,0
6649,10701,40,1
6650,442,129,1
6651,9839,0,1
6652,3934,16,1
6653,10663,48,0
6654,3267,266,0
6655,6,370,1
6656,7700,190,0
6657,9718,126,1
6658,3285,478,1
6659,1088,836,1
6660,6930,17,0
6661,10708,5,0
6662,3820,211,1
6663,10709,19,1
6664,387,89,1
6665,3951,1887,0
6666,10714,1774,1
6667,10715,443,1
6668,3860,1050,1
6669,9881,286,0
6670,9319,18,0
6671,6877,196,0
6672,4899,78,1
6673,4656,1888,1
6674,2967,34,1
6675,9499,1050,0
6676,7456,1890,0
6677,5057,214,0
6678,4133,577,1
6679,6283,991,1
6680,4504,18,0
6681,7565,0,0
6682,4140,189,1
6683,10370,91,0
6684,10729,39,0
6685,9127,994,1
6686,2314,260,0
6687,10732,176,1
6688,9974,17,0
6689,10734,271,1
6690,2053,345,1
6691,1542,257,0
6692,7643,195,0
6693,4662,86,1
6694,2591,17,0
6695,9415,343,1
6696,806,235,1
6697,1723,279,0
6698,6510,0,0
6699,10738,673,0
6700,10739,176,1
6701,7175,51,1
6702,8539,243,1
6703,9131,135,1
6704,3583,17,0
6705,10740,86,0
6706,3331,197,0
6707,10741,39,1
6708,10742,505,0
6709,10743,126,1
6710,10745,1405,0
6711,6610,18,0
6712,10747,15,1
6713,4825,48,0
6714,3832,17,0
6715,1939,52,0
6716,9912,247,1
6717,2883,497,1
6718,10753,225,1
6719,7656,269,1
6720,7004,914,1
6721,3170,219,0
6722,6358,1895,0
6723,8588,48,0
6724,393,361,0
6725,10762,17,0
6726,6866,304,1
6727,7818,764,0
6728,10591,91,0
6729,10764,246,0
6730,10235,34,1
6731,1744,404,0
6732,1762,539,0
6733,322,269,1
6734,3862,301,1
6735,748,947,1
6736,9732,34,1
6737,385,242,1
6738,3798,48,0
6739,685,259,0
6740,9440,402,1
6741,1085,5,0
6742,10770,82,1
6743,6668,750,1
6744,2662,0,0
6745,38,1470,0
6746,1870,1067,0
6747,10772,40,1
6748,8606,366,1
6749,1648,307,1
6750,10775,32,0
6751,10777,13,0
6752,302,737,1
6753,5896,424,1
6754,6219,112,1
6755,3246,155,0
6756,288,1897,0
6757,10780,82,1
6758,10782,18,0
6759,7704,32,0
6760,10784,99,1
6761,10785,91,0
6762,10788,57,1
6763,4830,131,0
6764,284,53,0
6765,6477,52,0
6766,10246,392,0
6767,6949,17,0
6768,8514,546,1
6769,6822,135,1
6770,10792,510,1
6771,4766,41,0
6772,1528,260,0
6773,3705,961,0
6774,10798,17,0
6775,10800,242,0
6776,2285,40,1
6777,5211,743,0
6778,4070,1851,1
6779,8806,126,1
6780,10247,1637,0
6781,10804,47,1
6782,10807,39,1
6783,7894,26,0
6784,10812,86,0
6785,9914,195,1
6786,10629,112,1
6787,10813,39,1
6788,10814,19,0
6789,10815,60,0
6790,8669,115,0
6791,2640,1133,0
6792,7910,94,1
6793,1114,1011,1
6794,9510,654,1
6795,2245,203,1
6796,1556,48,0
6797,10816,26,1
6798,7935,19,1
6799,6261,815,1
6800,6675,17,0
6801,6241,0,0
6802,4742,43,1
6803,5393,329,1
6804,2785,429,1
6805,9540,164,1
6806,6096,260,0
6807,10826,939,1
6808,4095,1040,1
6809,2104,32,0
6810,8450,473,1
6811,10828,228,0
6812,2151,300,1
6813,10834,66,0
6814,10835,103,1
6815,1191,0,0
6816,10837,196,0
6817,10177,89,1
6818,10500,1786,0
6819,3822,60,0
6820,6920,278,1
6821,9354,82,1
6822,7315,17,0
6823,10548,41,1
6824,9908,27,0
6825,1551,198,0
6826,632,921,1
6827,7719,118,1
6828,1518,580,0
6829,2300,391,1
6830,1426,41,0
6831,10848,13,0
6832,2576,997,0
6833,10849,43,1
6834,1237,386,0
6835,10851,214,0
6836,10854,47,1
6837,10855,195,0
6838,9828,89,1
6839,6350,1207,0
6840,9974,0,0
6841,10858,343,1
6842,10860,356,0
6843,6203,40,1
6844,10141,210,1
6845,9728,300,0
6846,10867,89,1
6847,3264,597,0
6848,2187,17,0
6849,6726,40,1
6850,10870,219,1
6851,7567,16,0
6852,7240,645,0
6853,1975,476,0
6854,2882,1903,0
6855,10873,402,1
6856,3750,72,1
6857,7293,944,1
6858,10876,235,0
6859,3753,0,0
6860,840,1775,0
6861,9432,86,0
6862,10878,510,0
6863,10879,86,0
6864,9988,315,1
6865,2590,1905,1
6866,7058,19,1
6867,1847,211,1
6868,10883,343,1
6869,3373,17,0
6870,6357,82,1
6871,1734,1908,0
6872,3825,457,0
6873,10887,399,0
6874,4567,859,1
6875,10890,126,1
6876,5574,1909,0
6877,2728,132,0
6878,10891,52,0
6879,5966,994,1
6880,10892,26,0
6881,10893,73,0
6882,10894,401,1
6883,4532,32,0
6884,10709,836,1
6885,9839,857,1
6886,9175,89,0
6887,7356,43,1
6888,10898,431,1
6889,8593,16,1
6890,10900,86,1
6891,2131,39,0
6892,242,1910,1
6893,10904,100,1
6894,458,208,0
6895,3222,34,1
6896,4067,160,1
6897,5285,568,0
6898,8259,286,0
6899,2660,39,1
6900,6651,111,0
6901,5706,219,1
6902,6975,100,1
6903,5578,343,0
6904,6241,17,0
6905,10910,304,1
6906,10911,13,0
6907,9273,48,0
6908,10912,235,0
6909,4778,361,0
6910,1022,947,1
6911,1336,286,0
6912,10914,100,0
6913,1634,402,1
6914,1542,43,0
6915,9612,687,1
6916,10915,10,0
6917,7225,40,1
6918,624,0,0
6919,5898,32,0
6920,3383,271,1
6921,10917,189,1
6922,10920,210,1
6923,3313,0,0
6924,2580,1022,0
6925,8395,687,1
6926,1962,22,0
6927,10923,402,0
6928,10924,19,1
6929,10927,505,0
6930,1777,17,0
6931,10932,1221,0
6932,10933,52,0
6933,5314,0,0
6934,10299,832,0
6935,8723,16,1
6936,2108,0,0
6937,10936,408,1
6938,688,246,0
6939,2694,1914,0
6940,10608,225,1
6941,2699,300,1
6942,1695,919,0
6943,1556,269,1
6944,10942,301,1
6945,5137,17,0
6946,2322,91,1
6947,8635,1122,1
6948,10943,228,0
6949,372,1510,0
6950,5730,39,1
6951,5309,39,1
6952,1681,18,0
6953,7309,73,1
6954,8030,448,0
6955,8861,1916,0
6956,8167,39,1
6957,302,6,1
6958,4538,1539,0
6959,10961,687,1
6960,10962,39,1
6961,1888,100,1
6962,967,187,1
6963,10964,176,1
6964,8265,992,0
6965,8343,18,0
6966,5,961,0
6967,8011,91,1
6968,10966,412,0
6969,8572,32,0
6970,1256,546,1
6971,4822,0,0
6972,2243,401,0
6973,10974,232,1
6974,10975,129,1
6975,10976,112,1
6976,10977,100,1
6977,1712,100,1
6978,10981,958,1
6979,737,1920,0
6980,10985,231,0
6981,3767,39,1
6982,4236,100,1
6983,10987,412,0
6984,5265,547,0
6985,8606,315,1
6986,10989,0,0
6987,7670,1484,0
6988,3267,426,0
6989,10990,151,1
6990,10638,26,0
6991,1350,857,1
6992,2163,18,0
6993,7204,654,0
6994,10687,1922,1
6995,10992,346,0
6996,10995,167,1
6997,1787,798,1
6998,3033,242,1
6999,10242,1923,1
7000,8928,978,0
7001,6312,815,1
7002,907,0,0
7003,8011,86,1
7004,4728,1114,1
7005,7524,189,1
7006,11003,0,0
7007,7792,320,1
7008,3674,91,1
7009,11004,242,0
7010,6293,132,0
7011,1277,1614,0
7012,8336,189,1
7013,6574,689,1
7014,5237,606,1
7015,981,52,0
7016,10983,149,0
7017,8560,1335,1
7018,11010,750,0
7019,242,448,0
7020,341,73,1
7021,10383,372,1
7022,7282,153,1
7023,11018,402,1
7024,6921,18,0
7025,6587,750,0
7026,2375,32,0
7027,11023,1927,0
7028,11024,180,1
7029,477,0,0
7030,11026,101,0
7031,2452,1928,0
7032,7517,129,0
7033,1913,19,0
7034,7105,315,1
7035,6144,40,1
7036,3168,537,0
7037,1389,0,0
7038,10604,100,1
7039,11032,343,1
7040,685,214,0
7041,3951,16,0
7042,11033,100,1
7043,10721,442,0
7044,11038,836,0
7045,7490,495,0
7046,1627,480,0
7047,3469,22,1
7048,6737,0,0
7049,212,1619,0
7050,9099,26,0
7051,1962,536,0
7052,126,48,0
7053,228,16,1
7054,4874,1172,0
7055,242,957,1
7056,5032,711,1
7057,4533,32,0
7058,11044,32,0
7059,4354,1531,0
7060,11047,86,0
7061,2882,377,0
7062,4726,219,1
7063,1698,242,0
7064,11050,687,1
7065,1614,606,0
7066,9258,19,0
7067,5,584,0
7068,11052,278,1
7069,943,959,0
7070,6185,73,1
7071,2429,1931,0
7072,4182,73,1
7073,5101,1715,1
7074,6498,17,0
7075,7492,1932,0
7076,46,89,1
7077,11059,41,0
7078,11060,344,0
7079,10246,743,0
7080,11061,86,0
7081,2474,111,0
7082,1256,361,0
7083,3976,673,0
7084,7143,100,1
7085,11064,176,1
7086,5863,48,0
7087,3670,127,0
7088,8809,51,1
7089,943,257,0
7090,11066,32,0
7091,6001,152,0
7092,7649,320,0
7093,5222,832,0
7094,8625,18,1
7095,11070,1933,0
7096,8035,813,1
7097,722,242,1
7098,11072,460,0
7099,8224,52,0
7100,11075,65,1
7101,301,0,0
7102,4546,19,0
7103,7001,386,0
7104,11077,750,0
7105,11078,897,1
7106,8579,196,0
7107,10659,73,1
7108,11079,343,1
7109,11081,457,0
7110,2430,90,1
7111,11082,1506,0
7112,11083,443,1
7113,10172,82,1
7114,9589,50,1
7115,3077,193,1
7116,11089,0,0
7117,7450,237,1
7118,242,1934,1
7119,11091,163,1
7120,3658,39,1
7121,11092,274,0
7122,11093,86,0
7123,10837,939,1
7124,648,39,1
7125,9621,39,1
7126,9484,111,0
7127,2493,34,1
7128,9269,343,1
7129,11102,271,1
7130,11103,1595,0
7131,11104,126,1
7132,8978,189,1
7133,1031,17,0
7134,48,228,0
7135,8602,16,0
7136,1996,47,0
7137,3933,39,1
7138,2613,48,0
7139,11111,98,1
7140,8328,17,0
7141,11116,424,1
7142,11117,32,0
7143,11118,100,1
7144,4857,1937,1
7145,2888,597,1
7146,11120,271,1
7147,3958,17,0
7148,957,101,0
7149,2813,91,1
7150,5711,208,0
7151,11124,424,1
7152,8242,125,0
7153,11125,26,1
7154,957,160,1
7155,9556,859,1
7156,7213,111,0
7157,1025,0,0
7158,11134,1460,1
7159,11135,40,1
7160,6792,991,1
7161,7926,824,1
7162,7941,135,1
7163,3740,48,0
7164,11134,717,0
7165,11141,343,1
7166,11142,878,1
7167,499,1938,0
7168,160,17,0
7169,11146,343,1
7170,11147,189,1
7171,516,181,1
7172,2416,41,0
7173,7391,793,0
7174,7099,1830,0
7175,10128,189,1
7176,10182,47,1
7177,9026,39,1
7178,7565,247,1
7179,5,426,0
7180,11155,918,0
7181,3905,0,0
7182,11156,91,0
7183,11157,40,1
7184,3632,475,0
7185,840,66,0
7186,1331,1939,0
7187,3168,1940,0
7188,996,131,0
7189,9801,27,0
7190,9430,17,0
7191,11162,99,1
7192,3724,0,0
7193,9589,1596,0
7194,11164,135,1
7195,911,101,0
7196,1244,1942,0
7197,324,0,0
7198,621,0,0
7199,3218,195,0
7200,11169,17,0
7201,11171,431,1
7202,7331,155,0
7203,200,991,0
7204,11172,897,1
7205,8501,402,1
7206,7654,132,0
7207,11175,17,0
7208,4533,40,0
7209,3141,126,1
7210,561,536,0
7211,9268,539,0
7212,5199,1924,1
7213,8749,1944,1
7214,11178,51,1
7215,9896,149,0
7216,6662,53,1
7217,11181,225,1
7218,11182,235,0
7219,10618,98,1
7220,11157,32,0
7221,11184,126,1
7222,11186,0,0
7223,11187,692,0
7224,907,334,0
7225,1182,181,0
7226,5411,32,0
7227,11190,43,1
7228,501,149,0
7229,11194,750,0
7230,11195,173,1
7231,8472,242,1
7232,1438,1945,1
7233,11196,210,1
7234,20,539,1
7235,11197,129,0
7236,11198,125,0
7237,11200,687,1
7238,11201,91,0
7239,7514,270,1
7240,11202,802,0
7241,11203,52,0
7242,8298,82,1
7243,4670,1948,1
7244,11204,13,0
7245,5598,1950,0
7246,880,1951,0
7247,11206,13,0
7248,11207,18,0
7249,11208,181,1
7250,547,155,0
7251,8301,32,0
7252,11047,91,0
7253,4835,90,0
7254,8408,1303,1
7255,1286,48,0
7256,610,228,1
7257,3583,41,0
7258,9154,532,0
7259,5916,214,0
7260,11213,91,0
7261,9087,52,0
7262,4369,129,1
7263,1766,100,1
7264,11216,211,1
7265,10764,361,0
7266,8462,344,1
7267,11221,1272,1
7268,11222,343,1
7269,3791,0,0
7270,5200,48,0
7271,4289,48,0
7272,11162,0,0
7273,3221,189,1
7274,11227,60,0
7275,3331,19,1
7276,11228,17,0
7277,157,165,1
7278,524,1834,0
7279,7287,0,0
7280,7237,654,0
7281,320,401,1
7282,11229,32,0
7283,11230,32,0
7284,11231,32,0
7285,7971,18,0
7286,6106,1723,0
7287,3897,1955,0
7288,11233,15,1
7289,11234,52,0
7290,1319,577,1
7291,1628,1901,0
7292,2287,17,0
7293,11235,464,0
7294,951,34,1
7295,559,40,1
7296,3470,48,0
7297,3264,320,0
7298,2523,1731,1
7299,10648,176,1
7300,5503,228,1
7301,145,13,0
7302,3951,844,0
7303,3168,133,0
7304,1634,5,0
7305,4461,210,1
7306,11244,18,0
7307,4951,361,0
7308,1962,214,0
7309,508,103,0
7310,11246,26,1
7311,1966,539,0
7312,10189,115,0
7313,9679,813,1
7314,8871,48,0
7315,1746,264,1
7316,11251,90,0
7317,9183,155,1
7318,5273,17,0
7319,7907,0,0
7320,11254,176,1
7321,8600,547,0
7322,5799,60,0
7323,2615,1957,0
7324,3221,17,0
7325,4033,126,1
7326,11258,464,0
7327,3255,269,1
7328,9948,846,1
7329,11261,105,1
7330,964,0,0
7331,2165,546,1
7332,11264,17,0
7333,6324,40,1
7334,11266,464,0
7335,1603,1960,1
7336,11268,82,1
7337,839,1367,0
7338,4333,39,0
7339,11269,344,1
7340,2753,1961,0
7341,1570,95,0
7342,5455,40,0
7343,4242,0,0
7344,9574,34,1
7345,11271,39,1
7346,5814,442,0
7347,2105,1404,0
7348,38,587,0
7349,9129,741,1
7350,6991,246,0
7351,861,60,0
7352,11273,82,1
7353,11274,214,0
7354,11275,622,0
7355,11276,242,1
7356,11277,89,1
7357,11278,100,1
7358,5007,242,0
7359,242,187,1
7360,11282,228,1
7361,3416,301,1
7362,2280,111,0
7363,1458,372,0
7364,10558,692,1
7365,9598,86,0
7366,8139,48,0
7367,11290,27,0
7368,11292,53,1
7369,11293,100,1
7370,11295,32,0
7371,11296,115,0
7372,943,1222,0
7373,7297,39,0
7374,4678,587,0
7375,5827,343,1
7376,11297,40,1
7377,4976,429,1
7378,2177,197,0
7379,11299,464,0
7380,7666,17,0
7381,5249,52,0
7382,139,1484,0
7383,11301,343,1
7384,6191,1019,1
7385,10640,18,0
7386,3198,41,0
7387,11302,32,0
7388,10834,112,0
7389,546,0,0
7390,4078,82,1
7391,1139,39,1
7392,1262,1786,0
7393,5009,135,1
7394,10311,881,0
7395,11303,279,1
7396,3112,125,1
7397,6059,41,0
7398,11304,41,0
7399,7596,40,1
7400,6676,149,0
7401,11307,19,0
7402,516,90,1
7403,959,460,0
7404,437,242,0
7405,268,91,0
7406,11310,73,1
7407,11311,235,0
7408,10472,1451,1
7409,11313,18,0
7410,9769,404,1
7411,10984,52,0
7412,954,307,1
7413,1695,32,0
7414,2381,315,1
7415,11251,539,0
7416,9037,539,1
7417,10475,239,0
7418,8903,0,0
7419,3460,412,0
7420,11112,43,0
7421,11321,44,0
7422,11322,47,1
7423,3491,537,0
7424,9162,17,0
7425,624,517,1
7426,5281,568,0
7427,6479,112,0
7428,3924,135,1
7429,4400,16,1
7430,3170,95,0
7431,5711,128,0
7432,1772,242,0
7433,2120,0,0
7434,6292,583,0
7435,11329,326,1
7436,2016,1275,1
7437,8602,160,1
7438,8049,1970,0
7439,5580,214,0
7440,11330,39,0
7441,8070,1744,0
7442,11331,103,1
7443,242,1866,1
7444,11333,40,1
7445,11334,19,1
7446,3810,576,0
7447,11335,47,1
7448,11336,52,0
7449,11337,228,1
7450,11338,89,0
7451,6423,235,0
7452,11339,343,1
7453,6773,95,0
7454,5454,242,1
7455,4944,48,0
7456,11342,19,0
7457,9304,91,0
7458,8690,539,0
7459,8588,17,0
7460,10257,321,1
7461,11345,326,1
7462,6794,41,0
7463,11350,503,0
7464,5863,17,0
7465,5916,536,1
7466,3475,15,1
7467,3512,48,0
7468,4463,34,0
7469,11360,187,0
7470,8887,189,1
7471,860,321,1
7472,9475,39,1
7473,11363,658,0
7474,3936,502,0
7475,7751,807,0
7476,11364,52,0
7477,9100,101,0
7478,4913,0,0
7479,11365,32,0
7480,11366,957,0
7481,242,111,0
7482,8391,237,0
7483,11367,43,1
7484,11368,18,0
7485,11370,91,0
7486,10943,125,1
7487,11371,91,0
7488,8109,279,1
7489,11372,750,0
7490,4049,583,0
7491,1352,91,0
7492,8363,195,0
7493,1787,1041,1
7494,11378,126,1
7495,11380,86,0
7496,11381,412,0
7497,10922,189,1
7498,3853,15,1
7499,11386,60,0
7500,338,153,0
7501,11387,100,1
7502,10727,72,0
7503,11389,620,1
7504,11390,18,0
7505,708,22,1
7506,9374,300,1
7507,1291,402,0
7508,2903,1976,0
7509,4378,41,0
7510,4344,100,1
7511,1089,906,0
7512,11392,654,1
7513,447,18,0
7514,11398,274,0
7515,4571,813,1
7516,11400,431,1
7517,10366,214,0
7518,11403,53,1
7519,2648,300,1
7520,4463,27,0
7521,10672,78,1
7522,2137,0,0
7523,11203,100,1
7524,11405,43,1
7525,189,0,0
7526,11408,287,0
7527,10654,713,1
7528,11409,39,1
7529,201,228,1
7530,3563,195,0
7531,1331,944,0
7532,8919,219,1
7533,839,1957,0
7534,11415,1367,1
7535,242,402,1
7536,4546,181,0
7537,11416,100,1
7538,11417,187,0
7539,11421,32,0
7540,4264,377,0
7541,6936,476,0
7542,11423,100,1
7543,1993,246,0
7544,943,95,0
7545,11425,40,1
7546,11426,18,0
7547,5450,48,0
7548,509,17,0
7549,8871,606,1
7550,8404,40,1
7551,4860,645,1
7552,11430,247,1
7553,963,39,0
7554,4910,1295,0
7555,9544,17,0
7556,8761,149,0
7557,1244,1982,1
7558,11435,944,1
7559,11437,1277,1
7560,8059,654,1
7561,11441,100,1
7562,11003,17,0
7563,11442,101,0
7564,2005,19,1
7565,8056,98,1
7566,9932,39,1
7567,1939,978,0
7568,499,27,0
7569,10580,228,1
7570,11445,460,0
7571,10709,196,0
7572,11447,17,0
7573,11449,1221,0
7574,7528,1985,0
7575,2441,19,1
7576,4678,442,0
7577,10828,91,1
7578,7655,189,1
7579,11454,126,1
7580,11455,1987,0
7581,943,1989,0
7582,8881,1551,1
7583,2967,16,1
7584,11457,260,1
7585,10555,231,0
7586,11459,210,1
7587,477,17,0
7588,1634,910,0
7589,10481,44,0
7590,11461,112,1
7591,11462,343,1
7592,9983,1398,1
7593,11463,89,0
7594,11464,1322,1
7595,11465,890,0
7596,4049,300,1
7597,1765,101,0
7598,1248,269,1
7599,10961,41,0
7600,11470,18,0
7601,10379,32,0
7602,5913,495,1
7603,4981,60,0
7604,1408,1851,1
7605,7177,141,1
7606,9207,300,1
7607,7328,135,1
7608,1744,335,0
7609,3854,242,0
7610,11476,242,0
7611,8718,52,0
7612,6353,441,1
7613,860,535,0
7614,8117,91,1
7615,5314,48,0
7616,8856,479,1
7617,2576,1051,1
7618,5558,41,0
7619,8222,687,1
7620,7242,155,0
7621,11484,100,1
7622,242,904,1
7623,7832,90,1
7624,5368,40,1
7625,11485,343,1
7626,11486,629,1
7627,581,257,0
7628,10300,0,0
7629,11490,17,0
7630,3394,687,1
7631,11303,95,1
7632,9185,121,0
7633,11492,547,0
7634,6261,1932,0
7635,2856,743,0
7636,268,1993,0
7637,10184,246,0
7638,7648,50,1
7639,1578,1471,0
7640,11498,53,1
7641,1291,22,0
7642,10635,0,0
7643,9808,44,0
7644,1987,187,1
7645,11500,53,1
7646,6059,48,0
7647,3385,1346,1
7648,11501,0,0
7649,10300,370,1
7650,1917,111,0
7651,11504,189,1
7652,7869,39,1
7653,11507,473,1
7654,11508,40,1
7655,4348,320,0
7656,11501,17,0
7657,11510,43,1
7658,11511,18,0
7659,2166,60,0
7660,11512,39,0
7661,1395,351,0
7662,3961,242,0
7663,7911,17,0
7664,5970,5,0
7665,3381,22,0
7666,11023,1272,1
7667,1131,344,0
7668,426,399,1
7669,10655,208,0
7670,11513,52,0
7671,11518,95,1
7672,1624,17,0
7673,1195,582,0
7674,7296,269,0
7675,3736,402,1
7676,442,539,0
7677,4818,128,0
7678,1173,93,0
7679,2551,901,1
7680,8438,536,1
7681,2253,271,0
7682,11526,372,1
7683,11296,189,1
7684,7945,40,1
7685,1078,992,0
7686,3627,293,1
7687,11528,129,0
7688,3701,95,0
7689,3567,307,1
7690,1787,290,0
7691,11530,0,0
7692,3285,48,0
7693,7387,1119,0
7694,8870,90,1
7695,10311,21,1
7696,840,1051,0
7697,8918,1883,0
7698,6652,39,1
7699,11535,26,1
7700,2707,39,1
7701,9074,18,0
7702,9645,129,1
7703,10573,473,1
7704,11251,19,1
7705,11537,269,1
7706,2860,90,0
7707,808,977,0
7708,11541,977,0
7709,6944,214,1
7710,5753,15,1
7711,11542,18,0
7712,5286,187,0
7713,3798,50,1
7714,2158,1060,1
7715,2528,17,0
7716,10184,361,0
7717,7474,533,0
7718,4452,196,0
7719,20,853,0
7720,8179,73,1
7721,5968,626,1
7722,3618,129,1
7723,7781,149,0
7724,11553,82,1
7725,49,957,0
7726,6232,818,1
7727,7484,52,0
7728,11559,47,1
7729,145,0,0
7730,11563,100,1
7731,11565,1272,1
7732,4053,106,1
7733,3127,1335,1
7734,2866,271,0
7735,11056,118,1
7736,7016,34,0
7737,11569,91,0
7738,4390,439,0
7739,7264,41,1
7740,10683,2002,1
7741,11573,126,1
7742,11574,17,0
7743,1359,266,0
7744,11576,2003,0
7745,11577,505,0
7746,7105,27,0
7747,1556,111,0
7748,10349,372,1
7749,10176,219,1
7750,11472,50,1
7751,5360,242,1
7752,10314,100,1
7753,11582,593,0
7754,6659,958,1
7755,11585,246,0
7756,789,1412,0
7757,49,1384,0
7758,11071,547,0
7759,8844,231,0
7760,11587,402,1
7761,7391,160,1
7762,6588,681,0
7763,4662,91,0
7764,9053,86,0
7765,5902,1861,1
7766,11593,52,0
7767,3114,431,1
7768,11598,52,0
7769,49,991,0
7770,2233,279,1
7771,4742,504,1
7772,3794,366,1
7773,4954,17,0
7774,7266,24,0
7775,3833,836,1
7776,5361,429,1
7777,5590,399,0
7778,9025,32,0
7779,233,17,0
7780,2452,180,0
7781,11603,460,0
7782,10281,343,1
7783,11604,17,0
7784,11605,269,1
7785,11608,381,1
7786,11609,214,0
7787,11611,39,0
7788,277,266,1
7789,1415,18,0
7790,11615,228,1
7791,159,386,0
7792,2053,17,0
7793,11618,429,1
7794,11619,18,0
7795,6157,2008,0
7796,7082,583,0
7797,3405,1437,0
7798,11621,17,0
7799,2227,40,0
7800,11622,264,1
7801,1348,15,0
7802,11623,232,1
7803,6043,41,0
7804,8556,17,0
7805,6154,103,1
7806,3855,100,1
7807,3655,34,1
7808,11221,1114,0
7809,2319,786,0
7810,11630,18,0
7811,302,598,0
7812,11633,53,1
7813,11635,126,1
7814,8601,126,1
7815,5557,377,0
7816,11639,189,1
7817,6023,15,1
7818,6644,197,0
7819,5555,402,1
7820,3537,72,0
7821,6479,166,1
7822,4006,115,0
7823,4588,361,0
7824,7997,40,1
7825,8691,1346,1
7826,1859,242,0
7827,1292,91,1
7828,7291,377,0
7829,11650,90,0
7830,11651,1520,1
7831,5171,149,0
7832,2491,167,0
7833,7284,1465,1
7834,11398,741,1
7835,10181,552,1
7836,4685,22,0
7837,2525,21,1
7838,4204,315,1
7839,2035,329,0
7840,3381,0,0
7841,10270,112,0
7842,11658,60,0
7843,7828,100,1
7844,11662,2012,1
7845,11663,194,1
7846,11665,39,0
7847,1317,779,1
7848,11670,126,1
7849,11671,992,0
7850,516,129,1
7851,8491,260,0
7852,8961,269,1
7853,5625,326,1
7854,1770,429,0
7855,4550,505,0
7856,8248,82,1
7857,11680,939,1
7858,10493,34,1
7859,5123,132,0
7860,8976,260,0
7861,11681,675,0
7862,6474,2013,0
7863,9816,439,0
7864,11687,228,1
7865,685,208,1
7866,10167,18,0
7867,6587,322,0
7868,809,31,1
7869,613,441,0
7870,11689,193,1
7871,10339,361,0
7872,9690,997,1
7873,9217,132,0
7874,11040,228,1
7875,6795,232,1
7876,8777,2015,1
7877,11333,32,0
7878,3753,48,0
7879,11697,104,1
7880,2888,187,0
7881,5894,214,0
7882,11698,32,0
7883,1143,279,1
7884,1628,2017,0
7885,7990,17,0
7886,3469,107,1
7887,2733,167,0
7888,11702,431,1
7889,8030,2018,0
7890,15,300,1
7891,7614,17,0
7892,11706,16,1
7893,868,24,0
7894,11708,228,0
7895,110,1738,0
7896,7143,978,0
7897,9576,65,0
7898,1600,17,0
7899,1844,242,1
7900,8251,380,1
7901,10125,40,1
7902,11711,115,0
7903,2882,269,1
7904,11713,50,1
7905,1729,1095,1
7906,11714,703,1
7907,194,17,0
7908,10040,582,1
7909,11718,100,0
7910,3789,48,0
7911,6709,149,0
7912,11719,13,0
7913,1952,111,0
7914,1570,957,0
7915,2429,835,1
7916,11722,424,1
7917,155,0,0
7918,9409,685,0
7919,10089,126,1
7920,9311,274,0
7921,3794,457,0
7922,11723,17,0
7923,3323,0,0
7924,11724,26,1
7925,3047,73,1
7926,3277,41,0
7927,288,2023,0
7928,11026,160,1
7929,2067,412,0
7930,11730,646,1
7931,3236,546,1
7932,11731,269,0
7933,7994,27,1
7934,1022,322,0
7935,4523,495,0
7936,11735,1321,1
7937,11736,219,1
7938,5287,13,0
7939,11737,126,1
7940,7548,301,1
7941,8024,352,0
7942,7947,73,1
7943,1018,1135,1
7944,4698,818,1
7945,3808,39,0
7946,8533,1050,1
7947,11740,343,1
7948,260,836,0
7949,1348,1507,1
7950,813,31,0
7951,6594,126,1
7952,6665,135,1
7953,3833,19,1
7954,178,17,0
7955,5345,91,0
7956,7485,17,0
7957,855,0,0
7958,2438,131,0
7959,8903,189,1
7960,2763,129,1
7961,1556,197,0
7962,11748,1471,1
7963,1466,90,0
7964,7590,13,0
7965,9163,196,0
7966,2637,399,0
7967,11751,34,0
7968,2491,392,0
7969,10379,546,1
7970,4772,464,0
7971,5680,539,0
7972,5046,86,0
7973,7049,343,1
7974,10033,34,0
7975,11760,128,0
7976,10102,546,1
7977,3649,189,1
7978,302,0,0
7979,11763,17,0
7980,6938,100,1
7981,4039,41,0
7982,11764,214,0
7983,1102,669,0
7984,8279,0,0
7985,11769,939,1
7986,10257,467,1
7987,2599,399,1
7988,3541,111,0
7989,4820,692,1
7990,11772,741,1
7991,9701,180,0
7992,4354,584,0
7993,268,502,0
7994,9690,41,0
7995,9179,48,0
7996,1642,219,0
7997,1642,473,0
7998,3939,1735,0
7999,7542,40,1
8000,1309,402,1
8001,6949,193,1
8002,11040,26,1
8003,4782,47,1
8004,81,329,0
8005,11779,39,1
8006,6498,135,1
8007,7223,1637,0
8008,9053,125,1
8009,7680,219,1
8010,5393,2028,1
8011,4779,881,0
8012,1275,63,1
8013,1225,31,0
8014,9606,31,1
8015,3632,17,0
8016,11689,17,0
8017,4990,1564,0
8018,6802,242,0
8019,10384,43,1
8020,11785,1438,0
8021,10081,43,1
8022,215,65,0
8023,1280,511,1
8024,1905,732,1
8025,10615,13,0
8026,11788,128,0
8027,9822,583,0
8028,1331,490,1
8029,11791,741,1
8030,3203,219,1
8031,11792,39,0
8032,2646,0,0
8033,10500,402,0
8034,11796,129,1
8035,1065,66,0
8036,8460,210,1
8037,10135,196,0
8038,11066,40,1
8039,9068,278,1
8040,5297,219,1
8041,180,19,1
8042,11800,703,1
8043,242,994,1
8044,3958,0,0
8045,9983,441,1
8046,9149,337,0
8047,8757,1159,0
8048,10060,39,1
8049,11806,126,1
8050,6659,555,0
8051,11810,301,1
8052,1343,546,1
8053,3264,95,0
8054,8498,2030,0
8055,2783,155,0
8056,1461,658,0
8057,7897,991,1
8058,11817,343,1
8059,372,2031,1
8060,6174,547,0
8061,1694,24,0
8062,11819,620,1
8063,8250,189,1
8064,9715,402,1
8065,11820,344,0
8066,1182,19,0
8067,40,329,0
8068,11823,43,1
8069,11824,194,1
8070,11825,128,0
8071,3510,115,0
8072,5684,870,1
8073,8759,219,1
8074,4997,43,0
8075,11829,460,0
8076,38,750,0
8077,49,279,0
8078,8731,2033,0
8079,11834,511,1
8080,11835,52,0
8081,5459,0,0
8082,8332,2034,1
8083,9035,1183,1
8084,242,337,0
8085,11836,89,1
8086,6191,1221,0
8087,48,478,0
8088,1495,197,0
8089,3592,17,0
8090,11576,104,1
8091,11839,51,1
8092,1089,566,0
8093,1813,47,1
8094,11843,290,0
8095,5812,0,0
8096,8690,743,0
8097,5956,678,0
8098,9313,141,1
8099,10023,412,0
8100,9331,237,0
8101,2248,100,1
8102,4430,1734,0
8103,2452,2039,0
8104,4005,101,0
8105,5746,48,0
8106,9313,208,0
8107,3955,115,0
8108,9511,214,1
8109,11183,13,0
8110,1062,208,0
8111,11858,741,1
8112,3638,197,0
8113,1012,0,0
8114,4211,1015,1
8115,11860,86,0
8116,11861,91,0
8117,10701,412,0
8118,11863,99,1
8119,8544,18,0
8120,10343,547,0
8121,4581,39,1
8122,183,195,1
8123,11711,131,0
8124,11059,17,0
8125,11868,40,1
8126,372,41,0
8127,7120,17,0
8128,5728,2042,1
8129,11871,343,1
8130,3716,111,0
8131,9048,40,1
8132,6516,1063,1
8133,7193,115,0
8134,7127,497,1
8135,4776,743,0
8136,8459,39,1
8137,9169,90,1
8138,2130,0,0
8139,7935,836,1
8140,5595,17,0
8141,1718,72,1
8142,6991,546,1
8143,8299,52,0
8144,11885,1766,1
8145,5744,2046,0
8146,11886,304,1
8147,11888,100,1
8148,10047,39,1
8149,2503,410,0
8150,11889,593,1
8151,10746,813,1
8152,679,39,1
8153,7818,100,1
8154,3951,1009,0
8155,11722,546,0
8156,11890,32,0
8157,242,2048,1
8158,6043,645,0
8159,11892,78,1
8160,3762,246,0
8161,8957,361,0
8162,11646,126,1
8163,937,1666,0
8164,9510,1114,0
8165,11895,43,0
8166,11896,654,1
8167,2816,361,0
8168,11897,40,1
8169,11898,504,1
8170,11899,900,0
8171,1234,189,1
8172,11900,155,0
8173,7527,0,0
8174,1548,2051,0
8175,49,400,0
8176,11671,441,1
8177,11903,645,0
8178,11904,32,0
8179,8259,658,0
8180,24,53,1
8181,5315,242,1
8182,2286,260,0
8183,3897,17,0
8184,11907,189,1
8185,4197,320,1
8186,10660,326,1
8187,9458,129,1
8188,10145,1515,1
8189,9045,577,1
8190,5980,219,1
8191,2230,1404,0
8192,1675,60,0
8193,1354,300,1
8194,2081,269,1
8195,880,91,0
8196,5577,73,1
8197,1077,13,0
8198,3838,1788,0
8199,2590,17,0
8200,3049,175,0
8201,11924,1605,0
8202,11539,402,0
8203,11925,320,1
8204,2310,402,0
8205,11013,39,1
8206,11492,546,1
8207,5179,41,0
8208,7217,95,1
8209,5179,160,1
8210,937,260,1
8211,4738,176,1
8212,6930,0,0
8213,1634,1867,1
8214,4761,41,0
8215,1620,52,0
8216,11930,86,0
8217,4458,0,0
8218,8347,1783,1
8219,10497,39,1
8220,3174,100,0
8221,10976,66,0
8222,1232,654,0
8223,11931,269,1
8224,9801,160,0
8225,11932,739,1
8226,3426,910,0
8227,3917,813,1
8228,4747,34,1
8229,11938,334,1
8230,11940,242,0
8231,10356,949,1
8232,11941,211,1
8233,124,343,1
8234,160,95,0
8235,1001,2003,0
8236,11945,264,1
8237,2429,702,0
8238,7715,18,0
8239,2201,270,1
8240,4826,126,1
8241,3867,274,0
8242,5574,1731,0
8243,11947,27,0
8244,11948,1335,1
8245,2121,2056,1
8246,3662,329,0
8247,2938,18,0
8248,8252,286,0
8249,11954,358,1
8250,11136,1382,1
8251,3567,391,0
8252,11959,39,1
8253,11961,160,1
8254,11962,214,1
8255,5006,2057,0
8256,11964,82,1
8257,11965,89,1
8258,748,587,0
8259,11968,15,1
8260,11969,86,1
8261,7088,39,0
8262,684,970,1
8263,3247,149,0
8264,11791,274,0
8265,10391,1275,1
8266,7533,424,1
8267,6828,18,1
8268,472,129,0
8269,11112,214,0
8270,5179,197,0
8271,11976,2060,1
8272,11978,155,0
8273,11561,39,0
8274,7784,73,1
8275,4055,269,1
8276,11981,18,0
8277,11983,1322,1
8278,8801,39,1
8279,2763,90,0
8280,498,627,1
8281,7555,39,1
8282,11985,52,0
8283,11380,91,0
8284,1873,48,0
8285,1690,1462,0
8286,7779,208,0
8287,11986,40,1
8288,4835,539,0
8289,8340,0,0
8290,4761,48,0
8291,7108,18,0
8292,2773,100,1
8293,387,1735,0
8294,8511,575,0
8295,11990,52,0
8296,11946,687,1
8297,10292,120,1
8298,11994,73,1
8299,5062,2067,0
8300,7105,1021,1
8301,11996,18,0
8302,871,1286,1
8303,8531,321,0
8304,3463,402,0
8305,1291,399,0
8306,10121,1148,0
8307,65,460,0
8308,6563,270,1
8309,7516,100,1
8310,875,29,0
8311,893,2069,0
8312,10719,343,1
8313,1359,803,0
8314,12008,214,0
8315,12009,39,1
8316,5681,431,1
8317,4759,480,0
8318,1907,73,1
8319,12011,73,1
8320,12013,242,0
8321,12015,40,1
8322,9261,431,1
8323,4361,2071,0
8324,12016,34,1
8325,7360,457,0
8326,242,259,1
8327,215,1158,0
8328,11145,73,1
8329,12019,91,1
8330,11019,228,0
8331,7633,101,0
8332,6643,1535,0
8333,10189,189,1
8334,3126,39,0
8335,12022,235,0
8336,1915,193,1
8337,9698,1114,1
8338,12025,91,0
8339,9141,443,0
8340,5293,19,1
8341,7517,19,1
8342,6082,1439,1
8343,5913,439,1
8344,12028,321,0
8345,2253,361,0
8346,10559,902,0
8347,11102,412,0
8348,12031,39,1
8349,8140,237,1
8350,9919,260,0
8351,2208,320,1
8352,8212,741,1
8353,2316,546,0
8354,12033,22,1
8355,10166,125,1
8356,11760,473,1
8357,1570,259,0
8358,8883,89,0
8359,12035,40,1
8360,12036,472,1
8361,534,100,1
8362,4170,2073,1
8363,8238,57,1
8364,2048,108,0
8365,12037,400,0
8366,6011,1760,1
8367,6510,17,0
8368,4707,39,1
8369,1483,461,0
8370,12044,132,0
8371,5019,72,0
8372,3199,1272,1
8373,4438,457,0
8374,1977,410,1
8375,3962,17,0
8376,12047,0,0
8377,5930,155,1
8378,12049,235,0
8379,1085,242,0
8380,7128,160,1
8381,12050,931,1
8382,2811,162,1
8383,12051,40,1
8384,2053,1039,1
8385,12053,219,1
8386,7718,627,1
8387,9207,583,0
8388,1361,2076,0
8389,10680,193,1
8390,8405,219,1
8391,9702,0,0
8392,11637,126,1
8393,10587,165,1
8394,4314,0,0
8395,4579,40,1
8396,4565,476,0
8397,12059,129,1
8398,10021,95,0
8399,10986,100,1
8400,12062,577,1
8401,10691,50,1
8402,4377,219,1
8403,2475,133,0
8404,12064,73,1
8405,5179,17,0
8406,12065,326,1
8407,1821,947,1
8408,10988,1023,1
8409,12067,126,1
8410,8705,1868,1
8411,611,2078,1
8412,12073,100,1
8413,12074,32,0
8414,1220,2079,0
8415,12066,48,0
8416,9138,34,1
8417,11336,100,0
8418,10736,0,0
8419,12077,235,0
8420,1309,842,1
8421,6374,505,0
8422,6604,361,0
8423,11630,73,1
8424,49,597,0
8425,2586,0,0
8426,8690,836,1
8427,235,189,1
8428,12082,99,1
8429,6255,18,0
8430,3878,991,0
8431,11103,692,1
8432,12086,115,0
8433,11227,577,1
8434,9525,1108,0
8435,12087,155,0
8436,3198,17,0
8437,8019,315,1
8438,268,329,0
8439,1118,16,0
8440,12092,39,1
8441,12093,370,1
8442,12094,997,1
8443,12095,100,1
8444,4259,41,0
8445,12096,2082,0
8446,2319,1909,0
8447,650,65,0
8448,5480,193,1
8449,4199,1075,0
8450,12100,1698,0
8451,12101,210,1
8452,9723,687,1
8453,2585,41,0
8454,12105,104,1
8455,2250,17,0
8456,12107,269,0
8457,2319,2083,1
8458,11835,100,1
8459,12108,1564,0
8460,11507,128,0
8461,11,27,1
8462,12109,431,1
8463,3541,86,0
8464,11093,57,1
8465,10587,115,0
8466,4830,115,0
8467,12113,978,0
8468,12114,91,1
8469,10404,57,1
8470,12115,464,0
8471,12116,457,0
8472,4239,210,1
8473,12118,278,1
8474,724,90,0
8475,6205,34,0
8476,4980,0,0
8477,12120,40,1
8478,9507,39,1
8479,2523,786,0
8480,10992,815,1
8481,12127,542,1
8482,12128,126,1
8483,12078,1335,1
8484,5699,41,0
8485,2774,48,0
8486,12130,402,1
8487,9223,0,0
8488,7126,39,0
8489,5791,243,1
8490,3778,91,0
8491,1962,89,0
8492,12132,39,0
8493,6627,813,1
8494,11014,269,1
8495,12134,242,1
8496,12136,104,1
8497,12138,947,1
8498,426,536,1
8499,49,1092,0
8500,12140,505,0
8501,10498,575,0
8502,4554,89,1
8503,12145,90,0
8504,10715,72,0
8505,12146,47,1
8506,11800,2087,0
8507,12148,195,0
8508,1137,380,0
8509,2207,16,1
8510,12149,2060,1
8511,12151,15,1
8512,4382,17,0
8513,11416,52,0
8514,12154,155,0
8515,6384,947,1
8516,12155,106,1
8517,5807,457,0
8518,12157,129,1
8519,1518,507,0
8520,3893,39,0
8521,12161,875,0
8522,12162,480,0
8523,2118,48,0
8524,2053,235,0
8525,9243,27,0
8526,4713,126,1
8527,12163,412,0
8528,2275,243,1
8529,5806,196,1
8530,1095,404,0
8531,145,243,1
8532,2567,32,0
8533,6967,17,0
8534,9225,41,0
8535,4951,546,1
8536,943,777,0
8537,912,237,0
8538,10390,189,1
8539,12170,126,1
8540,145,41,0
8541,2656,78,1
8542,7276,26,0
8543,6100,214,1
8544,12076,100,1
8545,9497,39,1
8546,6351,27,1
8547,8140,626,1
8548,12173,813,1
8549,157,189,1
8550,6350,1238,0
8551,1475,32,0
8552,6665,78,1
8553,12178,304,1
8554,1331,1353,0
8555,12179,100,0
8556,12181,441,1
8557,7819,402,1
8558,2743,0,0
8559,12184,189,1
8560,5359,481,0
8561,2654,91,1
8562,242,772,1
8563,10577,126,1
8564,12188,89,1
8565,9391,165,1
8566,12189,343,1
8567,2770,98,0
8568,6624,881,0
8569,12191,464,0
8570,12192,1335,0
8571,508,2093,0
8572,6383,219,1
8573,6522,242,0
8574,5977,404,0
8575,3512,17,0
8576,12193,82,1
8577,3406,17,1
8578,1013,17,0
8579,111,366,1
8580,12195,1546,0
8581,9914,53,1
8582,12196,86,0
8583,5350,379,1
8584,6918,19,1
8585,11475,149,0
8586,12198,620,1
8587,7728,877,0
8588,12200,47,1
8589,3507,320,0
8590,12201,231,0
8591,2032,44,0
8592,1471,78,1
8593,2644,654,0
8594,8867,575,0
8595,7326,228,1
8596,12204,431,1
8597,1428,269,1
8598,12205,402,1
8599,8765,39,1
8600,1561,1698,0
8601,12208,1183,1
8602,2245,2096,0
8603,1573,131,0
8604,2053,2034,0
8605,11231,40,1
8606,4910,155,1
8607,12213,441,0
8608,11293,52,0
8609,12214,15,1
8610,12215,73,1
8611,10878,361,0
8612,6283,208,0
8613,11376,910,0
8614,12222,104,1
8615,8731,2099,1
8616,8941,246,0
8617,12223,412,0
8618,12225,82,1
8619,6122,106,1
8620,49,631,0
8621,10654,72,0
8622,12228,126,1
8623,11417,677,1
8624,12232,47,1
8625,3871,86,0
8626,891,17,0
8627,5384,372,0
8628,1762,90,0
8629,4251,189,1
8630,3133,0,0
8631,1070,52,0
8632,3397,86,0
8633,4072,407,0
8634,8347,1456,0
8635,12247,82,1
8636,10375,39,0
8637,158,642,1
8638,1548,1238,0
8639,4492,40,1
8640,4538,17,0
8641,8691,536,1
8642,4992,214,1
8643,5102,473,1
8644,5353,208,0
8645,2756,17,0
8646,948,89,1
8647,12255,40,1
8648,1336,2101,1
8649,12256,1051,1
8650,291,257,0
8651,591,17,0
8652,12259,0,0
8653,9095,135,1
8654,6050,654,0
8655,338,2079,1
8656,156,187,1
8657,12262,219,1
8658,12263,750,0
8659,12264,108,0
8660,2556,31,1
8661,12265,17,0
8662,8856,315,1
8663,6571,343,1
8664,8815,125,0
8665,5,51,1
8666,1035,131,0
8667,8029,18,0
8668,943,1096,0
8669,11385,548,1
8670,12266,53,1
8671,3103,52,0
8672,4193,126,1
8673,7198,32,0
8674,12267,1011,1
8675,10360,626,1
8676,12269,43,1
8677,1165,402,0
8678,80,705,0
8679,8008,517,0
8680,6760,48,0
8681,11257,214,1
8682,12272,47,1
8683,5853,60,0
8684,12273,797,1
8685,9789,1303,1
8686,12274,100,1
8687,12157,539,0
8688,10802,1493,0
8689,12277,40,1
8690,12278,495,0
8691,3563,53,1
8692,12280,32,0
8693,11711,165,1
8694,1423,0,0
8695,5112,18,0
8696,1808,361,0
8697,1723,402,1
8698,3768,39,0
8699,12287,39,1
8700,11940,19,1
8701,212,2104,0
8702,9160,343,0
8703,1095,918,0
8704,12290,17,0
8705,6890,219,1
8706,5421,329,0
8707,10609,149,1
8708,156,994,1
8709,3170,517,0
8710,12295,100,1
8711,7658,126,1
8712,2992,196,0
8713,12298,412,0
8714,10993,41,0
8715,11466,167,1
8716,3035,189,1
8717,12300,184,1
8718,10300,380,1
8719,3323,197,0
8720,3405,0,0
8721,4649,126,1
8722,6698,189,1
8723,12305,176,0
8724,755,483,1
8725,2753,335,0
8726,12306,687,1
8727,5587,1075,0
8728,1718,918,0
8729,11143,329,1
8730,922,402,0
8731,4276,326,0
8732,6946,100,1
8733,12309,189,1
8734,3277,17,1
8735,1675,41,0
8736,2274,31,1
8737,4686,768,0
8738,6101,1051,1
8739,3566,750,1
8740,1462,219,1
8741,1777,135,1
8742,12316,412,0
8743,6602,32,0
8744,12317,126,1
8745,5584,14,0
8746,12324,32,0
8747,12325,156,1
8748,2528,135,1
8749,4685,72,1
8750,1948,219,0
8751,472,153,0
8752,3181,48,0
8753,6756,13,0
8754,1159,39,1
8755,7431,347,1
8756,12327,53,1
8757,7287,17,0
8758,2353,875,0
8759,1225,128,0
8760,4023,472,1
8761,6022,39,1
8762,7978,50,1
8763,9337,18,0
8764,12330,753,0
8765,12331,180,1
8766,12332,750,1
8767,2824,60,0
8768,5954,875,0
8769,12332,442,0
8770,12334,0,0
8771,4005,27,0
8772,4922,321,0
8773,1854,631,1
8774,12335,19,0
8775,5590,1143,1
8776,8538,1493,0
8777,12337,101,0
8778,5566,40,0
8779,10339,547,0
8780,9441,189,1
8781,48,40,0
8782,2313,1663,1
8783,12340,40,1
8784,8150,274,0
8785,6185,176,0
8786,12343,476,0
8787,12344,44,0
8788,11816,709,0
8789,6241,41,0
8790,12346,43,0
8791,10702,510,1
8792,9327,86,0
8793,3074,214,0
8794,12348,39,1
8795,686,402,0
8796,348,242,0
8797,4048,750,1
8798,12016,16,0
8799,6822,0,0
8800,4944,196,0
8801,9029,214,0
8802,11932,1131,0
8803,5416,1004,1
8804,12356,125,1
8805,12357,970,0
8806,8236,0,0
8807,12358,537,0
8808,3226,115,0
8809,12359,228,1
8810,12360,43,1
8811,12361,242,1
8812,10611,53,1
8813,12363,106,1
8814,1885,17,0
8815,9708,424,1
8816,387,1540,0
8817,11924,533,1
8818,12365,176,1
8819,7054,0,0
8820,11135,15,0
8821,1344,40,0
8822,943,1449,0
8823,12366,47,1
8824,12367,1451,1
8825,1969,52,0
8826,49,936,0
8827,5657,1011,1
8828,9492,431,1
8829,12369,242,1
8830,635,19,1
8831,6887,63,0
8832,2392,27,0
8833,451,210,1
8834,4567,14,0
8835,7496,100,1
8836,10343,361,0
8837,12373,89,0
8838,12374,2114,0
8839,6261,458,1
8840,5419,189,1
8841,6283,404,1
8842,4410,1438,0
8843,12379,802,0
8844,685,320,0
8845,5874,176,0
8846,12381,189,1
8847,10999,17,0
8848,5032,0,0
8849,2950,40,1
8850,12385,126,1
8851,9372,34,1
8852,8208,315,1
8853,8264,947,1
8854,6245,52,0
8855,9743,16,1
8856,4015,343,1
8857,8845,1009,1
8858,11229,40,1
8859,9570,16,0
8860,3500,40,1
8861,3317,149,0
8862,2365,381,0
8863,3250,18,0
8864,10775,40,1
8865,242,2115,1
8866,7224,235,0
8867,8340,48,0
8868,3905,17,0
8869,12398,132,0
8870,6272,2116,0
8871,6455,1744,0
8872,49,320,0
8873,2794,361,0
8874,2430,836,1
8875,5200,41,0
8876,8807,266,0
8877,9899,32,0
8878,12401,149,0
8879,3133,17,0
8880,1609,0,0
8881,4378,48,0
8882,665,1584,0
8883,900,2119,1
8884,5057,2121,0
8885,5411,111,0
8886,6595,78,1
8887,139,2098,0
8888,4944,2122,1
8889,10215,0,0
8890,12405,629,1
8891,6217,149,0
8892,4631,91,0
8893,7649,0,0
8894,4972,129,1
8895,3587,27,0
8896,158,125,1
8897,2947,246,0
8898,6498,78,1
8899,8910,334,1
8900,1046,771,0
8901,5887,39,0
8902,12409,82,1
8903,9636,305,0
8904,5211,19,1
8905,2121,458,1
8906,1359,478,0
8907,2580,16,0
8908,8078,18,0
8909,2014,300,1
8910,2474,121,1
8911,4017,17,0
8912,9935,242,1
8913,12411,187,0
8914,10436,39,1
8915,3570,131,0
8916,10700,269,1
8917,419,414,1
8918,3901,17,0
8919,12412,73,1
8920,6174,546,1
8921,8560,22,0
8922,12417,40,1
8923,3150,402,1
8924,6166,269,1
8925,10343,246,0
8926,12418,40,1
8927,7977,129,0
8928,10981,555,0
8929,387,2023,0
8930,9433,40,1
8931,9645,1428,0
8932,4400,34,1
8933,6277,24,0
8934,7968,100,1
8935,7940,743,0
8936,85,443,1
8937,12423,527,1
8938,1591,304,1
8939,9407,82,1
8940,9092,41,0
8941,10029,86,0
8942,7976,654,0
8943,2087,1142,0
8944,814,60,0
8945,12325,1987,0
8946,20,196,0
8947,10410,17,0
8948,12427,18,0
8949,10061,100,1
8950,1759,736,1
8951,3582,857,1
8952,10200,228,1
8953,8705,0,0
8954,5393,17,0
8955,10483,125,1
8956,5079,129,0
8957,1007,187,1
8958,10582,17,0
8959,12423,11,0
8960,12438,931,1
8961,458,423,1
8962,12440,13,0
8963,5564,27,0
8964,1683,2130,1
8965,10509,91,0
8966,9084,2131,0
8967,2230,812,0
8968,12448,511,1
8969,581,1953,0
8970,12449,18,0
8971,5799,1275,1
8972,8030,597,0
8973,6728,48,0
8974,5587,2132,0
8975,4250,126,1
8976,1331,2133,0
8977,12456,19,1
8978,1106,100,1
8979,6784,402,0
8980,4027,184,1
8981,2331,846,1
8982,10672,17,0
8983,12214,44,0
8984,49,351,0
8985,754,91,0
8986,1768,22,1
8987,12464,343,1
8988,12465,63,1
8989,8424,99,1
8990,12466,939,1
8991,5970,187,0
8992,2955,115,0
8993,12469,219,1
8994,12471,210,1
8995,12472,947,1
8996,12018,5,0
8997,12474,155,0
8998,10619,242,0
8999,5464,195,0
9000,10485,19,1
9001,8490,155,1
9002,5867,257,1
9003,8584,361,0
9004,12260,82,1
9005,2090,274,0
9006,943,2115,0
9007,12482,593,1
9008,2272,875,0
9009,12483,126,1
9010,10380,173,1
9011,2165,547,0
9012,8783,39,1
9013,4184,1404,0
9014,9772,343,1
9015,12487,2138,1
9016,4761,323,1
9017,1634,111,0
9018,3616,39,1
9019,3075,517,0
9020,12489,39,1
9021,8010,17,0
9022,10832,39,0
9023,2343,32,0
9024,12496,32,0
9025,6052,193,1
9026,10730,242,0
9027,10369,242,0
9028,1935,104,1
9029,9124,546,1
9030,12497,13,0
9031,2278,769,0
9032,3337,978,0
9033,12498,286,0
9034,481,2140,1
9035,4580,0,0
9036,12499,439,0
9037,7134,160,1
9038,5370,517,1
9039,1438,1539,0
9040,564,129,0
9041,158,326,0
9042,4603,160,1
9043,8845,1171,0
9044,4656,344,0
9045,9698,654,0
9046,11978,949,1
9047,5514,343,1
9048,12503,326,0
9049,6897,160,1
9050,6660,149,0
9051,6878,235,0
9052,12506,91,0
9053,4137,196,0
9054,12507,431,1
9055,3675,40,1
9056,12508,18,0
9057,12509,29,0
9058,1933,34,1
9059,9903,788,1
9060,4643,101,0
9061,5057,128,0
9062,7966,1205,1
9063,862,40,0
9064,7465,361,0
9065,9628,34,1
9066,5917,410,0
9067,6337,219,1
9068,11168,242,0
9069,11975,39,1
9070,6745,26,1
9071,2110,899,0
9072,2480,41,0
9073,1949,43,1
9074,4133,575,0
9075,12519,237,1
9076,2846,17,0
9077,6874,2046,0
9078,11535,228,1
9079,9962,126,1
9080,4861,442,0
9081,5812,17,0
9082,7552,847,0
9083,12526,18,0
9084,2110,153,0
9085,10304,326,0
9086,3113,1135,0
9087,8193,149,0
9088,2859,269,1
9089,11201,86,1
9090,1642,404,0
9091,7552,958,1
9092,12529,32,0
9093,499,153,1
9094,4709,189,1
9095,49,307,0
9096,8046,14,0
9097,5314,17,0
9098,8919,402,1
9099,12195,65,1
9100,3204,29,0
9101,2927,2145,1
9102,10733,402,1
9103,12533,82,1
9104,3978,48,0
9105,97,2146,1
9106,12535,40,1
9107,12536,221,0
9108,1614,2147,0
9109,6961,100,1
9110,1966,90,1
9111,10887,402,0
9112,10565,193,1
9113,12162,300,1
9114,304,259,1
9115,6067,533,1
9116,9965,40,1
9117,4184,159,0
9118,4754,2000,0
9119,242,2148,1
9120,12542,320,1
9121,387,1852,0
9122,12544,100,1
9123,4685,41,0
9124,12545,34,1
9125,1023,189,1
9126,9744,219,1
9127,12549,464,0
9128,6911,160,1
9129,6194,78,1
9130,4169,91,1
9131,242,2091,1
9132,3358,86,0
9133,2064,26,1
9134,12162,583,0
9135,9508,125,1
9136,1082,1050,0
9137,12553,598,0
9138,9710,231,0
9139,12555,39,1
9140,6124,344,0
9141,4048,947,1
9142,8700,39,1
9143,8384,962,0
9144,426,402,1
9145,5694,1198,0
9146,7257,246,0
9147,12561,26,1
9148,12563,91,0
9149,242,569,1
9150,12564,464,0
9151,3222,16,1
9152,12567,100,1
9153,6040,970,0
9154,2120,134,1
9155,6773,709,1
9156,2902,269,1
9157,931,1566,0
9158,1022,750,1
9159,10699,0,0
9160,6833,547,0
9161,9223,788,1
9162,1526,1451,1
9163,1661,2150,0
9164,3586,464,0
9165,12569,47,1
9166,7758,2033,0
9167,12570,259,0
9168,801,31,1
9169,5966,242,1
9170,943,2151,0
9171,9565,412,0
9172,12571,90,0
9173,4910,0,0
9174,12575,18,0
9175,12576,947,1
9176,5804,155,0
9177,372,266,0
9178,12578,32,0
9179,6967,0,0
9180,12579,750,0
9181,12580,189,1
9182,12582,242,0
9183,12583,82,1
9184,7750,246,0
9185,12585,26,1
9186,12586,40,1
9187,9441,48,0
9188,5951,665,0
9189,9434,26,1
9190,12589,203,1
9191,7164,345,1
9192,12334,48,0
9193,9246,214,1
9194,11155,100,1
9195,3287,39,1
9196,4977,1750,1
9197,4244,53,1
9198,7046,242,0
9199,11579,48,0
9200,508,1335,0
9201,8056,132,0
9202,7305,344,0
9203,12036,0,0
9204,12595,39,1
9205,5824,40,0
9206,11698,40,1
9207,12597,47,1
9208,9133,235,0
9209,12598,100,1
9210,8158,101,1
9211,8935,977,0
9212,7794,991,0
9213,2533,111,0
9214,4831,163,1
9215,8024,1450,0
9216,7962,189,1
9217,3983,18,0
9218,1854,187,1
9219,12604,125,1
9220,6266,1890,1
9221,6998,577,1
9222,10736,19,1
9223,10390,115,0
9224,3750,1313,0
9225,6998,575,0
9226,5223,0,0
9227,10951,65,1
9228,8369,17,0
9229,12607,39,1
9230,8680,274,0
9231,4048,587,0
9232,12610,167,1
9233,12611,82,1
9234,11118,978,0
9235,12612,50,1
9236,268,149,0
9237,12613,278,1
9238,12614,547,0
9239,4386,47,1
9240,12617,89,0
9241,10221,1417,0
9242,5901,39,1
9243,7941,78,1
9244,12618,620,1
9245,12619,381,0
9246,12621,39,0
9247,8819,243,0
9248,12622,539,0
9249,1740,32,0
9250,12623,48,0
9251,12624,242,0
9252,4657,743,0
9253,6082,2155,0
9254,6349,100,1
9255,11208,90,1
9256,389,86,1
9257,7984,15,1
9258,1101,19,1
9259,6219,429,0
9260,3170,321,0
9261,508,429,0
9262,12626,47,1
9263,12627,546,1
9264,3597,741,1
9265,355,111,0
9266,1013,252,1
9267,12628,320,0
9268,1704,40,1
9269,3217,93,1
9270,12630,47,1
9271,10918,813,1
9272,12634,39,1
9273,12379,1521,1
9274,8055,53,1
9275,4819,196,0
9276,8103,197,0
9277,9796,1172,0
9278,9092,17,0
9279,7089,246,0
9280,3947,902,0
9281,8132,19,0
9282,11994,18,0
9283,3002,43,1
9284,8857,1023,0
9285,9513,72,0
9286,12638,460,0
9287,12639,129,1
9288,12640,82,1
9289,839,905,0
9290,10314,52,0
9291,4610,0,1
9292,3947,153,0
9293,6945,57,1
9294,1177,1021,1
9295,1293,264,0
9296,602,906,0
9297,9123,412,1
9298,3977,279,1
9299,1695,2159,0
9300,9570,34,1
9301,2824,111,0
9302,2860,392,0
9303,12438,995,0
9304,6120,17,0
9305,11713,60,0
9306,6797,18,0
9307,1654,16,1
9308,12652,189,1
9309,12653,235,0
9310,12655,60,0
9311,12656,126,1
9312,11209,39,0
9313,7239,189,1
9314,5553,22,1
9315,4779,215,0
9316,7175,269,1
9317,12659,41,0
9318,421,517,0
9319,4438,160,1
9320,12660,32,1
9321,4557,0,0
9322,12661,86,0
9323,911,34,0
9324,6462,927,1
9325,3451,246,0
9326,1442,495,0
9327,1158,48,0
9328,2542,478,1
9329,8430,125,1
9330,943,279,0
9331,12259,646,1
9332,12033,320,1
9333,943,144,0
9334,9493,73,0
9335,49,455,0
9336,2739,1141,0
9337,1481,34,1
9338,12673,687,1
9339,11071,40,0
9340,3263,32,0
9341,3430,5,1
9342,7735,1786,0
9343,5101,1923,1
9344,12677,16,0
9345,12679,0,0
9346,12680,1744,0
9347,951,160,1
9348,708,380,1
9349,49,1655,0
9350,12682,231,0
9351,320,2165,1
9352,12003,228,1
9353,370,402,0
9354,12495,372,1
9355,5576,1335,0
9356,2804,2167,1
9357,6304,1923,1
9358,458,187,0
9359,12688,210,1
9360,4566,246,0
9361,4242,17,0
9362,9880,242,0
9363,12608,19,1
9364,7602,48,1
9365,12691,503,0
9366,309,189,1
9367,12694,34,1
9368,4920,399,0
9369,12699,32,0
9370,6597,103,1
9371,12701,431,1
9372,7041,620,1
9373,9650,187,0
9374,9109,320,0
9375,12702,577,1
9376,1356,211,1
9377,6047,546,1
9378,12658,39,0
9379,12704,0,0
9380,4961,40,1
9381,12705,237,1
9382,8701,17,0
9383,943,483,0
9384,10456,577,1
9385,426,17,0
9386,11187,118,0
9387,1046,1588,0
9388,10617,39,1
9389,3958,242,0
9390,11261,381,0
9391,1018,1204,0
9392,12427,73,1
9393,8868,890,0
9394,268,1029,0
9395,8438,399,1
9396,991,483,1
9397,12713,247,1
9398,12715,19,1
9399,1329,575,0
9400,11576,2169,0
9401,943,312,0
9402,4785,0,0
9403,11899,2171,1
9404,110,788,0
9405,6170,443,0
9406,7271,264,1
9407,12104,82,1
9408,1030,1985,0
9409,12719,86,1
9410,2694,2028,1
9411,12720,970,1
9412,5265,546,1
9413,724,539,0
9414,12722,2174,1
9415,4070,835,1
9416,12723,189,1
9417,12726,104,1
9418,4395,0,0
9419,12727,40,1
9420,665,219,0
9421,9384,17,0
9422,1137,351,0
9423,1178,1256,1
9424,1344,195,0
9425,12055,17,0
9426,5129,100,1
9427,12730,100,1
9428,5177,219,1
9429,4280,48,0
9430,2407,40,1
9431,6789,19,1
9432,3794,34,0
9433,11329,125,0
9434,9391,189,1
9435,4954,52,0
9436,5255,636,0
9437,10703,126,1
9438,9039,47,1
9439,1690,2177,0
9440,2448,836,1
9441,5190,90,0
9442,10989,424,1
9443,3905,857,1
9444,12734,126,1
9445,242,2121,1
9446,12082,264,1
9447,12736,40,1
9448,10304,125,0
9449,11986,15,1
9450,5300,658,0
9451,12737,651,1
9452,11288,126,1
9453,12145,19,1
9454,12739,270,1
9455,7257,547,0
9456,8004,40,0
9457,4955,89,1
9458,11155,764,0
9459,8724,26,0
9460,11892,135,1
9461,12747,593,1
9462,6208,286,0
9463,4768,19,1
9464,7105,592,1
9465,10004,992,0
9466,11723,515,1
9467,11725,2098,0
9468,9054,1145,0
9469,4644,404,0
9470,8497,18,0
9471,1210,39,1
9472,2907,160,1
9473,12751,167,1
9474,12752,65,1
9475,581,208,0
9476,5728,460,0
9477,5506,111,0
9478,6123,467,1
9479,11357,1603,1
9480,4495,584,0
9481,5111,126,1
9482,10398,149,0
9483,1087,39,1
9484,1338,402,0
9485,12027,402,1
9486,4677,0,0
9487,9593,807,1
9488,6448,164,0
9489,4863,402,1
9490,12139,1901,0
9491,9259,247,1
9492,12765,473,1
9493,1870,2181,1
9494,12692,129,0
9495,11707,149,0
9496,8195,17,0
9497,7239,165,1
9498,148,32,0
9499,12308,273,0
9500,12769,813,1
9501,4462,978,0
9502,12770,53,1
9503,12178,861,0
9504,9980,39,1
9505,10584,0,0
9506,884,402,1
9507,10900,91,0
9508,12772,210,1
9509,12773,412,0
9510,7074,32,0
9511,2445,587,0
9512,12344,32,0
9513,12774,126,1
9514,12775,1063,1
9515,7153,2182,0
9516,12614,361,1
9517,10270,344,0
9518,12778,40,1
9519,2566,627,0
9520,11888,978,0
9521,1651,50,1
9522,12739,210,1
9523,242,290,0
9524,9645,743,0
9525,12781,47,1
9526,9012,41,0
9527,1331,18,1
9528,8606,101,1
9529,7309,18,0
9530,242,1440,1
9531,304,957,0
9532,2026,878,0
9533,4098,100,1
9534,7113,242,1
9535,1780,91,1
9536,11120,2183,1
9537,7602,17,1
9538,5691,16,1
9539,3285,17,0
9540,5669,539,1
9541,7795,764,0
9542,12791,115,0
9543,6043,0,0
9544,4299,160,1
9545,2771,101,0
9546,2856,129,0
9547,4546,90,0
9548,8732,129,0
9549,12795,32,0
9550,4742,208,0
9551,5641,1357,0
9552,3911,2185,0
9553,8445,247,1
9554,12799,53,1
9555,2728,98,0
9556,12173,1151,1
9557,622,48,0
9558,2508,111,0
9559,10339,246,0
9560,9988,1021,1
9561,9703,34,1
9562,8008,677,1
9563,242,107,1
9564,1870,1083,1
9565,12804,40,1
9566,12805,650,0
9567,1688,193,1
9568,5475,40,1
9569,3342,131,0
9570,1408,1199,0
9571,8103,195,0
9572,5628,1021,1
9573,5393,197,0
9574,1966,129,1
9575,3445,279,1
9576,197,17,0
9577,3754,2066,0
9578,12811,91,1
9579,6969,95,1
9580,7134,34,1
9581,11,1490,0
9582,12211,301,1
9583,12606,18,0
9584,3158,548,0
9585,11602,18,0
9586,708,17,0
9587,242,22,1
9588,4768,181,1
9589,9527,100,1
9590,5589,86,1
9591,6281,546,1
9592,1007,242,1
9593,12817,464,0
9594,8691,959,1
9595,254,66,0
9596,5680,392,0
9597,7607,1072,0
9598,6748,211,1
9599,49,2189,0
9600,2344,39,1
9601,4237,833,1
9602,11117,40,1
9603,5660,0,0
9604,12822,17,0
9605,10067,326,0
9606,7058,167,0
9607,2861,0,0
9608,12691,105,1
9609,12825,40,1
9610,3792,100,1
9611,3233,18,0
9612,12826,158,0
9613,5101,196,0
9614,9592,149,0
9615,7087,343,1
9616,12828,219,1
9617,4152,194,1
9618,5596,741,1
9619,11890,40,1
9620,9092,48,0
9621,8742,1044,0
9622,2452,118,0
9623,1182,167,0
9624,4412,343,1
9625,4944,17,0
9626,5233,39,1
9627,12121,73,1
9628,2727,412,0
9629,8303,0,0
9630,12622,34,1
9631,242,208,1
9632,7832,836,1
9633,3178,214,0
9634,1613,813,1
9635,9414,833,1
9636,268,505,0
9637,3901,0,0
9638,3911,827,0
9639,3331,836,1
9640,9988,2191,1
9641,9672,73,1
9642,7302,1438,0
9643,4726,627,1
9644,6249,131,0
9645,1628,2192,0
9646,8304,52,0
9647,11024,536,0
9648,3693,457,0
9649,5470,91,1
9650,3709,89,1
9651,3701,407,1
9652,5975,17,0
9653,6825,73,1
9654,10063,40,1
9655,3897,0,0
9656,12842,47,0
9657,1096,91,0
9658,12627,246,0
9659,12844,100,1
9660,427,26,1
9661,9565,1158,0
9662,6009,149,0
9663,12845,100,1
9664,3548,235,0
9665,2898,17,0
9666,458,1348,0
9667,10721,750,1
9668,12334,17,0
9669,4513,189,1
9670,12473,232,1
9671,11638,126,1
9672,8620,126,1
9673,5480,0,0
9674,6481,39,1
9675,242,2195,1
9676,12851,126,1
9677,922,1067,0
9678,12589,2096,0
9679,12853,654,0
9680,5249,100,1
9681,6492,197,0
9682,10457,2197,0
9683,12856,98,1
9684,6382,18,0
9685,12859,1561,0
9686,1542,402,1
9687,6734,155,0
9688,12864,40,1
9689,3980,101,0
9690,1392,135,1
9691,8465,32,0
9692,12867,19,1
9693,564,90,0
9694,9536,320,1
9695,3117,214,1
9696,746,195,0
9697,10170,32,0
9698,6760,17,0
9699,2373,2198,0
9700,12871,129,0
9701,458,239,0
9702,5584,300,1
9703,10574,18,0
9704,12872,18,0
9705,2851,243,1
9706,12873,1135,0
9707,8126,329,0
9708,12584,0,0
9709,12878,16,1
9710,12879,43,0
9711,12277,32,0
9712,1007,2199,1
9713,10404,91,0
9714,498,187,1
9715,12880,542,0
9716,12881,27,0
9717,4424,43,1
9718,12882,40,1
9719,5281,327,1
9720,4883,39,1
9721,1634,536,1
9722,472,691,1
9723,3243,111,0
9724,5498,189,1
9725,8879,39,1
9726,9140,18,0
9727,2679,106,0
9728,12885,73,1
9729,4728,343,1
9730,2928,2171,1
9731,6811,100,1
9732,12888,32,0
9733,2734,48,0
9734,1996,648,0
9735,8099,231,0
9736,9422,247,1
9737,2429,426,0
9738,1621,31,1
9739,10917,131,0
9740,10817,39,1
9741,3865,834,0
9742,12894,149,0
9743,7552,156,0
9744,6274,1021,1
9745,12714,343,1
9746,8401,2201,1
9747,12896,231,0
9748,2580,457,0
9749,3082,16,1
9750,6507,329,0
9751,7096,15,1
9752,2767,539,0
9753,2137,48,0
9754,108,41,0
9755,4391,228,0
9756,4862,246,0
9757,264,539,0
9758,4742,904,1
9759,7334,60,0
9760,12134,187,0
9761,138,503,1
9762,12905,82,1
9763,12906,132,0
9764,204,100,1
9765,12907,176,0
9766,12909,104,1
9767,12910,91,0
9768,7007,460,0
9769,1491,78,1
9770,12077,638,1
9771,6914,91,0
9772,8845,2206,0
9773,12549,225,1
9774,1403,228,1
9775,12504,39,1
9776,4819,43,1
9777,12912,343,1
9778,12915,32,0
9779,11265,82,1
9780,1460,89,0
9781,271,48,1
9782,3789,0,0
9783,9865,235,0
9784,12918,100,1
9785,6492,48,0
9786,7151,149,0
9787,3668,1832,1
9788,5391,18,0
9789,5838,414,1
9790,12926,95,1
9791,12928,195,0
9792,1683,1021,1
9793,3353,583,0
9794,2144,95,1
9795,12933,18,0
9796,49,2209,0
9797,7870,53,1
9798,6886,490,1
9799,5840,961,0
9800,1186,0,0
9801,1576,167,1
9802,1220,878,1
9803,10655,404,1
9804,1389,17,0
9805,7517,836,1
9806,7105,1511,1
9807,9637,91,1
9808,7315,0,0
9809,3331,17,0
9810,1505,115,1
9811,12939,1957,0
9812,7633,479,0
9813,12941,965,1
9814,10998,320,1
9815,5660,135,1
9816,3469,597,1
9817,1954,39,1
9818,9165,483,0
9819,4299,101,1
9820,5648,243,1
9821,12944,82,1
9822,1907,18,0
9823,1822,1026,1
9824,3192,18,0
9825,1762,836,1
9826,8008,337,0
9827,5225,247,1
9828,3743,242,0
9829,9286,111,0
9830,10241,939,1
9831,7030,160,1
9832,81,260,0
9833,5262,51,1
9834,10445,997,0
9835,677,343,0
9836,855,48,0
9837,12948,91,1
9838,1518,2101,0
9839,770,18,0
9840,8331,1346,1
9841,2118,0,0
9842,5798,2214,0
9843,1309,709,0
9844,11988,5,1
9845,954,95,1
9846,6853,60,0
9847,9,252,1
9848,11278,52,0
9849,4831,0,0
9850,49,2115,0
9851,12957,39,1
9852,12958,242,1
9853,12959,32,0
9854,10772,32,0
9855,2615,539,0
9856,1651,515,0
9857,12962,221,1
9858,9988,1071,1
9859,387,2215,0
9860,12123,232,1
9861,1495,189,1
9862,6608,34,1
9863,17,160,1
9864,12964,149,0
9865,3638,515,0
9866,6293,98,1
9867,943,399,0
9868,10595,60,0
9869,6351,34,1
9870,4340,0,0
9871,12967,39,1
9872,10328,0,0
9873,1498,100,1
9874,12968,18,0
9875,12969,48,0
9876,5523,344,0
9877,3939,228,0
9878,3064,48,0
9879,10887,1143,1
9880,12927,19,1
9881,12972,19,1
9882,4771,52,0
9883,5275,678,0
9884,12973,813,1
9885,2250,0,0
9886,12975,17,0
9887,1232,1114,1
9888,12679,17,0
9889,12977,648,0
9890,2445,162,1
9891,12978,91,1
9892,1243,39,1
9893,6500,60,0
9894,3955,0,0
9895,2014,859,1
9896,3791,17,0
9897,6995,214,1
9898,11264,2219,1
9899,9941,131,0
9900,7044,947,1
9901,12986,101,0
9902,12987,53,1
9903,686,259,0
9904,4546,392,0
9905,11136,1739,0
9906,5913,626,0
9907,9678,1072,0
9908,3936,918,0
9909,12991,231,0
9910,2266,877,0
9911,8420,2087,0
9912,2690,95,1
9913,4768,836,1
9914,2346,189,1
9915,2883,344,1
9916,8233,17,0
9917,38,658,0
9918,4610,1398,1
9919,6208,947,1
9920,6599,243,1
9921,9769,141,1
9922,7494,39,0
9923,10304,1181,1
9924,10916,48,0
9925,3002,351,0
9926,13000,2221,1
9927,49,402,0
9928,4020,41,1
9929,2,17,0
9930,234,17,0
9931,8163,32,0
9932,10699,48,0
9933,7213,193,1
9934,9852,2194,0
9935,3143,797,0
9936,5865,129,1
9937,943,219,0
9938,2311,111,0
9939,12799,195,0
9940,798,750,0
9941,7897,141,1
9942,6989,73,1
9943,1022,587,0
9944,1723,141,0
9945,5548,547,0
9946,7307,100,1
9947,8568,160,1
9948,13015,82,1
9949,12986,34,1
9950,1884,73,1
9951,10097,39,1
9952,2452,156,0
9953,13017,2225,0
9954,10447,343,1
9955,4169,228,0
9956,5105,957,0
9957,6358,1506,0
9958,8148,242,1
9959,1556,352,0
9960,12666,126,1
9961,12047,189,1
9962,2895,1023,0
9963,7832,743,0
9964,11904,40,1
9965,561,1497,0
9966,10981,497,1
9967,10166,93,0
9968,2435,32,0
9969,6251,40,1
9970,5,410,1
9971,13023,2200,0
9972,13024,18,0
9973,5977,31,0
9974,6063,402,1
9975,6581,39,1
9976,7068,43,0
9977,13026,965,1
9978,1917,2071,1
9979,9032,34,1
9980,13027,687,1
9981,893,2227,0
9982,13029,18,0
9983,7502,1520,1
9984,8526,34,1
9985,3082,101,0
9986,8829,52,1
9987,63,91,1
9988,6829,208,0
9989,13031,2138,0
9990,12273,442,0
9991,3669,692,0
9992,3878,43,0
9993,7779,991,1
9994,5548,361,0
9995,8233,48,0
9996,352,104,1
9997,12487,739,0
9998,7749,457,0
9999,7782,402,1
10000,4996,441,1
10001,2243,184,0
10002,12859,2230,1
10003,8148,187,1
10004,10860,242,1
10005,7926,269,1
10006,2866,412,1
10007,13037,343,1
10008,5000,404,1
10009,13038,947,1
10010,4354,1795,0
10011,12062,575,0
10012,1906,442,0
10013,7108,66,1
10014,2951,0,0
10015,5292,583,0
10016,2441,836,1
10017,9702,189,1
10018,13042,82,1
10019,10048,1310,0
10020,11411,39,1
10021,6474,41,0
10022,871,599,1
10023,10003,52,0
10024,9622,472,1
10025,13047,176,1
10026,635,90,1
10027,13049,495,0
10028,5796,100,1
10029,2356,692,1
10030,3791,992,0
10031,621,41,0
10032,13051,242,0
10033,6115,17,0
10034,13052,40,1
10035,13053,18,0
10036,10144,125,1
10037,8326,19,1
10038,2541,242,1
10039,268,40,0
10040,13056,1356,1
10041,6776,39,1
10042,12312,939,1
10043,3325,0,0
10044,8713,343,1
10045,11390,73,1
10046,13058,94,1
10047,10376,100,1
10048,7127,958,1
10049,4410,1901,0
10050,4527,443,0
10051,10190,189,1
10052,7807,361,0
10053,12292,461,0
10054,7764,1303,1
10055,2767,181,1
10056,5984,32,0
10057,581,826,0
10058,49,43,0
10059,4057,344,0
10060,2560,43,0
10061,7832,19,1
10062,13064,100,1
10063,1990,32,0
10064,13065,464,0
10065,4997,5,0
10066,9966,1766,1
10067,13067,19,1
10068,5300,286,1
10069,13072,326,0
10070,2621,17,0
10071,621,48,0
10072,6783,48,0
10073,13074,278,1
10074,13075,40,0
10075,1991,32,0
10076,365,0,0
10077,12160,320,1
10078,12157,19,0
10079,11619,73,1
10080,3799,189,1
10081,7127,555,0
10082,338,266,1
10083,10518,402,1
10084,1667,441,1
10085,11392,343,0
10086,3169,1584,1
10087,13077,155,0
10088,3264,1525,0
10089,10816,125,0
10090,417,1029,0
10091,1175,0,0
10092,12752,1824,0
10093,8835,402,1
10094,6704,439,0
10095,11003,41,0
10096,1317,1663,1
10097,1407,941,1
10098,10391,60,0
10099,4909,86,1
10100,11465,606,1
10101,2121,461,1
10102,3750,693,0
10103,13082,19,1
10104,268,66,0
10105,1777,0,0
10106,9613,2239,0
10107,4862,546,1
10108,6378,457,0
10109,98,39,1
10110,13084,18,0
10111,8230,0,0
10112,5971,195,0
10113,6412,91,0
10114,108,17,0
10115,13085,43,1
10116,7751,305,0
10117,13087,2240,1
10118,13088,26,0
10119,3967,442,0
10120,5112,490,0
10121,1763,586,0
10122,13090,60,0
10123,13091,40,1
10124,6760,836,1
10125,880,489,0
10126,13096,189,1
10127,578,457,0
10128,1182,743,0
10129,10132,101,0
10130,49,1090,0
10131,4115,0,0
10132,13100,91,1
10133,10441,1812,1
10134,8135,214,0
10135,6728,1477,1
10136,2512,60,0
10137,4048,658,0
10138,1007,402,1
10139,12930,210,1
10140,3721,100,1
10141,1423,41,0
10142,12604,326,0
10143,13105,242,0
10144,1352,86,0
10145,13106,17,0
10146,10331,39,1
10147,5132,39,0
10148,2673,125,1
10149,12120,32,0
10150,13022,39,1
10151,12617,687,1
10152,1518,1248,0
10153,11645,343,1
10154,13108,126,1
10155,7284,50,1
10156,10655,991,1
10157,2087,95,0
10158,8590,228,0
10159,8046,300,1
10160,2341,293,1
10161,10388,26,0
10162,13110,40,0
10163,11722,232,0
10164,5466,149,0
10165,8230,17,0
10166,6603,32,0
10167,13087,17,0
10168,13031,1287,1
10169,12130,242,0
10170,387,372,0
10171,581,214,0
10172,13115,34,1
10173,13116,193,1
10174,1291,959,0
10175,1089,1453,0
10176,7274,17,0
10177,13119,60,1
10178,12123,386,0
10179,10565,17,0
10180,12151,44,0
10181,2687,39,1
10182,4354,803,0
10183,13123,53,1
10184,5413,158,1
10185,6685,39,1
10186,13124,675,1
10187,13125,13,0
10188,4627,1450,0
10189,753,126,1
10190,13126,82,1
10191,6485,673,0
10192,13127,780,0
10193,332,627,1
10194,8555,539,1
10195,4853,153,1
10196,8364,52,0
10197,943,826,0
10198,13130,1176,0
10199,288,232,1
10200,1369,580,0
10201,12735,258,1
10202,12316,40,1
10203,13139,1554,1
10204,9825,467,0
10205,13141,173,1
10206,6121,242,0
10207,5527,86,0
10208,1879,18,0
10209,3467,128,0
10210,9762,305,0
10211,13143,39,1
10212,1979,111,0
10213,8648,741,1
10214,7527,78,1
10215,1040,135,1
10216,5200,0,0
10217,279,1023,0
10218,707,48,0
10219,4657,836,1
10220,13148,247,1
10221,13149,1796,0
10222,5369,404,0
10223,6415,343,1
10224,1337,402,1
10225,9123,692,0
10226,8080,709,0
10227,698,155,0
10228,4997,22,1
10229,601,797,0
10230,3531,48,0
10231,4643,160,1
10232,3002,239,0
10233,135,0,0
10234,5937,17,0
10235,4990,648,0
10236,13155,17,0
10237,987,19,1
10238,11114,1535,1
10239,12389,813,1
10240,7261,242,1
10241,581,358,0
10242,8089,39,1
10243,10307,26,1
10244,10135,994,1
10245,3805,17,0
10246,1634,2248,1
10247,10046,1050,1
10248,1183,73,1
10249,12315,39,1
10250,3409,32,0
10251,7274,48,0
10252,11565,654,1
10253,12524,176,0
10254,5641,815,1
10255,1031,0,0
10256,10835,0,0
10257,6019,41,0
10258,4546,836,0
10259,2436,48,0
10260,7911,48,0
10261,8868,606,1
10262,1102,1645,0
10263,11015,34,1
10264,8898,10,0
10265,12346,187,1
10266,1570,579,0
10267,160,1222,0
10268,13167,39,1
10269,13171,91,0
10270,13173,91,1
10271,9993,40,1
10272,212,402,0
10273,10184,547,0
10274,12367,358,1
10275,13174,1957,1
10276,6968,2249,0
10277,49,1704,1
10278,13175,769,1
10279,8908,17,0
10280,13176,26,0
10281,5208,242,1
10282,1548,2251,1
10283,11528,19,1
10284,13179,60,0
10285,13180,173,0
10286,10166,91,1
10287,5413,836,0
10288,9002,741,1
10289,1489,1272,1
10290,3631,158,0
10291,13185,82,1
10292,917,155,0
10293,10322,343,1
10294,6803,402,1
10295,13189,519,0
10296,13190,334,1
10297,320,125,0
10298,2165,246,0
10299,12324,40,1
10300,7751,439,0
10301,13191,39,1
10302,13192,1011,1
10303,13193,629,1
10304,903,961,0
10305,2108,17,0
10306,8163,510,0
10307,7977,90,0
10308,2998,1879,1
10309,12344,15,1
10310,5711,259,0
10311,13201,219,1
10312,4742,242,1
10313,4160,1795,0
10314,1578,115,1
10315,5681,1303,1
10316,2300,95,1
10317,585,70,0
10318,6170,252,1
10319,1965,187,1
10320,10062,126,1
10321,6930,48,0
10322,618,991,0
10323,696,1075,0
10324,5708,947,1
10325,8027,18,0
10326,13209,32,0
10327,5492,813,1
10328,11147,115,0
10329,9804,18,0
10330,12572,0,0
10331,2392,111,0
10332,372,17,0
10333,589,257,0
10334,3129,125,0
10335,1336,1248,0
10336,13215,91,1
10337,4665,78,1
10338,1317,158,0
10339,10987,271,1
10340,4588,547,0
10341,1408,111,0
10342,4742,402,1
10343,13219,196,0
10344,6302,577,1
10345,11723,0,0
10346,12857,73,1
10347,49,767,0
10348,6019,72,1
10349,243,149,0
10350,302,44,1
10351,2754,1744,1
10352,3145,995,0
10353,10896,126,1
10354,943,936,0
10355,6443,41,1
10356,1137,991,0
10357,1212,344,0
10358,6730,813,1
10359,13227,0,0
10360,1776,247,1
10361,2992,43,1
10362,7166,165,1
10363,1411,39,0
10364,8514,547,0
10365,11680,0,0
10366,55,2256,0
10367,3109,1636,1
10368,11103,2257,1
10369,26,1289,1
10370,386,17,0
10371,268,705,0
10372,7223,270,1
10373,13231,286,1
10374,3583,48,0
10375,1628,481,0
10376,13233,86,0
10377,4,82,1
10378,7391,101,1
10379,8682,402,0
10380,472,111,0
10381,1737,17,0
10382,7616,149,0
10383,9268,167,0
10384,1404,135,1
10385,6984,60,0
10386,8742,1697,0
10387,13237,86,1
10388,5916,402,1
10389,180,181,1
10390,13238,242,0
10391,1022,442,0
10392,3093,196,0
10393,13239,326,0
10394,13240,654,1
10395,5863,0,0
10396,13242,228,1
10397,372,1531,0
10398,10833,73,1
10399,297,100,1
10400,8138,48,0
10401,13248,1050,0
10402,2439,91,1
10403,8030,1410,0
10404,13249,326,0
10405,268,2262,0
10406,3669,1335,1
10407,1192,100,1
10408,11993,39,0
10409,7177,404,1
10410,4756,329,0
10411,1096,57,1
10412,6266,306,0
10413,13253,100,1
10414,13257,34,1
10415,5006,149,0
10416,118,404,0
10417,13259,40,1
10418,6719,19,0
10419,1761,135,1
10420,3645,155,1
10421,6142,90,0
10422,1718,844,0
10423,13261,583,0
10424,13262,944,1
10425,3583,0,0
10426,12762,17,0
10427,13263,677,1
10428,36,86,0
10429,1102,627,0
10430,12879,187,1
10431,1239,1660,1
10432,13266,57,1
10433,2365,503,1
10434,3753,806,1
10435,5574,2265,0
10436,11625,939,1
10437,10693,126,1
10438,3737,32,0
10439,1275,910,1
10440,268,478,1
10441,13268,39,1
10442,860,259,0
10443,4997,2115,0
10444,19,73,1
10445,1578,1421,0
10446,11155,52,0
10447,943,579,0
10448,337,40,1
10449,6261,461,0
10450,6125,0,0
10451,2115,41,0
10452,7079,709,0
10453,10520,39,1
10454,1430,52,0
10455,12176,495,0
10456,3517,2266,0
10457,2491,836,1
10458,13276,301,1
10459,6961,52,0
10460,12627,361,0
10461,5977,400,0
10462,1056,129,1
10463,288,372,0
10464,12662,180,1
10465,7028,32,0
10466,8328,320,1
10467,4644,214,0
10468,10493,1473,0
10469,4678,322,0
10470,7272,1023,0
10471,5644,195,0
10472,9132,26,1
10473,3263,547,0
10474,5543,1145,0
10475,6143,155,0
10476,5183,32,0
10477,10173,18,0
10478,1982,242,0
10479,4587,155,0
10480,1479,243,1
10481,4726,504,1
10482,13282,402,1
10483,5226,115,0
10484,6207,90,1
10485,1989,17,0
10486,4506,1322,1
10487,13286,126,1
10488,11951,100,1
10489,689,141,0
10490,3038,19,1
10491,7881,39,1
10492,3583,757,1
10493,10246,90,0
10494,1473,30,1
10495,12250,219,1
10496,12236,329,1
10497,12192,478,1
10498,6201,15,1
10499,3897,1066,0
10500,13291,94,1
10501,8678,208,0
10502,12576,750,0
10503,481,72,1
10504,5832,797,1
10505,6358,2268,0
10506,5479,126,1
10507,12514,18,0
10508,12687,242,0
10509,7083,343,1
10510,1354,480,0
10511,1615,461,0
10512,3323,165,1
10513,11440,72,0
10514,12306,89,0
10515,13294,806,1
10516,13072,125,1
10517,13295,269,1
10518,3313,48,0
10519,2872,5,0
10520,8218,921,1
10521,13298,189,1
10522,13299,861,0
10523,2005,743,0
10524,2704,1051,1
10525,13059,592,1
10526,8463,210,1
10527,2533,377,0
10528,12505,1786,0
10529,3800,17,0
10530,7229,17,0
10531,5222,1051,1
10532,2053,824,1
10533,10893,18,0
10534,9465,155,1
10535,12564,225,1
10536,4666,329,0
10537,13306,343,1
10538,13307,91,0
10539,12910,57,1
10540,13239,125,1
10541,12574,52,1
10542,4354,48,0
10543,2794,547,0
10544,5524,300,1
10545,1168,279,0
10546,7907,806,1
10547,9959,17,0
10548,13309,104,1
10549,5942,39,1
10550,2947,547,0
10551,13311,40,1
10552,9399,126,1
10553,13313,326,0
10554,1742,160,1
10555,12975,41,0
10556,13314,1470,0
10557,1204,443,0
10558,4136,131,0
10559,1118,19,1
10560,1873,515,0
10561,2491,1008,1
10562,13317,548,0
10563,1642,402,0
10564,10977,52,0
10565,2846,0,0
10566,12887,219,0
10567,7577,17,0
10568,4942,40,1
10569,13323,39,1
10570,1137,31,0
10571,2753,2272,0
10572,13325,32,0
10573,13326,39,1
10574,6085,126,1
10575,9744,370,1
10576,12216,264,1
10577,7351,44,0
10578,685,826,0
10579,1220,494,0
10580,3476,103,1
10581,1659,17,0
10582,1952,41,0
10583,3838,2274,1
10584,271,89,1
10585,1734,2275,0
10586,9455,18,0
10587,7262,1051,1
10588,12961,1451,1
10589,8289,31,0
10590,13332,242,0
10591,7320,246,1
10592,1507,100,1
10593,12586,32,0
10594,3556,52,0
10595,12582,709,0
10596,9503,86,1
10597,13215,86,0
10598,466,300,1
10599,6304,41,1
10600,502,334,1
10601,3469,17,0
10602,3596,89,0
10603,13340,232,1
10604,12884,100,1
10605,13263,187,0
10606,9138,315,0
10607,11868,32,0
10608,5350,111,0
10609,472,242,0
10610,4627,31,1
10611,13342,196,0
10612,2528,0,0
10613,13344,542,1
10614,13347,53,1
10615,6517,129,1
10616,12526,73,1
10617,8263,189,1
10618,11178,269,1
10619,13231,750,0
10620,1600,135,1
10621,3170,187,0
10622,13353,326,0
10623,3834,86,0
10624,11369,2278,0
10625,13354,32,0
10626,13348,53,1
10627,8557,0,0
10628,856,286,0
10629,12937,41,0
10630,12963,111,0
10631,2874,495,0
10632,13357,815,1
10633,13358,101,0
10634,111,457,0
10635,10916,41,0
10636,9649,1258,1
10637,13360,18,0
10638,8202,577,1
10639,9281,2280,1
10640,13363,372,0
10641,8981,163,0
10642,13364,944,1
10643,7367,260,0
10644,6207,743,0
10645,4761,17,0
10646,7127,306,0
10647,1385,52,0
10648,2190,713,1
10649,880,478,1
10650,31,346,1
10651,6771,279,1
10652,1275,0,1
10653,6011,548,0
10654,3522,0,0
10655,1723,448,0
10656,4974,1114,0
10657,13373,539,1
10658,13374,22,1
10659,5682,155,0
10660,13375,39,1
10661,902,17,0
10662,8265,0,0
10663,1756,402,1
10664,1683,27,1
10665,12016,101,0
10666,2284,320,0
10667,5122,269,1
10668,3703,45,0
10669,3027,394,0
10670,1950,160,1
10671,11584,844,0
10672,13380,278,1
10673,10745,1180,1
10674,48,2283,0
10675,11590,39,1
10676,9187,47,1
10677,10476,51,1
10678,13382,1637,0
10679,1734,922,0
10680,7550,1311,1
10681,4899,135,1
10682,12614,546,1
10683,268,214,0
10684,10620,48,0
10685,1718,17,0
10686,10323,402,1
10687,5969,2287,0
10688,8588,1335,0
10689,4638,643,0
10690,4535,129,0
10691,13392,51,0
10692,202,155,0
10693,13173,86,0
10694,9166,464,0
10695,9142,260,1
10696,13394,86,0
10697,3143,442,0
10698,10740,91,1
10699,2774,1122,1
10700,10361,126,1
10701,13397,967,0
10702,13398,1450,0
10703,93,43,1
10704,13400,18,0
10705,5248,1286,1
10706,13267,343,1
10707,9496,100,0
10708,2767,836,1
10709,7358,2219,0
10710,242,320,1
10711,11459,270,1
10712,12972,90,1
10713,13402,798,1
10714,13403,89,1
10715,1675,875,0
10716,8201,13,0
10717,13404,2184,0
10718,472,426,1
10719,5442,155,0
10720,1021,575,0
10721,7827,126,1
10722,4852,1023,0
10723,13406,18,0
10724,7836,2289,1
10725,12096,211,1
10726,1065,578,0
10727,12573,343,1
10728,1979,783,0
10729,4678,947,1
10730,11,160,1
10731,12149,2290,0
10732,1548,1207,0
10733,12078,1053,0
10734,10946,39,1
10735,8045,214,1
10736,11235,225,1
10737,11712,19,1
10738,8647,53,1
10739,3064,189,1
10740,9899,17,1
10741,7291,379,0
10742,1303,242,1
10743,8857,17,0
10744,5300,322,0
10745,8600,546,1
10746,6629,402,1
10747,11190,196,0
10748,5061,155,0
10749,12979,155,0
10750,1267,1562,0
10751,8438,535,0
10752,9857,173,1
10753,6798,281,0
10754,7706,99,1
10755,13412,29,0
10756,2958,539,0
10757,9486,404,1
10758,485,429,1
10759,12413,0,0
10760,4724,228,1
10761,943,991,0
10762,11380,57,1
10763,2882,1098,0
10764,5680,19,1
10765,3283,0,0
10766,2883,958,1
10767,7758,125,0
10768,5781,155,0
10769,7844,991,0
10770,351,1238,0
10771,4362,155,0
10772,4450,825,1
10773,11585,547,0
10774,4205,126,1
10775,13414,412,0
10776,4685,26,0
10777,7798,40,1
10778,8082,121,1
10779,12378,2278,0
10780,2210,100,1
10781,9179,0,0
10782,9836,235,0
10783,9402,129,1
10784,932,39,1
10785,10034,112,1
10786,8916,372,1
10787,13419,95,1
10788,13422,264,1
10789,13423,86,1
10790,8347,98,0
10791,10366,483,0
10792,741,101,0
10793,9236,104,1
10794,13357,786,0
10795,302,622,0
10796,1089,640,1
10797,10736,17,0
10798,7538,0,0
10799,5916,1067,1
10800,3660,15,1
10801,1870,402,0
10802,13431,343,1
10803,1690,461,0
10804,8629,264,1
10805,11836,307,1
10806,9937,424,1
10807,8742,1631,0
10808,3740,41,0
10809,4892,39,0
10810,3181,17,0
10811,1872,39,0
10812,7836,0,0
10813,8731,2147,0
10814,13436,211,1
10815,1007,22,1
10816,7463,208,0
10817,1870,2294,1
10818,13438,19,0
10819,10690,464,0
10820,3951,91,0
10821,10727,443,1
10822,13440,622,0
10823,13441,235,0
10824,13442,274,0
10825,12762,189,1
10826,2770,1456,0
10827,2512,495,1
10828,5793,402,1
10829,13443,681,0
10830,9975,264,1
10831,13444,225,1
10832,6555,101,0
10833,5498,1421,0
10834,43,32,0
10835,13448,1322,1
10836,6621,16,1
10837,2788,343,1
10838,12118,196,0
10839,13451,126,1
10840,1195,448,0
10841,4070,584,0
10842,301,907,1
10843,2142,1744,1
10844,2838,128,0
10845,724,129,0
10846,9386,219,1
10847,7460,176,0
10848,8602,17,0
10849,13456,505,0
10850,5009,78,1
10851,9677,270,1
10852,5137,0,0
10853,1728,360,1
10854,581,1167,0
10855,13461,105,1
10856,4816,86,0
10857,2938,73,1
10858,2125,320,0
10859,8328,0,0
10860,708,399,1
10861,3938,29,0
10862,364,1520,1
10863,1542,39,0
10864,9610,131,0
10865,8312,52,0
10866,10847,149,0
10867,6916,26,0
10868,8345,1997,1
10869,774,472,1
10870,2984,91,0
10871,1218,300,1
10872,8410,344,0
10873,4127,536,0
10874,8324,17,0
10875,3107,155,0
10876,1324,52,0
10877,7998,672,0
10878,2475,2301,0
10879,13461,381,0
10880,10794,269,1
10881,12766,1857,1
10882,2615,90,1
10883,4129,27,0
10884,7545,40,0
10885,1301,2123,0
10886,2563,264,1
10887,12937,400,1
10888,6123,0,0
10889,4816,57,1
10890,7820,89,1
10891,3943,17,0
10892,12238,18,0
10893,3175,723,1
10894,1913,836,0
10895,12280,40,1
10896,10742,1011,1
10897,12065,125,0
10898,10058,50,1
10899,13470,82,1
10900,13471,91,0
10901,5599,106,1
10902,8971,320,1
10903,1225,320,0
10904,7328,17,0
10905,5475,32,0
10906,9625,343,1
10907,10069,343,1
10908,6781,219,1
10909,11310,18,0
10910,8422,26,0
10911,3322,111,0
10912,5574,135,1
10913,1168,95,0
10914,7764,431,1
10915,1890,1021,1
10916,6266,555,0
10917,6368,103,1
10918,8437,91,0
10919,5210,17,0
10920,10990,2242,0
10921,6292,300,1
10922,9775,39,1
10923,2136,16,0
10924,3536,682,0
10925,13477,86,1
10926,10640,73,1
10927,12256,997,0
10928,11961,315,1
10929,7603,39,1
10930,6208,322,0
10931,1391,15,1
10932,8863,278,1
10933,12115,225,1
10934,5656,1297,1
10935,8965,40,1
10936,5041,26,0
10937,812,39,1
10938,8556,0,0
10939,13481,47,1
10940,12490,153,1
10941,943,810,0
10942,13,1678,1
10943,6274,101,0
10944,1138,343,1
10945,6052,17,0
10946,7291,2291,1
10947,9075,18,0
10948,4605,1272,0
10949,6665,17,0
10950,13485,455,1
10951,13486,1397,0
10952,665,95,0
10953,11432,1145,0
10954,9142,95,1
10955,13488,219,1
10956,10529,115,0
10957,8200,100,1
10958,12004,47,1
10959,242,1256,1
10960,3264,214,0
10961,12300,26,0
10962,11186,17,0
10963,2998,208,0
10964,3771,0,0
10965,7060,47,1
10966,12659,0,0
10967,2556,400,1
10968,9931,100,1
10969,2678,104,0
10970,13492,32,0
10971,13493,813,1
10972,13494,100,1
10973,4754,17,0
10974,13495,91,0
10975,10124,1987,0
10976,13496,718,0
10977,4853,112,0
10978,268,26,0
10979,6527,195,0
10980,12143,100,1
10981,6462,1636,1
10982,13498,473,1
10983,13466,17,0
10984,3794,554,1
10985,4721,41,0
10986,5590,1092,0
10987,1634,1659,0
10988,3411,39,1
10989,2500,40,1
10990,12112,620,1
10991,11609,473,1
10992,4887,246,1
10993,2947,361,0
10994,9750,219,1
10995,13501,129,0
10996,7159,17,0
10997,1017,189,1
10998,3750,678,0
10999,9623,195,0
11000,3046,52,0
11001,3626,48,0
11002,12308,2121,0
11003,8068,126,1
11004,13504,19,1
11005,5002,1629,1
11006,13505,13,0
11007,7177,208,0
11008,8657,39,1
11009,618,141,1
11010,714,129,1
11011,5211,392,0
11012,9556,300,1
11013,3418,18,0
11014,10537,39,1
11015,13509,343,1
11016,10409,813,1
11017,8339,101,0
11018,13186,149,0
11019,1629,404,0
11020,13511,34,1
11021,12888,40,1
11022,6619,195,0
11023,871,60,0
11024,13512,321,0
11025,3968,307,1
11026,3740,0,0
11027,372,0,0
11028,7948,60,1
11029,112,32,0
11030,7231,0,0
11031,7394,627,0
11032,4262,189,1
11033,601,587,0
11034,10490,32,0
11035,6461,91,1
11036,12836,301,1
11037,5674,32,0
11038,5970,402,0
11039,2774,197,0
11040,13517,39,1
11041,12623,17,0
11042,6798,0,0
11043,8602,315,0
11044,6746,231,0
11045,11716,813,1
11046,1301,99,0
11047,3935,118,1
11048,11134,103,1
11049,10914,978,0
11050,3649,48,0
11051,943,1348,0
11052,4492,546,1
11053,13522,1145,0
11054,957,34,0
11055,6491,106,1
11056,4357,50,1
11057,13524,66,1
11058,1089,2312,1
11059,4024,2073,1
11060,13525,149,0
11061,9142,243,1
11062,10301,160,1
11063,6969,260,1
11064,12309,165,1
11065,5026,495,0
11066,4485,73,0
11067,12969,189,1
11068,13195,82,1
11069,5995,196,0
11070,708,1205,1
11071,11296,131,0
11072,1336,322,0
11073,2834,17,0
11074,13528,904,0
11075,859,0,0
11076,1870,2313,1
11077,1870,2314,1
11078,13529,50,1
11079,227,812,0
11080,10138,52,0
11081,13530,160,1
11082,2751,546,1
11083,2803,2167,1
11084,13531,52,0
11085,13532,15,0
11086,13398,31,1
11087,10915,27,1
11088,1273,189,0
11089,13437,343,1
11090,12736,32,0
11091,7120,0,0
11092,13535,126,1
11093,6474,0,0
11094,1089,2315,0
11095,10624,73,0
11096,10899,0,0
11097,9706,15,1
11098,4822,17,0
11099,1450,2316,1
11100,13537,48,0
11101,1726,91,1
11102,11688,269,1
11103,5559,1051,1
11104,11318,231,0
11105,10879,91,0
11106,7534,39,1
11107,13542,86,0
11108,11579,51,1
11109,13543,1767,1
11110,13544,40,1
11111,2015,875,0
11112,10242,214,0
11113,13546,125,1
11114,11772,274,0
11115,5212,17,0
11116,7558,41,0
11117,6958,495,0
11118,1461,442,0
11119,3603,228,1
11120,12786,592,1
11121,13548,18,0
11122,7089,547,0
11123,13549,1306,1
11124,7074,15,1
11125,9435,358,1
11126,11492,246,0
11127,1570,320,0
11128,13381,231,0
11129,2544,231,0
11130,5202,431,1
11131,4990,66,0
11132,8207,771,0
11133,11015,160,1
11134,7305,66,1
11135,3809,0,0
11136,5798,412,1
11137,1197,2318,1
11138,13552,402,1
11139,11030,39,1
11140,13553,836,1
11141,3904,16,1
11142,11514,141,1
11143,9486,141,1
11144,7096,32,0
11145,869,1495,0
11146,8581,232,1
11147,8867,60,0
11148,6458,1077,0
11149,9106,750,0
11150,12825,32,0
11151,6866,111,0
11152,13553,90,1
11153,12806,343,1
11154,9581,211,1
11155,1950,34,1
11156,8619,32,0
11157,6535,1477,1
11158,5273,48,0
11159,13569,100,1
11160,13570,39,1
11161,1275,619,1
11162,13572,391,0
11163,3323,17,0
11164,4245,329,0
11165,3703,1207,0
11166,5840,2323,0
11167,6345,196,0
11168,5036,247,1
11169,8835,399,1
11170,5320,89,0
11171,4339,914,1
11172,13576,370,1
11173,8106,18,0
11174,13577,91,0
11175,10323,681,1
11176,13402,214,0
11177,12223,40,1
11178,3934,34,1
11179,332,273,0
11180,9019,546,1
11181,8336,115,0
11182,12373,687,1
11183,4242,243,1
11184,1089,2075,0
11185,2388,18,0
11186,9343,39,1
11187,3221,1965,0
11188,12956,39,1
11189,387,2246,0
11190,9562,39,1
11191,13581,53,1
11192,1162,457,0
11193,8251,17,0
11194,11907,165,1
11195,2334,18,0
11196,4401,149,0
11197,11442,34,1
11198,3323,515,0
11199,1996,672,0
11200,13586,40,1
11201,6261,2327,0
11202,1600,0,0
11203,13587,259,1
11204,2978,264,0
11205,2008,73,1
11206,943,1083,0
11207,49,545,1
11208,5869,2000,0
11209,3777,412,0
11210,2349,115,0
11211,13590,52,0
11212,943,352,0
11213,174,326,1
11214,6721,259,1
11215,7923,39,1
11216,11605,51,1
11217,9288,431,1
11218,11114,349,0
11219,2213,111,0
11220,8998,126,1
11221,13596,783,0
11222,13051,43,0
11223,11608,503,1
11224,10394,344,0
11225,13598,1145,0
11226,13599,18,0
11227,4182,18,0
11228,1477,424,1
11229,8468,52,0
11230,10008,386,0
11231,13164,973,0
11232,13601,43,1
11233,13602,349,1
11234,4136,800,0
11235,4925,86,0
11236,6205,27,0
11237,930,1510,0
11238,1605,1272,1
11239,13603,211,1
11240,4493,126,1
11241,242,2330,1
11242,13294,48,0
11243,6311,115,0
11244,2560,187,1
11245,1634,1584,1
11246,7387,329,0
11247,3532,165,1
11248,13609,2332,0
11249,2621,41,0
11250,13115,160,1
11251,11856,187,0
11252,4445,73,1
11253,7901,129,0
11254,5035,126,1
11255,6264,2333,1
11256,9012,48,0
11257,1146,907,1
11258,13614,115,0
11259,13545,2280,1
11260,6312,458,1
11261,13618,402,1
11262,5669,19,0
11263,9124,547,0
11264,8626,225,1
11265,10999,260,1
11266,585,1229,1
11267,981,100,1
11268,2762,34,1
11269,11544,39,1
11270,6206,681,0
11271,13622,228,1
11272,8202,60,0
11273,13530,101,0
11274,268,48,0
11275,9950,11,0
11276,677,654,1
11277,12163,271,1
11278,6205,315,1
11279,2441,48,0
11280,3236,361,0
11281,13629,40,1
11282,3364,47,0
11283,10616,82,0
11284,1744,1543,0
11285,3887,43,0
11286,6126,50,1
11287,11296,165,1
11288,13471,86,1
11289,1197,2335,1
11290,2266,18,0
11291,13617,300,1
11292,13632,126,1
11293,7996,210,1
11294,1330,41,0
11295,6376,269,0
11296,10891,100,1
11297,13633,101,0
11298,13501,1293,1
11299,4876,52,0
11300,2605,1511,1
11301,8586,48,1
11302,11230,40,1
11303,2953,1303,1
11304,1072,111,0
11305,9728,121,1
11306,8953,91,0
11307,1336,60,0
11308,12113,100,1
11309,10637,100,1
11310,242,1847,1
11311,13637,1051,1
11312,13639,115,0
11313,13641,343,1
11314,13643,424,1
11315,5000,991,1
11316,5234,48,0
11317,13644,1050,0
11318,8430,326,1
11319,7149,17,0
11320,7157,17,0
11321,13645,503,0
11322,12969,0,0
11323,13649,126,1
11324,11336,978,1
11325,13650,1095,1
11326,3331,539,0
11327,4553,709,0
11328,1162,34,1
11329,7282,27,0
11330,6605,441,1
11331,481,483,0
11332,10478,306,1
11333,5889,2339,0
11334,13652,741,1
11335,12990,39,1
11336,3705,111,0
11337,11372,947,1
11338,10550,761,1
11339,10008,232,1
11340,7334,196,0
11341,5452,131,0
11342,13151,10,0
11343,1303,991,0
11344,5739,881,0
11345,1666,29,0
11346,13655,264,1
11347,13273,108,0
11348,2595,17,0
11349,11089,48,0
11350,8884,34,1
11351,3171,269,1
11352,1244,2340,1
11353,1177,592,1
11354,676,343,1
11355,2944,11,0
11356,2,41,0
11357,12379,387,0
11358,2733,41,0
11359,13575,82,1
11360,8206,128,0
11361,11381,271,1
11362,686,991,0
11363,4626,290,0
11364,6958,237,0
11365,5201,26,1
11366,13198,18,0
11367,11061,57,1
11368,302,118,0
11369,4657,129,0
11370,8771,93,1
11371,3544,515,0
11372,6751,32,0
11373,1628,301,1
11374,8258,214,0
11375,6006,32,0
11376,6919,160,1
11377,2824,584,0
11378,7886,287,0
11379,13665,39,0
11380,10917,115,0
11381,278,17,0
11382,242,1704,1
11383,387,2341,0
11384,8571,101,0
11385,9897,60,0
11386,13667,194,1
11387,685,43,0
11388,10574,73,1
11389,2745,304,1
11390,3939,2078,0
11391,4559,260,0
11392,7394,128,1
11393,7656,111,0
11394,10146,0,0
11395,9186,101,0
11396,3441,40,1
11397,4997,483,0
11398,1089,50,0
11399,13223,441,1
11400,766,1942,0
11401,798,322,0
11402,4997,399,0
11403,13676,18,0
11404,11290,160,1
11405,11295,40,1
11406,5610,158,1
11407,3632,0,0
11408,11090,1021,1
11409,9882,47,1
11410,6158,100,1
11411,421,278,0
11412,9165,89,0
11413,2615,129,0
11414,3153,41,0
11415,691,51,0
11416,13679,40,1
11417,124,654,0
11418,7616,944,0
11419,11600,26,1
11420,6059,315,1
11421,256,52,0
11422,284,196,0
11423,13685,40,0
11424,48,1134,0
11425,624,48,0
11426,4042,91,1
11427,6441,126,1
11428,295,2096,0
11429,561,402,0
11430,7577,0,0
11431,13687,39,1
11432,7706,264,0
11433,6001,672,0
11434,6644,414,1
11435,6304,214,0
11436,12584,269,1
11437,5210,0,0
11438,5239,1019,1
11439,3227,539,0
11440,7136,189,1
11441,13692,39,1
11442,1712,52,0
11443,5308,17,0
11444,3701,31,1
11445,1460,391,1
11446,11992,269,0
11447,13694,286,0
11448,7629,17,0
11449,2628,44,0
11450,12813,126,1
11451,8413,211,1
11452,12185,19,1
11453,929,13,0
11454,2522,329,1
11455,200,0,0
11456,8521,279,1
11457,288,2344,0
11458,11773,235,0
11459,3277,1227,0
11460,2583,89,0
11461,11767,39,1
11462,485,149,0
11463,13696,82,1
11464,6820,132,0
11465,2429,111,0
11466,2187,13,1
11467,2998,938,1
11468,11981,73,1
11469,3964,40,1
11470,716,98,1
11471,6458,1222,0
11472,9313,404,1
11473,12012,210,1
11474,873,17,0
11475,1718,478,1
11476,6103,17,0
11477,4575,606,0
11478,1461,587,0
11479,8861,2145,1
11480,7934,34,0
11481,681,17,0
11482,13701,978,0
11483,12853,343,1
11484,3784,160,1
11485,2283,274,0
11486,2108,242,1
11487,13703,807,1
11488,12525,39,1
11489,183,53,1
11490,2336,40,0
11491,13536,39,1
11492,8022,40,1
11493,6352,91,0
11494,5212,41,0
11495,8274,50,1
11496,10469,126,1
11497,5798,40,1
11498,8731,125,0
11499,2744,39,0
11500,569,189,1
11501,7719,1238,0
11502,464,242,1
11503,9239,126,1
11504,12763,82,1
11505,1649,149,0
11506,11621,0,0
11507,9972,15,1
11508,7614,189,1
11509,31,461,1
11510,10975,19,0
11511,12173,1391,1
11512,472,22,0
11513,9322,86,1
11514,1369,477,0
11515,7295,439,0
11516,581,1072,0
11517,4944,329,1
11518,8954,17,0
11519,724,743,0
11520,4505,260,1
11521,3377,18,0
11522,13710,189,1
11523,4343,443,0
11524,2237,73,1
11525,12862,219,1
11526,11598,100,1
11527,3799,115,0
11528,163,431,1
11529,6954,17,0
11530,13713,19,0
11531,12788,39,1
11532,13714,242,0
11533,1018,2346,0
11534,10687,0,0
11535,5223,48,0
11536,371,111,0
11537,13716,73,1
11538,12946,242,0
11539,10407,1933,0
11540,12019,86,0
11541,10901,629,1
11542,5155,247,1
11543,7850,34,0
11544,1955,349,1
11545,3294,128,0
11546,11711,189,1
11547,10342,424,1
11548,13720,947,1
11549,13721,15,1
11550,2483,0,0
11551,13723,242,0
11552,11464,41,0
11553,10393,575,0
11554,6584,48,0
11555,118,31,1
11556,12319,82,1
11557,8261,211,1
11558,13726,343,1
11559,13727,82,1
11560,3264,959,0
11561,12492,52,0
11562,12572,17,0
11563,7601,126,1
11564,6429,455,1
11565,7002,17,0
11566,2240,579,0
11567,8419,39,1
11568,13732,18,0
11569,9135,73,1
11570,12961,358,1
11571,2119,743,0
11572,8842,34,1
11573,3734,51,0
11574,4997,242,1
11575,13477,91,0
11576,10827,344,0
11577,5211,90,0
11578,13735,300,1
11579,13736,709,0
11580,12053,402,1
11581,5871,547,0
11582,7157,0,0
11583,1158,0,0
11584,9412,26,0
11585,10851,41,0
11586,9099,111,0
11587,12901,1312,0
11588,930,1335,0
11589,12148,53,1
11590,49,448,0
11591,13740,126,1
11592,3962,515,0
11593,268,1887,0
11594,4828,750,0
11595,13743,17,0
11596,2934,442,0
11597,561,517,0
11598,11009,52,0
11599,10171,100,1
11600,860,467,1
11601,5,111,0
11602,1890,160,1
11603,6680,1131,0
11604,10777,260,0
11605,4014,15,1
11606,3178,1430,1
11607,11367,196,0
11608,10788,91,0
11609,11266,225,1
11610,1695,228,0
11611,3511,539,0
11612,9280,2353,0
11613,13747,939,1
11614,559,111,0
11615,3651,326,0
11616,3451,546,1
11617,2615,743,0
11618,2678,326,1
11619,7824,82,1
11620,11576,468,0
11621,2555,305,0
11622,2115,539,0
11623,4484,617,0
11624,13750,18,0
11625,155,17,0
11626,1573,115,0
11627,5557,788,0
11628,8842,16,1
11629,13343,386,0
11630,10198,0,0
11631,860,31,0
11632,13756,126,1
11633,1983,44,0
11634,1225,242,0
11635,1603,111,0
11636,10602,34,0
11637,5069,402,1
11638,13758,442,0
11639,1870,107,1
11640,9748,26,0
11641,1244,1191,1
11642,9432,91,0
11643,13759,126,1
11644,6282,2087,0
11645,10101,26,0
11646,24,195,1
11647,3736,242,0
11648,1167,48,0
11649,2190,48,0
11650,13761,48,0
11651,9107,155,0
11652,8705,41,0
11653,10986,52,0
11654,8772,577,1
11655,2733,40,0
11656,11269,2357,1
11657,348,351,0
11658,1314,517,1
11659,3412,95,1
11660,11202,902,0
11661,5054,1145,0
11662,5032,17,0
11663,13764,91,1
11664,13023,742,0
11665,1095,478,1
11666,930,1795,0
11667,13766,965,1
11668,8357,40,1
11669,12192,48,0
11670,12958,320,0
11671,13767,57,1
11672,13360,877,0
11673,4308,412,1
11674,4289,41,0
11675,5819,129,1
11676,5181,1456,0
11677,4723,320,1
11678,3482,429,0
11679,12441,167,1
11680,4761,197,0
11681,3264,5,0
11682,13771,89,0
11683,5937,48,0
11684,691,269,1
11685,9602,243,1
11686,345,40,1
11687,288,547,0
11688,4835,129,0
11689,9799,1004,0
11690,7437,689,0
11691,13774,2360,0
11692,13775,131,0
11693,9996,82,1
11694,12460,17,0
11695,1085,320,0
11696,13039,343,1
11697,13776,40,1
11698,1548,1236,0
11699,4027,26,1
11700,4611,39,0
11701,7035,246,0
11702,4916,1562,0
11703,268,72,0
11704,7212,0,0
11705,12915,40,1
11706,7703,160,1
11707,13779,126,1
11708,1102,460,0
11709,13780,40,1
11710,7918,160,1
11711,10475,1311,1
11712,5408,160,1
11713,4590,40,1
11714,2436,17,0
11715,2797,34,1
11716,13782,26,0
11717,6913,26,1
11718,13774,360,1
11719,3522,1095,1
11720,4437,39,1
11721,13328,18,0
11722,2733,48,0
11723,481,103,1
11724,13784,743,0
11725,707,0,0
11726,1369,616,0
11727,8531,259,1
11728,8580,34,1
11729,13338,39,1
11730,11116,118,0
11731,6830,0,0
11732,11275,737,1
11733,1763,1060,1
11734,13789,939,1
11735,5135,0,0
11736,3360,129,1
11737,10692,0,0
11738,11165,100,1
11739,8356,78,1
11740,2692,5,0
11741,5790,196,0
11742,686,187,0
11743,8195,0,0
11744,5758,372,1
11745,4020,0,1
11746,11565,1114,0
11747,4187,82,1
11748,9246,273,1
11749,5722,129,0
11750,7940,129,1
11751,6975,52,0
11752,12372,1427,1
11753,3943,2364,1
11754,2647,247,1
11755,5885,40,1
11756,5916,473,0
11757,13799,34,1
11758,6082,1953,0
11759,6410,330,1
11760,4296,0,0
11761,5456,0,0
11762,12721,1869,0
11763,3943,257,1
11764,6908,315,1
11765,5587,1477,0
11766,903,17,0
11767,3274,1093,1
11768,13804,31,1
11769,9070,797,1
11770,13805,441,1
11771,499,1939,0
11772,2278,271,0
11773,13806,658,0
11774,3634,128,0
11775,12373,1320,0
11776,12677,101,0
11777,6137,112,0
11778,12118,60,0
11779,943,187,0
11780,12482,2092,0
11781,7237,1114,1
11782,5352,86,0
11783,746,53,1
11784,13808,39,1
11785,3661,19,1
11786,6375,32,0
11787,9489,5,1
11788,13813,17,0
11789,13814,82,1
11790,10258,219,1
11791,2533,584,0
11792,13816,44,0
11793,1037,1044,1
11794,11986,412,0
11795,3353,300,1
11796,3607,1051,1
11797,3264,242,0
11798,9067,100,1
11799,187,532,1
11800,1466,836,0
11801,2110,1606,0
11802,5626,50,1
11803,13821,228,0
11804,2016,50,1
11805,8815,618,1
11806,2767,19,1
11807,8957,246,0
11808,588,39,1
11809,8599,1135,1
11810,9468,460,0
11811,13827,412,0
11812,7962,115,0
11813,13,1183,1
11814,154,60,0
11815,9480,48,0
11816,13828,82,0
11817,4144,40,1
11818,10166,228,0
11819,4171,18,0
11820,13832,260,0
11821,1920,2000,0
11822,11186,504,1
11823,1675,0,0
11824,4492,158,0
11825,953,2372,1
11826,11968,44,0
11827,13031,739,1
11828,13679,32,0
11829,2390,100,1
11830,839,167,0
11831,1023,0,0
11832,13610,39,0
11833,6274,160,1
11834,12044,532,1
11835,5121,965,1
11836,13396,247,1
11837,2253,547,0
11838,6171,195,0
11839,13838,129,1
11840,1175,17,0
11841,2550,243,1
11842,9857,149,0
11843,10348,100,1
11844,1317,1003,0
11845,3750,1463,1
11846,180,90,1
11847,11969,91,0
11848,1175,197,0
11849,2770,1783,1
11850,754,57,1
11851,5745,165,1
11852,1290,1053,0
11853,2110,1916,1
11854,13839,0,0
11855,13695,39,1
11856,11269,2373,1
11857,3321,26,0
11858,12704,380,1
11859,12578,40,1
11860,3018,243,1
11861,6839,260,0
11862,6469,18,0
11863,3561,5,1
11864,7886,678,0
11865,13841,1093,1
11866,9196,17,0
11867,9999,50,1
11868,7449,402,1
11869,13420,160,1
11870,13843,429,0
11871,4262,115,0
11872,4946,115,0
11873,2909,149,0
11874,13846,505,0
11875,3462,17,0
11876,2274,1005,0
11877,13260,18,0
11878,12506,86,1
11879,3641,198,1
11880,4962,2374,1
11881,11365,40,1
11882,3264,536,0
11883,10855,53,1
11884,2454,977,1
11885,685,1167,0
11886,11385,17,0
11887,5101,2189,1
11888,6157,407,0
11889,11351,126,1
11890,9247,210,1
11891,4613,505,0
11892,8883,687,1
11893,10023,32,0
11894,3659,39,1
11895,2895,17,0
11896,6221,100,1
11897,5177,2144,1
11898,13448,41,0
11899,3570,189,1
11900,5546,52,0
11901,4998,66,0
11902,8467,82,1
11903,5359,921,1
11904,4354,1510,0
11905,10672,0,0
11906,9902,39,1
11907,9553,344,0
11908,2262,89,1
11909,8154,965,1
11910,8438,663,1
11911,12835,0,0
11912,7818,52,0
11913,13854,57,1
11914,13640,17,0
11915,4072,214,1
11916,49,627,1
11917,5823,50,1
11918,13855,43,1
11919,13856,18,0
11920,9757,126,1
11921,13297,235,0
11922,3541,326,1
11923,13101,343,1
11924,13858,94,1
11925,9540,0,0
11926,8845,672,0
11927,13736,242,1
11928,3002,399,0
11929,7214,131,0
11930,3904,34,0
11931,13415,126,1
11932,943,1319,0
11933,7464,17,0
11934,2621,48,0
11935,8018,39,1
11936,12076,52,0
11937,3684,17,0
11938,13537,424,1
11939,5931,73,1
11940,1267,366,1
11941,2937,48,0
11942,10993,0,0
11943,10884,73,1
11944,11513,100,1
11945,160,111,0
11946,4039,1320,1
11947,2349,131,0
11948,2143,442,0
11949,9347,18,0
11950,1491,135,1
11951,1979,1510,0
11952,13861,947,1
11953,5587,2376,0
11954,12855,17,0
11955,11147,165,1
11956,260,19,0
11957,1000,48,0
11958,5066,32,0
11959,2338,19,1
11960,1969,100,1
11961,8599,2034,0
11962,13247,1151,1
11963,3638,0,0
11964,3817,19,1
11965,10018,1012,1
11966,611,2377,1
11967,11474,18,0
11968,10301,101,0
11969,11026,34,1
11970,4626,214,1
11971,13171,86,0
11972,6401,732,1
11973,10010,1433,0
11974,3596,1167,0
11975,386,252,1
11976,12561,104,1
11977,12882,32,0
11978,8447,944,1
11979,1498,52,0
11980,899,149,0
11981,1089,121,0
11982,1018,584,0
11983,6731,750,1
11984,2872,936,1
11985,242,351,1
11986,4920,242,0
11987,10595,575,0
11988,10249,189,1
11989,1146,0,1
11990,13394,57,1
11991,4477,361,0
11992,4177,824,1
11993,6737,17,0
11994,10004,441,1
11995,9908,1939,0
11996,13867,50,1
11997,5001,18,0
11998,13868,40,1
11999,3726,361,0
12000,6583,101,0
12001,11990,100,1
12002,8585,17,0
12003,13872,939,1
12004,13874,247,1
12005,10762,48,0
12006,9855,47,1
12007,1570,351,0
12008,12070,17,0
12009,4527,0,0
12010,755,329,1
12011,7892,547,0
12012,2411,95,1
12013,11290,101,0
12014,6621,34,1
12015,3342,165,1
12016,8165,1060,1
12017,1325,60,0
12018,49,352,0
12019,11511,73,1
12020,13293,39,1
12021,1046,1367,1
12022,1752,431,1
12023,13879,813,1
12024,13880,126,1
12025,366,214,0
12026,7455,537,0
12027,8588,99,1
12028,9095,78,1
12029,1291,536,0
12030,4936,813,1
12031,3878,95,0
12032,13753,431,1
12033,13882,2035,0
12034,1556,1557,1
12035,13883,48,0
12036,10493,718,0
12037,3688,278,1
12038,12749,82,1
12039,10212,1275,1
12040,11499,399,0
12041,160,259,0
12042,1661,1029,0
12043,1723,242,1
12044,11843,208,0
12045,13885,31,1
12046,11084,242,0
12047,403,52,0
12048,1191,17,0
12049,10587,189,1
12050,964,48,0
12051,8213,91,0
12052,4556,128,0
12053,10945,343,1
12054,4035,101,0
12055,2507,243,1
12056,2177,48,0
12057,6135,2118,0
12058,12910,86,0
12059,2320,91,0
12060,3951,160,0
12061,13890,86,0
12062,1608,768,0
12063,11650,19,1
12064,13664,100,1
12065,4173,1434,0
12066,13816,15,1
12067,13892,40,1
12068,9868,2280,1
12069,13249,125,1
12070,13894,19,0
12071,1690,2384,0
12072,7779,141,1
12073,13822,372,1
12074,8029,73,1
12075,13681,228,1
12076,7252,542,0
12077,11078,17,1
12078,6773,399,0
12079,472,2385,0
12080,11197,90,0
12081,4849,247,1
12082,6651,824,1
12083,8635,193,1
12084,12015,412,0
12085,6340,343,1
12086,1821,322,0
12087,1398,1306,0
12088,8449,210,1
12089,13899,155,0
12090,2955,131,0
12091,4557,242,1
12092,7559,52,0
12093,13902,39,1
12094,2699,480,0
12095,4603,457,0
12096,13904,19,0
12097,11928,155,1
12098,880,155,0
12099,11764,991,1
12100,559,598,0
12101,190,0,0
12102,13324,235,0
12103,5404,40,1
12104,799,129,0
12105,7911,0,0
12106,11705,126,1
12107,5763,13,0
12108,1990,40,1
12109,8690,90,0
12110,7231,17,0
12111,1870,2387,1
12112,4277,2388,0
12113,11817,2000,0
12114,1548,978,0
12115,8637,271,1
12116,13910,269,1
12117,2337,1901,0
12118,3189,431,1
12119,23,242,1
12120,245,39,1
12121,895,1515,1
12122,855,17,0
12123,12413,48,0
12124,228,34,1
12125,4983,47,0
12126,4464,29,0
12127,2091,247,1
12128,387,2389,0
12129,8311,18,0
12130,13041,126,1
12131,6995,128,1
12132,2888,669,0
12133,4112,0,0
12134,13917,343,1
12135,10710,126,1
12136,546,17,0
12137,348,239,0
12138,5871,361,0
12139,11658,50,1
12140,2893,32,0
12141,10193,34,1
12142,13918,104,1
12143,955,1060,1
12144,907,2392,0
12145,4917,237,0
12146,13527,210,1
12147,2032,32,0
12148,4462,52,0
12149,5171,173,1
12150,1695,1611,1
12151,3685,329,0
12152,13919,17,0
12153,13920,472,1
12154,12530,50,1
12155,1301,685,0
12156,13747,196,0
12157,4901,89,0
12158,9598,91,0
12159,7744,1303,1
12160,13924,50,1
12161,5584,583,0
12162,8834,131,0
12163,1018,48,0
12164,13714,709,0
12165,8690,19,1
12166,11403,195,0
12167,268,17,0
12168,13926,343,1
12169,3385,536,1
12170,6213,1114,1
12171,10514,99,0
12172,5353,141,1
12173,5916,476,1
12174,6643,344,0
12175,10244,60,0
12176,13211,39,1
12177,11595,460,0
12178,6857,41,0
12179,13930,195,0
12180,882,48,0
12181,1331,2397,0
12182,7756,104,1
12183,9023,89,0
12184,9839,17,1
12185,1548,692,0
12186,11962,669,0
12187,13838,181,0
12188,4308,32,1
12189,1527,944,1
12190,1642,208,0
12191,1654,101,0
12192,320,266,0
12193,7967,39,1
12194,13936,100,1
12195,11600,675,1
12196,11047,57,1
12197,8356,0,0
12198,486,155,1
12199,13192,505,0
12200,9857,24,0
12201,3405,41,0
12202,12795,40,1
12203,979,279,1
12204,2121,2083,1
12205,2580,1978,0
12206,8701,264,1
12207,8474,155,0
12208,13939,648,0
12209,9937,0,0
12210,8881,215,0
12211,13941,100,1
12212,954,239,1
12213,13943,846,1
12214,12566,48,1
12215,10822,228,0
12216,4435,57,1
12217,564,392,0
12218,3406,0,1
12219,13944,391,0
12220,9529,235,0
12221,10396,343,1
12222,5291,537,0
12223,11166,121,1
12224,3045,597,0
12225,13282,219,1
12226,1209,40,1
12227,1095,978,0
12228,11836,391,0
12229,13832,243,1
12230,10843,439,1
12231,13948,82,1
12232,1270,242,1
12233,2654,228,0
12234,9123,361,0
12235,11269,2399,1
12236,13119,0,0
12237,5913,875,0
12238,6948,32,0
12239,8103,53,1
12240,1769,17,0
12241,930,0,0
12242,8645,19,1
12243,1426,1453,1
12244,11368,73,1
12245,278,515,0
12246,12696,82,1
12247,2995,17,0
12248,13950,86,0
12249,13494,52,0
12250,13561,149,1
12251,5746,0,0
12252,11680,41,0
12253,7396,17,0
12254,10933,100,1
12255,13956,126,1
12256,12093,17,0
12257,1089,859,0
12258,420,155,0
12259,13720,750,0
12260,2794,246,0
12261,13362,0,0
12262,13614,131,0
12263,11898,41,0
12264,5453,429,1
12265,132,214,0
12266,5574,2402,0
12267,6954,48,0
12268,8638,149,0
12269,4232,26,1
12270,3447,242,1
12271,3159,131,0
12272,6007,39,1
12273,6883,547,0
12274,6261,346,1
12275,3614,0,0
12276,7758,2099,1
12277,12702,575,0
12278,684,811,0
12279,5854,343,0
12280,10419,547,0
12281,7062,1050,1
12282,11708,26,0
12283,12730,52,0
12284,13067,539,0
12285,4005,34,0
12286,12281,1798,0
12287,1654,34,1
12288,13105,129,1
12289,13354,40,1
12290,3414,129,0
12291,12918,52,0
12292,3512,0,0
12293,1283,743,0
12294,8314,17,0
12295,2879,813,1
12296,9273,17,0
12297,13296,1698,0
12298,7058,2214,0
12299,12760,176,1
12300,2255,17,0
12301,13963,53,1
12302,1918,19,0
12303,8515,214,0
12304,6492,0,0
12305,9172,39,1
12306,11674,158,1
12307,387,1226,0
12308,5223,197,0
12309,10627,965,1
12310,11078,41,1
12311,10668,947,1
12312,13968,173,1
12313,13485,95,1
12314,13969,1535,0
12315,8975,52,0
12316,979,95,1
12317,13970,90,0
12318,5273,0,0
12319,12548,242,0
12320,13972,60,0
12321,12359,26,0
12322,2493,160,1
12323,1225,536,1
12324,12986,160,1
12325,3414,1293,1
12326,5275,377,0
12327,7408,343,0
12328,5697,189,1
12329,1450,1376,0
12330,7067,18,0
12331,5408,457,0
12332,1466,392,0
12333,12635,18,0
12334,9511,473,0
12335,4952,155,0
12336,2319,744,1
12337,13406,73,1
12338,13974,39,1
12339,3002,1096,0
12340,3143,48,0
12341,1473,1731,1
12342,3947,106,1
12343,6050,1114,1
12344,5625,228,0
12345,49,483,0
12346,13382,210,1
12347,12094,832,1
12348,7994,10,0
12349,11421,546,1
12350,7805,155,0
12351,10344,797,1
12352,11311,410,0
12353,6841,17,0
12354,6952,464,0
12355,4861,286,0
12356,9770,100,1
12357,1825,32,0
12358,13130,965,1
12359,13980,34,1
12360,11988,43,1
12361,11999,34,1
12362,7933,274,0
12363,950,2409,0
12364,13455,219,1
12365,3199,343,0
12366,10570,52,0
12367,11616,39,1
12368,3418,73,1
12369,1046,1558,0
12370,10154,214,1
12371,11202,2409,0
12372,4749,197,0
12373,4560,125,1
12374,13294,17,0
12375,6405,329,0
12376,12817,225,1
12377,2873,904,1
12378,13983,307,1
12379,8965,15,1
12380,6587,587,0
12381,13984,52,0
12382,6039,753,0
12383,11202,156,1
12384,12417,32,0
12385,10315,1849,1
12386,4083,654,0
12387,2452,1207,0
12388,5975,106,1
12389,10937,126,1
12390,11872,100,1
12391,4410,672,0
12392,3313,2410,1
12393,13986,210,1
12394,1765,1511,1
12395,7517,539,0
12396,4944,197,0
12397,2538,91,0
12398,13486,2012,1
12399,6551,0,0
12400,10915,34,1
12401,8138,0,0
12402,7054,197,0
12403,13176,228,1
12404,3331,41,0
12405,268,103,0
12406,1494,17,0
12407,533,149,0
12408,7128,16,1
12409,9979,622,0
12410,10122,977,0
12411,11426,73,1
12412,13446,82,1
12413,3133,135,1
12414,13357,383,1
12415,11067,1114,0
12416,6740,269,1
12417,4495,2176,0
12418,13995,91,0
12419,8647,195,0
12420,3566,442,0
12421,5694,2412,1
12422,1460,138,0
12423,5934,402,1
12424,8471,82,1
12425,13997,32,0
12426,8165,1086,1
12427,1726,326,0
12428,11811,343,1
12429,14001,17,0
12430,5988,34,1
12431,16,40,0
12432,12598,52,0
12433,14003,43,1
12434,10260,638,0
12435,351,72,1
12436,7576,17,0
12437,4410,481,0
12438,6982,859,1
12439,6833,246,0
12440,1186,568,1
12441,4638,1482,0
12442,8970,0,0
12443,3170,351,0
12444,10581,39,0
12445,9693,22,1
12446,288,44,1
12447,8158,34,1
12448,12659,504,1
12449,2732,0,0
12450,13353,125,1
12451,11408,349,1
12452,14008,1882,1
12453,11569,86,1
12454,10387,264,1
12455,10984,100,1
12456,11576,478,0
12457,1723,709,1
12458,9377,165,1
12459,9207,480,0
12460,12196,91,1
12461,11162,17,0
12462,12958,709,0
12463,7183,40,1
12464,6855,111,0
12465,9157,1061,1
12466,2060,402,1
12467,14016,228,1
12468,14017,91,0
12469,7329,39,1
12470,2590,48,0
12471,4615,39,1
12472,5434,32,0
12473,4019,24,0
12474,3951,214,0
12475,12093,0,0
12476,4232,104,0
12477,7327,103,1
12478,2895,0,0
12479,8819,329,0
12480,2177,0,0
12481,1040,0,0
12482,13060,402,1
12483,7078,620,0
12484,4057,166,1
12485,14024,29,0
12486,4239,270,1
12487,1225,208,0
12488,12740,52,0
12489,14025,1011,1
12490,3261,39,1
12491,11946,89,0
12492,11805,242,0
12493,5688,0,0
12494,6668,797,0
12495,5211,836,1
12496,3033,709,0
12497,3080,687,1
12498,8597,412,0
12499,242,1078,1
12500,12326,82,1
12501,13888,176,1
12502,102,242,0
12503,14028,26,0
12504,1181,22,1
12505,14030,237,0
12506,8941,547,0
12507,1162,101,0
12508,268,402,0
12509,14032,2353,0
12510,4981,910,0
12511,13247,1391,1
12512,2119,836,1
12513,13843,287,1
12514,662,742,0
12515,1828,73,1
12516,5848,126,1
12517,6771,455,1
12518,4259,48,0
12519,1706,27,0
12520,3554,1630,0
12521,8602,27,0
12522,8560,2418,0
12523,11545,977,0
12524,11371,86,1
12525,13043,410,0
12526,5525,48,0
12527,4211,1364,1
12528,581,259,0
12529,218,2116,0
12530,10166,2098,0
12531,10003,100,1
12532,14038,260,0
12533,13414,40,1
12534,8824,264,1
12535,5906,242,1
12536,13868,32,0
12537,2119,19,1
12538,12579,947,1
12539,5553,48,0
12540,14039,214,0
12541,2101,195,0
12542,14040,242,0
12543,10190,131,0
12544,7844,904,0
12545,7631,86,1
12546,5918,1110,0
12547,12451,431,1
12548,1495,41,0
12549,212,242,0
12550,1950,27,1
12551,14042,60,0
12552,12811,149,0
12553,5566,32,0
12554,2125,32,0
12555,13910,51,1
12556,10419,361,0
12557,3833,90,1
12558,665,337,0
12559,1367,39,1
12560,2732,78,1
12561,3614,197,0
12562,10230,2421,0
12563,4979,402,1
12564,12902,13,0
12565,10927,1011,1
12566,1628,2422,0
12567,9077,537,0
12568,5799,50,1
12569,143,1997,1
12570,11269,66,1
12571,12374,2423,1
12572,3072,219,1
12573,3920,53,1
12574,5032,41,0
12575,372,1795,0
12576,10982,210,1
12577,3195,1072,0
12578,2016,1730,1
12579,6757,129,1
12580,6207,392,0
12581,6123,48,0
12582,458,2425,0
12583,9372,1021,1
12584,11841,43,1
12585,10989,48,0
12586,8165,1830,1
12587,5877,73,1
12588,8117,326,0
12589,3556,918,0
12590,13181,402,1
12591,3669,91,1
12592,10168,155,0
12593,12447,231,0
12594,14052,129,1
12595,2263,228,0
12596,9769,991,1
12597,14053,2332,0
12598,12161,372,1
12599,7551,259,1
12600,798,658,0
12601,14054,343,1
12602,13094,2426,0
12603,1353,53,1
12604,2585,17,0
12605,5110,111,0
12606,11725,1484,0
12607,12612,60,0
12608,5964,32,0
12609,168,111,0
12610,8011,228,0
12611,5921,78,1
12612,4932,0,0
12613,1303,95,0
12614,11486,780,0
12615,5856,189,1
12616,13461,503,1
12617,14059,542,1
12618,12602,19,1
12619,4636,401,1
12620,12380,155,0
12621,4019,149,0
12622,284,197,0
12623,14062,875,0
12624,4240,15,1
12625,13501,90,0
12626,8865,18,0
12627,212,904,0
12628,4580,269,1
12629,14062,372,1
12630,7385,91,1
12631,3881,72,0
12632,14064,126,1
12633,10074,39,1
12634,14066,98,1
12635,6043,48,0
12636,7651,39,1
12637,252,214,0
12638,3128,149,0
12639,13866,126,1
12640,13392,269,0
12641,10748,111,0
12642,2411,329,0
12643,2187,41,0
12644,14071,100,1
12645,13883,0,0
12646,4002,126,1
12647,807,547,0
12648,14073,155,1
12649,1364,279,1
12650,14044,210,1
12651,13972,577,1
12652,9722,196,0
12653,5352,91,0
12654,7179,52,0
12655,7780,329,0
12656,3878,351,0
12657,919,1320,0
12658,3707,103,1
12659,12844,52,0
12660,10620,189,1
12661,7836,17,0
12662,2379,274,0
12663,10834,344,0
12664,6604,546,1
12665,14077,51,0
12666,11156,86,1
12667,3222,160,1
12668,2591,180,1
12669,4039,1304,0
12670,13710,115,0
12671,229,975,0
12672,1542,278,0
12673,7420,100,1
12674,221,490,0
12675,6551,515,0
12676,3168,111,0
12677,6029,48,0
12678,1404,0,0
12679,8548,991,1
12680,4870,0,0
12681,3403,39,1
12682,727,15,1
12683,4784,111,0
12684,348,95,0
12685,11631,978,1
12686,1050,329,0
12687,3277,377,0
12688,943,2189,0
12689,58,100,1
12690,413,91,0
12691,5293,129,0
12692,13943,781,0
12693,5275,1313,0
12694,8963,118,1
12695,1304,52,0
12696,14082,101,0
12697,9726,1131,0
12698,259,100,1
12699,5532,125,0
12700,3661,743,0
12701,1906,2430,0
12702,13894,129,1
12703,743,815,1
12704,10529,165,1
12705,1461,797,0
12706,13051,187,1
12707,4511,1783,1
12708,14084,126,1
12709,800,511,0
12710,8443,26,1
12711,8506,460,0
12712,5722,743,0
12713,12740,100,1
12714,950,902,0
12715,6043,17,0
12716,14085,210,1
12717,7976,343,1
12718,8024,31,1
12719,10562,13,0
12720,7832,539,0
12721,38,507,0
12722,11208,19,1
12723,12818,18,0
12724,4479,100,1
12725,2238,326,0
12726,14088,343,1
12727,11706,736,1
12728,11382,126,1
12729,4940,260,0
12730,13920,0,0
12731,12712,269,1
12732,3762,547,0
12733,6208,477,0
12734,8972,0,0
12735,8509,431,1
12736,7035,546,1
12737,3958,278,0
12738,4887,546,1
12739,5718,361,0
12740,10102,361,0
12741,5487,231,0
12742,12528,155,1
12743,13587,957,0
12744,601,750,1
12745,14093,645,0
12746,10998,22,1
12747,193,78,1
12748,7360,101,0
12749,5680,743,0
12750,6082,208,0
12751,5937,41,0
12752,215,1531,0
12753,175,100,1
12754,2516,320,0
12755,6627,1391,1
12756,8002,1363,0
12757,581,400,0
12758,6002,687,1
12759,9019,361,0
12760,8628,18,0
12761,2110,1092,0
12762,6011,91,0
12763,11694,126,1
12764,7583,412,0
12765,10473,44,0
12766,900,402,1
12767,10556,19,1
12768,14101,19,1
12769,10789,155,0
12770,4766,48,0
12771,14102,1277,1
12772,6843,160,1
12773,11387,52,0
12774,8384,510,1
12775,4566,361,0
12776,1030,99,0
12777,5711,138,0
12778,9143,703,1
12779,14106,60,0
12780,4480,242,0
12781,11089,17,0
12782,5783,17,0
12783,12614,246,1
12784,11118,52,0
12785,10824,39,1
12786,2796,343,1
12787,5526,1135,0
12788,14107,18,0
12789,4986,52,0
12790,9799,824,0
12791,1821,750,1
12792,3897,48,0
12793,12290,48,0
12794,11461,429,0
12795,2943,2434,1
12796,2164,40,1
12797,10655,141,1
12798,14110,17,0
12799,7020,5,1
12800,12723,115,0
12801,1675,17,0
12802,4831,17,0
12803,4736,412,0
12804,8669,189,1
12805,14113,53,1
12806,2565,1312,0
12807,10965,2435,0
12808,3672,343,1
12809,1542,460,0
12810,14115,17,0
12811,2583,687,1
12812,4259,17,0
12813,1706,160,1
12814,11461,66,1
12815,4021,126,1
12816,14116,125,0
12817,13780,32,0
12818,1648,407,1
12819,1665,100,1
12820,14117,129,1
12821,14087,39,1
12822,9185,684,1
12823,6565,681,0
12824,4549,330,0
12825,8689,568,1
12826,564,743,0
12827,13673,126,1
12828,6345,293,1
12829,7193,195,0
12830,3313,41,0
12831,7238,402,1
12832,12833,210,1
12833,14118,836,0
12834,8289,391,1
12835,6897,16,1
12836,2762,101,0
12837,8751,402,1
12838,11671,492,0
12839,3227,392,0
12840,345,15,1
12841,3540,53,1
12842,14120,57,1
12843,903,584,0
12844,5512,32,0
12845,7926,17,0
12846,9675,270,1
12847,8791,17,0
12848,1767,266,0
12849,14125,50,1
12850,14126,53,1
12851,12887,89,1
12852,5913,807,0
12853,2856,90,0
12854,12995,126,1
12855,3652,111,0
12856,2230,159,0
12857,7714,91,0
12858,13577,57,1
12859,8965,32,0
12860,8548,208,0
12861,12353,60,1
12862,14131,210,1
12863,871,912,1
12864,2732,17,0
12865,546,196,0
12866,5828,242,1
12867,13219,293,1
12868,685,399,0
12869,3406,999,1
12870,1328,17,0
12871,13694,750,1
12872,1141,301,1
12873,2005,90,0
12874,9041,129,1
12875,7563,32,0
12876,13170,126,1
12877,8022,412,0
12878,1088,129,0
12879,13892,32,0
12880,11054,977,0
12881,147,149,0
12882,689,320,0
12883,13634,1786,0
12884,943,681,0
12885,14139,32,0
12886,799,399,0
12887,10390,165,1
12888,4626,128,1
12889,12982,155,1
12890,14140,72,0
12891,13386,31,1
12892,6548,39,1
12893,5956,693,0
12894,8491,95,1
12895,724,836,1
12896,5694,106,0
12897,4031,991,1
12898,5854,1272,1
12899,4273,17,0
12900,9169,392,0
12901,12475,269,1
12902,5684,1198,0
12903,4098,52,0
12904,11788,214,0
12905,14147,91,1
12906,12215,18,0
12907,3264,994,0
12908,3939,638,1
12909,13796,73,1
12910,5818,813,1
12911,1101,90,0
12912,9558,78,1
12913,907,197,0
12914,7673,86,0
12915,6147,2440,1
12916,10652,196,0
12917,8966,40,1
12918,8337,91,1
12919,5416,824,1
12920,1548,412,0
12921,3951,153,0
12922,14153,333,0
12923,11357,783,1
12924,2480,52,0
12925,1695,1153,0
12926,4997,402,0
12927,1866,94,0
12928,14154,53,1
12929,2771,27,0
12930,279,41,0
12931,5226,131,0
12932,8365,126,1
12933,3885,17,0
12934,6019,1510,0
12935,1460,343,0
12936,1870,627,0
12937,242,536,1
12938,13081,231,0
12939,645,160,1
12940,2278,44,0
12941,13466,48,0
12942,14157,334,1
12943,14158,126,1
12944,13982,210,1
12945,8417,52,0
12946,9225,17,0
12947,14159,412,0
12948,1540,737,1
12949,993,43,1
12950,5899,176,0
12951,11514,1346,0
12952,14037,155,0
12953,2680,187,0
12954,10051,225,1
12955,426,0,0
12956,9256,155,0
12957,14161,73,1
12958,4946,131,0
12959,13813,219,1
12960,6366,53,1
12961,1866,398,0
12962,4353,410,1
12963,2110,536,0
12964,10553,360,0
12965,12135,39,0
12966,919,43,0
12967,9466,73,1
12968,5794,219,1
12969,2174,26,1
12970,5814,750,1
12971,8257,86,0
12972,31,383,0
12973,9689,237,0
12974,14168,582,0
12975,6634,17,0
12976,1869,86,0
12977,9441,0,0
12978,3995,798,1
12979,9188,813,1
12980,14169,86,1
12981,2392,835,0
12982,49,239,0
12983,2366,82,1
12984,13123,195,0
12985,14172,160,1
12986,3935,32,1
12987,11302,40,1
12988,11142,802,0
12989,2187,260,0
12990,3506,40,1
12991,2774,41,0
12992,6017,52,0
12993,11205,18,0
12994,13038,750,0
12995,800,93,0
12996,1542,1089,0
12997,6405,260,0
12998,12535,32,0
12999,6587,286,1
13000,1173,40,1
13001,3143,197,0
13002,4543,51,1
13003,260,743,1
13004,320,111,0
13005,5265,361,0
13006,12266,195,0
13007,4492,361,0
13008,2081,51,1
13009,11385,2371,0
13010,132,39,1
13011,2739,300,1
13012,5401,402,1
13013,10529,131,0
13014,14179,1637,0
13015,4934,764,0
13016,11869,176,1
13017,14180,813,1
13018,4072,2091,0
13019,1406,98,0
13020,3798,515,0
13021,13623,126,1
13022,3897,629,0
13023,14182,19,0
13024,7039,675,1
13025,8931,16,1
13026,14187,402,1
13027,13760,566,0
13028,4637,259,1
13029,4902,40,1
13030,10688,39,1
13031,1548,266,0
13032,4395,17,0
13033,665,448,0
13034,5807,315,1
13035,3549,0,0
13036,1089,1851,0
13037,8705,17,0
13038,7045,243,1
13039,14190,160,1
13040,7807,547,0
13041,10362,257,1
13042,9466,18,0
13043,1634,321,0
13044,7511,196,0
13045,9255,505,0
13046,12018,22,1
13047,6458,774,0
13048,12864,32,0
13049,13397,60,0
13050,1629,214,0
13051,540,39,1
13052,11425,32,0
13053,12842,106,1
13054,6855,742,1
13055,45,126,1
13056,14192,210,1
13057,4531,40,1
13058,44,48,0
13059,11194,947,1
13060,7328,78,1
13061,8531,208,0
13062,4495,2444,1
13063,3267,106,0
13064,7733,187,0
13065,2392,840,1
13066,5246,126,1
13067,8689,17,0
13068,14193,431,1
13069,8558,555,0
13070,4685,91,0
13071,12383,658,0
13072,2926,17,0
13073,13360,66,1
13074,13891,460,0
13075,49,194,0
13076,227,1404,0
13077,14126,195,0
13078,9302,583,0
13079,1104,2035,0
13080,11897,32,0
13081,2325,57,1
13082,4767,0,0
13083,2913,82,1
13084,13124,228,1
13085,8715,2280,1
13086,10974,692,0
13087,11587,689,0
13088,2108,41,0
13089,8531,957,0
13090,10244,575,0
13091,14013,242,0
13092,2756,0,0
13093,1987,242,1
13094,1870,399,1
13095,14200,40,1
13096,11421,40,0
13097,3466,106,1
13098,9946,44,0
13099,9149,278,0
13100,12874,231,0
13101,4887,361,0
13102,13307,57,1
13103,10989,17,0
13104,1994,2445,1
13105,11359,155,0
13106,7942,944,1
13107,13023,2446,0
13108,1472,612,0
13109,943,307,0
13110,13068,1744,0
13111,11725,93,0
13112,8401,2447,1
13113,1013,443,0
13114,14205,100,1
13115,12830,39,1
13116,1095,32,0
13117,2200,82,1
13118,4616,827,0
13119,5358,1611,1
13120,1627,583,0
13121,1037,221,1
13122,13617,583,0
13123,11886,636,0
13124,5364,0,0
13125,11001,39,0
13126,11164,470,0
13127,14210,53,1
13128,11077,947,1
13129,242,654,0
13130,5112,475,0
13131,49,1847,1
13132,2570,39,1
13133,6830,48,0
13134,12050,995,0
13135,7291,1321,0
13136,8086,32,0
13137,1660,231,0
13138,1837,242,0
13139,301,48,0
13140,5615,155,0
13141,13152,1427,1
13142,3852,50,1
13143,13950,57,1
13144,13347,195,0
13145,5346,48,0
13146,12975,48,0
13147,3958,48,0
13148,13839,48,0
13149,126,1015,1
13150,6052,1023,0
13151,6206,777,0
13152,38,2101,0
13153,9,443,0
13154,1650,176,1
13155,6644,48,0
13156,13685,857,1
13157,13590,978,0
13158,4759,583,0
13159,13298,115,0
13160,7134,1021,1
13161,758,29,0
13162,3180,547,0
13163,6830,189,1
13164,1018,0,0
13165,5714,51,1
13166,2085,39,0
13167,14017,86,1
13168,13471,57,1
13169,3473,16,1
13170,10820,82,1
13171,8139,196,0
13172,5739,1433,0
13173,5477,764,0
13174,8846,548,0
13175,7868,112,1
13176,11116,232,0
13177,2484,836,1
13178,12866,155,0
13179,3753,17,0
13180,919,89,0
13181,943,504,0
13182,2121,1573,1
13183,1870,1847,1
13184,921,0,0
13185,10249,131,0
13186,4578,91,1
13187,12143,52,0
13188,11228,0,1
13189,3897,260,1
13190,7804,0,0
13191,5959,343,1
13192,12562,443,1
13193,1290,330,1
13194,14219,115,0
13195,302,2183,1
13196,826,235,0
13197,1085,266,0
13198,581,242,0
13199,277,705,0
13200,3018,95,1
13201,268,266,0
13202,13861,750,0
13203,2115,743,0
13204,11757,815,1
13205,5228,158,0
13206,14221,977,0
13207,2257,39,1
13208,2699,583,0
13209,13020,692,1
13210,13764,86,0
13211,9628,1021,1
13212,11124,48,0
13213,2110,993,0
13214,954,41,0
13215,14223,1306,0
13216,14224,1786,0
13217,2734,17,0
13218,12139,431,1
13219,9672,18,0
13220,8602,48,0
13221,11198,326,1
13222,1336,616,0
13223,11366,259,1
13224,7420,52,0
13225,14226,691,0
13226,5101,798,1
13227,1787,486,0
13228,12162,14,0
13229,9859,399,1
13230,7552,497,1
13231,2751,361,1
13232,8050,271,1
13233,9149,515,0
13234,7537,195,0
13235,7655,131,0
13236,7360,34,1
13237,8857,992,0
13238,2929,82,1
13239,11577,1011,1
13240,3211,678,0
13241,3644,1588,0
13242,3885,60,0
13243,14230,18,0
13244,49,278,0
13245,14139,40,1
13246,5014,301,1
13247,7614,0,0
13248,1975,259,0
13249,859,135,1
13250,3138,126,1
13251,630,111,0
13252,1109,48,0
13253,320,184,1
13254,3958,515,0
13255,348,128,0
13256,2658,39,1
13257,3265,242,1
13258,707,17,0
13259,4485,176,0
13260,3951,502,0
13261,1042,65,0
13262,10383,875,0
13263,5529,15,0
13264,11764,1057,0
13265,7755,18,0
13266,7552,1187,0
13267,7251,1166,0
13268,922,95,0
13269,7105,457,0
13270,14238,89,0
13271,12085,39,1
13272,3724,17,0
13273,12086,165,1
13274,11404,939,1
13275,6629,219,1
13276,5520,17,0
13277,9653,32,0
13278,74,100,1
13279,14241,26,1
13280,943,2209,0
13281,9473,100,1
13282,1361,2452,0
13283,9950,593,0
13284,561,1346,0
13285,10597,163,1
13286,12199,39,1
13287,12309,115,0
13288,8937,247,1
13289,9743,736,1
13290,12184,131,0
13291,1102,597,0
13292,5553,17,0
13293,13553,19,1
13294,6170,17,0
13295,8659,32,0
13296,11564,39,1
13297,8468,100,1
13298,7257,361,0
13299,8987,91,0
13300,6208,442,0
13301,943,89,0
13302,1627,859,1
13303,6587,880,0
13304,304,128,0
13305,95,211,1
13306,12710,82,1
13307,472,19,0
13308,4673,654,0
13309,11903,441,0
13310,5273,41,0
13311,3958,677,1
13312,11386,50,1
13313,6052,992,0
13314,13373,19,0
13315,2733,2454,0
13316,7799,372,1
13317,13886,460,0
13318,13939,106,1
13319,1940,242,1
13320,14190,101,0
13321,4768,392,1
13322,8280,687,1
13323,6644,0,0
13324,5686,52,0
13325,2480,100,1
13326,2110,918,0
13327,689,517,0
13328,14249,620,0
13329,12347,386,0
13330,4426,464,0
13331,1059,360,1
13332,2080,100,1
13333,13762,32,0
13334,1331,489,0
13335,330,219,1
13336,2679,47,0
13337,13919,0,0
13338,5737,39,0
13339,11071,546,1
13340,4562,24,0
13341,12943,155,0
13342,13546,326,0
13343,930,48,0
13344,12114,228,0
13345,7841,495,0
13346,14182,129,1
13347,6595,135,1
13348,3446,547,0
13349,8169,160,1
13350,12405,780,0
13351,6145,52,0
13352,4610,645,0
13353,11356,18,0
13354,5928,52,0
13355,1314,483,0
13356,9855,612,0
13357,9170,813,1
13358,10245,39,1
13359,8723,34,1
13360,11820,429,1
13361,10038,47,0
13362,11010,947,1
13363,14068,196,0
13364,2785,16,0
13365,2720,39,1
13366,14003,90,0
13367,8332,1521,1
13368,6962,271,1
13369,13096,115,0
13370,9249,40,1
13371,219,1725,0
13372,2860,181,0
13373,498,709,1
13374,9448,343,1
13375,7464,0,0
13376,2575,431,1
13377,9533,260,0
13378,8214,618,1
13379,10999,48,0
13380,11392,1272,1
13381,1739,48,0
13382,8876,995,0
13383,10327,82,1
13384,8941,361,0
13385,8222,89,0
13386,12363,648,0
13387,1706,457,0
13388,13882,1066,1
13389,1197,2457,1
13390,9565,692,1
13391,7954,1417,0
13392,8340,189,1
13393,13846,1011,1
13394,3958,337,0
13395,11145,18,0
13396,4899,0,0
13397,6453,52,0
13398,5856,115,0
13399,2052,111,0
13400,14268,47,0
13401,8291,131,0
13402,406,128,1
13403,13562,43,1
13404,14269,487,0
13405,449,111,0
13406,46,187,0
13407,3854,402,1
13408,2448,743,0
13409,11269,360,0
13410,10503,221,0
13411,212,991,0
13412,5054,1183,1
13413,3897,2459,0
13414,9544,0,0
13415,862,1179,0
13416,3397,228,1
13417,2894,52,0
13418,5378,78,0
13419,900,2460,1
13420,242,391,1
13421,10840,126,1
13422,48,993,0
13423,13271,19,1
13424,5557,830,0
13425,13550,95,1
13426,9574,160,1
13427,458,351,0
13428,14035,73,1
13429,1821,587,0
13430,12332,286,0
13431,3158,86,0
13432,748,658,0
13433,370,1143,1
13434,5978,627,0
13435,9862,129,1
13436,1761,0,0
13437,7214,165,1
13438,8214,1760,1
13439,7649,17,0
13440,9900,412,0
13441,8258,187,1
13442,5126,431,1
13443,14066,132,0
13444,1659,22,1
13445,8358,32,0
13446,14272,44,0
13447,458,627,0
13448,2533,48,0
13449,8757,26,0
13450,13717,82,1
13451,3945,2461,0
13452,10663,606,1
13453,7794,402,0
13454,2933,1923,1
13455,6829,141,1
13456,2888,579,0
13457,14277,91,0
13458,7640,947,1
13459,4523,237,0
13460,5867,17,0
13461,5722,19,1
13462,1990,412,0
13463,9285,126,1
13464,10345,65,1
13465,8835,2462,1
13466,6805,1826,0
13467,3211,349,1
13468,2280,48,0
13469,2621,219,0
13470,242,2463,1
13471,13775,189,1
13472,466,583,0
13473,11433,235,0
13474,5863,423,1
13475,9575,1011,1
13476,11621,189,1
13477,10102,246,0
13478,1405,17,0
13479,6,22,1
13480,10362,17,0
13481,2452,40,0
13482,2175,19,1
13483,13097,219,1
13484,2963,219,1
13485,2282,510,0
13486,2927,1961,0
13487,4768,129,1
13488,3979,73,1
13489,12208,753,0
13490,3105,89,1
13491,1148,17,0
13492,246,914,1
13493,7735,402,0
13494,11487,99,1
13495,14281,89,0
13496,14282,118,1
13497,12334,424,1
13498,5802,78,1
13499,1555,193,1
13500,1438,41,0
13501,13653,460,0
13502,10463,577,1
13503,6728,1075,0
13504,8884,457,0
13505,14039,423,1
13506,10041,126,1
13507,9100,16,0
13508,11,101,1
13509,4206,48,0
13510,9527,2465,0
13511,5545,34,1
13512,14285,741,1
13513,7984,412,0
13514,2790,91,0
13515,2868,125,1
13516,7907,17,0
13517,2110,399,0
13518,11059,210,1
13519,7545,1460,1
13520,7749,34,1
13521,13116,0,0
13522,1544,0,0
13523,9618,835,0
13524,3168,1942,0
13525,8282,260,0
13526,5215,802,0
13527,6231,583,0
13528,4280,41,0
13529,12064,18,0
13530,11026,457,0
13531,6689,1172,0
13532,2621,187,0
13533,3574,184,1
13534,5635,583,0
13535,14288,343,1
13536,13844,1491,0
13537,3333,39,0
13538,12113,52,0
13539,7476,82,1
13540,11500,195,0
13541,2023,32,0
13542,3221,48,0
13543,8791,0,0
13544,13629,32,0
13545,6024,82,1
13546,5626,60,1
13547,4150,41,0
13548,943,43,0
13549,11071,510,0
13550,7954,112,1
13551,3203,402,1
13552,260,392,0
13553,9400,681,0
13554,458,669,0
13555,2110,1153,0
13556,1197,111,0
13557,12939,19,1
13558,160,214,0
13559,1695,878,0
13560,13115,315,1
13561,7812,155,0
13562,13438,129,1
13563,4190,160,0
13564,5413,90,0
13565,7953,547,0
13566,9681,189,1
13567,6130,32,0
13568,8526,160,1
13569,14296,43,1
13570,5824,941,0
13571,12699,40,0
13572,1173,584,0
13573,1271,52,0
13574,5502,242,0
13575,5607,18,0
13576,10680,17,0
13577,8049,1588,0
13578,2491,539,1
13579,11111,1015,0
13580,14299,439,0
13581,8588,0,0
13582,7217,329,0
13583,10044,60,0
13584,7147,40,0
13585,4977,777,0
13586,11277,307,1
13587,8720,269,0
13588,7052,231,0
13589,9925,232,1
13590,13784,19,1
13591,11364,100,1
13592,13337,89,1
13593,8930,39,1
13594,11176,2096,0
13595,1584,813,1
13596,5723,73,1
13597,6248,918,0
13598,4017,606,1
13599,14303,372,1
13600,4661,257,1
13601,8364,100,1
13602,541,2471,0
13603,13325,40,1
13604,9923,242,0
13605,10464,17,0
13606,13769,1520,1
13607,9690,832,1
13608,49,681,1
13609,12784,269,1
13610,1331,757,0
13611,3143,0,0
13612,11986,32,0
13613,13700,333,0
13614,6844,195,0
13615,9144,320,1
13616,568,149,0
13617,2210,52,0
13618,14309,17,0
13619,11562,100,1
13620,7821,39,1
13621,5055,39,1
13622,14311,194,1
13623,1690,815,1
13624,1406,1456,0
13625,4502,32,0
13626,14285,274,0
13627,268,489,0
13628,1950,457,0
13629,12537,100,1
13630,4032,47,1
13631,4192,329,1
13632,10785,1760,1
13633,10027,82,1
13634,7026,125,1
13635,200,777,1
13636,268,315,0
13637,1095,844,0
13638,10502,681,0
13639,740,105,1
13640,6511,48,0
13641,14314,104,1
13642,10884,18,0
13643,2353,582,0
13644,13233,57,1
13645,4981,1510,0
13646,3512,41,0
13647,6991,547,0
13648,14315,47,1
13649,13590,100,1
13650,13537,17,0
13651,12153,149,0
13652,5009,0,0
13653,12465,619,0
13654,3754,1658,1
13655,1909,48,0
13656,12035,32,0
13657,5293,743,0
13658,7898,194,1
13659,14318,753,0
13660,11985,100,1
13661,421,334,1
13662,12605,126,1
13663,1248,51,0
13664,4997,473,0
13665,2812,52,0
13666,14321,689,0
13667,13924,60,0
13668,8142,813,1
13669,2629,52,0
13670,12422,82,1
13671,9103,16,1
13672,7666,43,1
13673,1723,43,1
13674,9628,160,1
13675,8051,40,1
13676,8347,552,1
13677,2326,100,1
13678,943,817,0
13679,11087,1346,0
13680,14169,91,0
13681,1966,743,0
13682,8972,857,1
13683,11187,2257,1
13684,5031,27,0
13685,6965,39,1
13686,9195,126,1
13687,13485,279,1
13688,2308,40,1
13689,5178,927,1
13690,11604,0,0
13691,3786,39,0
13692,8022,15,1
13693,156,43,0
13694,8421,719,0
13695,4063,95,1
13696,4039,1072,0
13697,5466,944,1
13698,5704,126,1
13699,13492,40,1
13700,13639,189,1
13701,2032,40,1
13702,13915,813,1
13703,2528,78,1
13704,1291,214,0
13705,13600,242,0
13706,13139,19,1
13707,4685,86,0
13708,2373,26,1
13709,3583,2476,0
13710,14328,60,0
13711,4294,149,0
13712,8602,41,0
13713,14331,15,1
13714,4327,412,0
13715,11321,15,1
13716,14117,19,0
13717,3251,86,1
13718,13701,100,1
13719,320,86,0
13720,4768,743,0
13721,1340,32,0
13722,900,2202,1
13723,8206,473,1
13724,11208,743,0
13725,13881,1312,1
13726,14332,32,0
13727,9103,160,1
13728,11259,242,0
13729,6679,91,1
13730,581,43,0
13731,14333,18,0
13732,5678,86,0
13733,7598,743,0
13734,291,817,0
13735,387,180,0
13736,13758,797,1
13737,2255,197,0
13738,7602,41,0
13739,4977,991,1
13740,893,458,0
13741,11069,642,1
13742,14032,605,0
13743,2551,1629,0
13744,5806,515,0
13745,1197,2477,1
13746,681,41,0
13747,3626,0,0
13748,12184,165,1
13749,6917,149,0
13750,11618,344,0
13751,10400,39,1
13752,14113,195,0
13753,14137,214,1
13754,11009,100,1
13755,12223,271,1
13756,7938,464,0
13757,3878,31,0
13758,3694,0,0
13759,1175,111,0
13760,3773,197,0
13761,260,129,1
13762,8856,34,1
13763,9076,2312,1
13764,3022,1275,1
13765,11008,39,1
13766,7841,237,0
13767,5201,228,1
13768,8023,330,0
13769,13495,86,1
13770,5990,94,1
13771,3132,242,1
13772,12192,0,0
13773,6412,86,0
13774,8475,1863,0
13775,12954,343,1
13776,10833,18,0
13777,14342,32,0
13778,13596,1135,1
13779,4083,343,1
13780,6751,1176,0
13781,12791,189,1
13782,14343,39,1
13783,9941,189,1
13784,10366,404,0
13785,13174,19,0
13786,12628,242,1
13787,2137,478,1
13788,2133,813,1
13789,516,392,1
13790,5975,197,1
13791,11586,329,0
13792,186,115,0
13793,1697,118,0
13794,11872,52,0
13795,12325,723,0
13796,607,39,1
13797,9006,343,1
13798,5280,17,0
13799,2696,39,1
13800,6350,2061,0
13801,12679,48,0
13802,11122,1061,0
13803,12126,210,1
13804,268,1470,0
13805,9697,343,1
13806,7646,100,1
13807,8156,326,0
13808,13317,618,1
13809,11983,41,0
13810,943,631,0
13811,3549,1335,0
13812,14352,19,1
13813,1239,617,1
13814,13761,424,1
13815,13608,126,1
13816,7674,1176,0
13817,3885,0,0
13818,4606,343,1
13819,13645,105,1
13820,1763,1688,0
13821,1395,17,0
13822,3135,39,0
13823,258,219,1
13824,13823,343,1
13825,10879,57,1
13826,80,568,0
13827,11662,1137,0
13828,242,1619,1
13829,13751,126,1
13830,1765,34,0
13831,1818,248,0
13832,13125,260,0
13833,5587,2206,0
13834,14353,931,1
13835,10380,24,0
13836,13627,39,1
13837,304,321,0
13838,2774,17,0
13839,11293,978,0
13840,13799,539,0
13841,14356,106,1
13842,1975,535,0
13843,1029,14,0
13844,5718,246,0
13845,1624,41,0
13846,8094,32,0
13847,9866,51,0
13848,8103,17,0
13849,6522,22,0
13850,11673,344,0
13851,2280,196,1
13852,4160,1510,0
13853,5545,101,0
13854,10699,196,0
13855,2613,17,0
13856,14358,52,0
13857,14359,15,1
13858,8594,305,1
13859,4619,100,1
13860,7121,160,1
13861,13766,1176,0
13862,13327,31,1
13863,14360,973,0
13864,2860,743,0
13865,14106,575,0
13866,6470,29,0
13867,3399,101,0
13868,1400,627,1
13869,1304,978,0
13870,14361,104,1
13871,14362,548,1
13872,484,750,1
13873,11297,32,0
13874,5065,426,0
13875,10990,2007,0
13876,14364,60,0
13877,12855,0,0
13878,8542,979,0
13879,12503,125,1
13880,755,111,0
13881,3652,978,0
13882,13873,39,1
13883,3549,48,0
13884,11023,2460,1
13885,6445,677,1
13886,4742,404,0
13887,13936,52,0
13888,8705,48,0
13889,426,41,0
13890,1460,95,0
13891,4438,34,1
13892,14367,429,1
13893,242,312,1
13894,743,57,0
13895,3405,824,0
13896,5236,149,0
13897,11018,214,0
13898,9811,242,0
13899,14369,18,0
13900,6670,242,0
13901,7372,73,1
13902,1624,0,0
13903,10878,40,0
13904,7473,211,1
13905,2787,939,1
13906,301,17,0
13907,283,115,0
13908,4378,0,0
13909,6271,431,1
13910,14359,32,0
13911,3117,473,0
13912,525,583,0
13913,4290,816,0
13914,5736,460,0
13915,2452,34,1
13916,4212,40,1
13917,4460,2098,0
13918,13686,343,1
13919,6728,17,0
13920,3897,196,0
13921,1866,228,0
13922,2026,228,0
13923,7794,242,0
13924,9192,242,0
13925,921,17,0
13926,11492,361,0
13927,8438,476,1
13928,8480,105,1
13929,9058,13,0
13930,4458,48,0
13931,11197,1293,1
13932,7127,1881,0
13933,3168,2340,1
13934,3167,214,1
13935,11662,1397,0
13936,1197,1098,0
13937,14353,995,0
13938,4477,40,0
13939,2166,50,1
13940,6193,31,1
13941,124,1114,1
13942,14378,167,1
13943,13767,86,0
13944,1046,40,0
13945,766,2483,1
13946,13082,129,0
13947,14379,86,1
13948,2816,32,0
13949,268,918,0
13950,10679,476,1
13951,8578,736,1
13952,14161,18,0
13953,11585,361,0
13954,2787,48,0
13955,13992,155,0
13956,4284,40,1
13957,4342,50,1
13958,4469,34,1
13959,6123,321,1
13960,14380,269,0
13961,14381,160,0
13962,4325,52,0
13963,5766,321,0
13964,14321,402,1
13965,12679,478,1
13966,14382,17,0
13967,7463,669,0
13968,6322,101,0
13969,11674,111,0
13970,5112,73,0
13971,1829,300,1
13972,809,400,1
13973,13586,32,0
13974,8884,160,1
13975,2315,0,0
13976,6477,100,1
13977,3785,39,1
13978,12369,320,1
13979,1467,17,0
13980,7023,2485,1
13981,10961,483,0
13982,12553,941,1
13983,975,326,0
13984,14387,219,1
13985,10993,17,0
13986,4403,52,0
13987,13188,399,0
13988,4929,636,0
13989,2171,219,1
13990,7991,60,0
13991,766,2340,1
13992,63,1987,0
13993,8324,0,0
13994,7276,91,0
13995,11582,771,1
13996,5044,0,0
13997,11931,51,0
13998,3613,91,1
13999,931,242,1
14000,9185,1603,1
14001,13118,13,0
14002,14183,126,1
14003,2072,343,1
14004,4020,197,0
14005,1789,260,0
14006,7936,32,0
14007,5076,104,1
14008,13857,620,1
14009,12906,532,1
14010,6226,18,0
14011,3198,0,0
14012,1388,771,1
14013,5411,167,0
14014,355,66,0
14015,268,1053,0
14016,3998,165,1
14017,5608,18,0
14018,9223,48,0
14019,14395,106,1
14020,7435,19,0
14021,11851,334,1
14022,1216,132,0
14023,5200,17,0
14024,4484,430,0
14025,12639,539,0
14026,13196,18,0
14027,3943,196,0
14028,8381,103,1
14029,7744,431,1
14030,2634,0,0
14031,11757,346,0
14032,9613,503,1
14033,6949,0,0
14034,4206,0,0
14035,907,196,0
14036,4877,51,1
14037,14145,231,0
14038,9071,48,0
14039,97,1931,0
14040,6477,764,0
14041,14399,91,1
14042,5611,1238,0
14043,10237,40,1
14044,6516,86,0
14045,7461,32,0
14046,14269,2493,1
14047,10721,286,0
14048,10809,89,1
14049,8257,57,1
14050,9430,189,1
14051,14400,95,1
14052,2073,321,0
14053,6378,315,1
14054,6755,252,0
14055,8398,39,1
14056,6429,31,1
14057,1764,125,1
14058,14401,86,0
14059,5446,402,1
14060,14402,228,0
14061,14136,343,1
14062,3199,1114,0
14063,9700,40,1
14064,6798,17,0
14065,4160,1531,0
14066,5116,231,0
14067,3471,260,0
14068,189,17,0
14069,8250,17,0
14070,14404,86,1
14071,6739,703,0
14072,3947,335,0
14073,2621,483,0
14074,1441,48,0
14075,5650,41,0
14076,12835,60,1
14077,3525,160,1
14078,10671,32,0
14079,10100,196,0
14080,12556,86,0
14081,3693,34,1
14082,13352,17,0
14083,11639,0,0
14084,11423,52,0
14085,13151,260,0
14086,14350,1698,0
14087,14408,931,1
14088,12454,129,1
14089,2770,1126,1
14090,4430,1108,0
14091,10992,458,1
14092,1277,1534,0
14093,5113,18,0
14094,8035,1151,1
14095,7433,17,0
14096,1418,412,0
14097,2595,189,1
14098,12834,13,1
14099,6807,555,0
14100,11593,100,1
14101,6789,905,0
14102,4067,1021,1
14103,2373,103,0
14104,9017,732,1
14105,6326,2131,0
14106,2625,187,1
14107,6557,17,0
14108,5142,189,1
14109,3874,361,0
14110,12180,13,0
14111,1477,17,0
14112,1168,448,0
14113,20,399,0
14114,9979,412,0
14115,14388,18,0
14116,4006,165,1
14117,3848,1176,0
14118,9881,750,1
14119,7655,165,0
14120,7567,34,1
14121,921,48,0
14122,1265,1456,0
14123,3867,1796,0
14124,1021,577,1
14125,1336,507,0
14126,4395,242,1
14127,2272,1903,0
14128,530,40,1
14129,12668,94,1
14130,2418,115,0
14131,5048,1387,0
14132,13735,583,0
14133,2377,242,0
14134,1653,32,0
14135,2998,1041,1
14136,13169,126,1
14137,943,1440,0
14138,375,48,0
14139,12140,1011,1
14140,8127,82,1
14141,12413,197,0
14142,2741,52,0
14143,8279,41,0
14144,49,1989,0
14145,4835,19,1
14146,9162,41,0
14147,7264,2179,1
14148,9062,73,1
14149,10476,0,0
14150,365,269,1
14151,14300,675,1
14152,1349,221,1
14153,11892,0,0
14154,12695,18,0
14155,13521,39,1
14156,4552,47,1
14157,6911,101,0
14158,7103,947,1
14159,11,1021,1
14160,8565,176,0
14161,6081,155,0
14162,14419,43,0
14163,1168,278,0
14164,11906,0,0
14165,2136,1021,0
14166,8817,101,0
14167,14423,18,0
14168,1748,52,0
14169,5573,17,0
14170,6757,90,1
14171,5688,17,0
14172,481,2500,1
14173,198,2501,1
14174,13718,126,1
14175,6908,1071,1
14176,14426,301,1
14177,8602,0,0
14178,6235,208,0
14179,4213,100,1
14180,2503,235,0
14181,13411,343,1
14182,6655,41,1
14183,3111,764,0
14184,14428,939,1
14185,12139,313,1
14186,8881,21,1
14187,12704,370,1
14188,13379,82,1
14189,2281,260,0
14190,1123,1697,0
14191,14069,228,1
14192,5208,187,1
14193,4455,19,1
14194,3921,26,0
14195,5787,343,1
14196,6982,111,0
14197,14429,237,0
14198,6757,19,1
14199,49,1304,0
14200,4127,269,0
14201,948,391,0
14202,5611,2262,0
14203,569,0,0
14204,4724,326,0
14205,11408,678,0
14206,6344,1134,1
14207,1219,48,0
14208,3075,991,0
14209,13543,1727,0
14210,12217,82,1
14211,12295,52,0
14212,11112,242,1
14213,4471,467,1
14214,12398,532,1
14215,13652,274,0
14216,12699,246,0
14217,5477,100,1
14218,6183,18,0
14219,1906,658,0
14220,11137,39,1
14221,12368,897,1
14222,13343,232,1
14223,11342,129,1
14224,862,26,1
14225,8870,743,0
14226,11213,26,1
14227,11585,546,1
14228,8367,39,1
14229,12518,944,1
14230,3874,546,1
14231,2712,944,0
14232,4963,125,0
14233,14434,231,0
14234,4443,1288,0
14235,3632,1596,0
14236,13616,39,1
14237,13526,176,0
14238,12829,467,1
14239,10362,0,0
14240,750,126,1
14241,983,225,1
14242,9844,164,0
14243,10851,1923,1
14244,3066,343,1
14245,5553,41,0
14246,1102,402,0
14247,1385,100,1
14248,8933,1774,1
14249,14369,73,1
14250,13209,40,1
14251,12765,214,0
14252,1438,0,0
14253,11083,72,0
14254,3263,246,1
14255,11299,225,1
14256,6560,57,1
14257,12659,17,0
14258,11506,242,0
14259,12337,16,0
14260,6016,709,0
14261,6970,40,1
14262,111,554,1
14263,9489,43,1
14264,12697,17,0
14265,8887,0,0
14266,11006,196,0
14267,4022,111,0
14268,9606,404,0
14269,4415,18,0
14270,2523,346,1
14271,1277,2329,0
14272,3121,949,1
14273,8594,495,1
14274,9485,155,1
14275,9218,343,1
14276,1034,52,0
14277,11847,82,1
14278,13572,260,1
14279,14048,47,1
14280,14436,2179,1
14281,8508,665,0
14282,9544,41,0
14283,13279,343,1
14284,1982,214,0
14285,880,2461,0
14286,882,17,0
14287,1183,18,0
14288,1683,457,1
14289,10892,228,1
14290,11354,39,1
14291,1262,402,0
14292,13456,1011,1
14293,14333,73,1
14294,11334,90,1
14295,12340,32,0
14296,2778,0,0
14297,5746,17,0
14298,3644,494,0
14299,14324,126,1
14300,3159,189,1
14301,6759,187,0
14302,3619,1335,0
14303,458,320,0
14304,10419,246,0
14305,903,323,0
14306,7765,921,1
14307,12537,52,0
14308,11629,82,1
14309,12935,402,1
14310,774,197,0
14311,6982,1098,0
14312,9243,101,0
14313,12655,519,1
14314,5007,187,0
14315,14308,334,1
14316,5364,17,0
14317,9583,1477,1
14318,1089,1070,0
14319,7058,90,1
14320,11164,78,1
14321,14441,91,0
14322,13802,99,1
14323,6522,579,1
14324,4677,48,0
14325,1122,2046,0
14326,5081,228,1
14327,7291,60,0
14328,14443,372,1
14329,11,315,1
14330,200,404,0
14331,4469,16,1
14332,3995,43,0
14333,6901,39,1
14334,5419,48,0
14335,11441,52,0
14336,3157,497,1
14337,1016,681,0
14338,210,623,1
14339,12716,2507,1
14340,6261,1513,0
14341,14444,1176,0
14342,13065,225,1
14343,880,918,0
14344,9076,640,1
14345,12885,18,0
14346,2136,101,0
14347,3838,225,1
14348,5548,546,1
14349,13553,181,1
14350,6169,39,1
14351,6271,1303,1
14352,1461,750,1
14353,943,767,0
14354,11078,0,1
14355,2625,994,1
14356,1070,100,1
14357,9703,1259,1
14358,11276,320,0
14359,6591,286,0
14360,9721,2171,1
14361,8306,40,1
14362,3101,39,0
14363,3482,112,1
14364,1834,128,0
14365,6250,13,0
14366,5190,181,0
14367,12469,0,0
14368,14446,100,1
14369,8291,115,0
14370,10413,40,1
14371,14447,978,0
14372,14448,232,1
14373,7274,41,0
14374,901,402,1
14375,585,705,0
14376,6883,246,0
14377,3087,26,1
14378,14450,407,0
14379,14451,343,1
14380,13970,19,1
14381,9127,187,1
14382,1893,327,1
14383,13996,542,1
14384,481,95,0
14385,1844,536,0
14386,964,423,1
14387,1330,17,0
14388,8059,1114,0
14389,4438,16,1
14390,3678,320,1
14391,8560,1785,0
14392,9863,43,0
14393,3313,2510,1
14394,585,568,0
14395,118,17,0
14396,5068,813,1
14397,2110,2283,0
14398,3032,196,0
14399,589,581,0
14400,14211,372,1
14401,515,881,0
14402,11631,52,0
14403,2274,2512,0
14404,9886,40,1
14405,13775,115,0
14406,4026,50,1
14407,9693,242,0
14408,12808,39,1
14409,4961,15,1
14410,13794,53,1
14411,8691,627,1
14412,2125,399,0
14413,8285,39,1
14414,13253,52,0
14415,3387,1901,0
14416,3170,991,0
14417,4285,104,1
14418,10551,149,0
14419,3719,0,0
14420,5361,287,0
14421,13075,424,1
14422,13703,305,0
14423,1962,128,0
14424,6317,19,1
14425,3654,100,1
14426,12078,1153,0
14427,13342,43,1
14428,11889,771,0
14429,3466,1172,0
14430,3385,402,1
14431,11555,320,1
14432,7391,34,1
14433,14460,40,1
14434,7635,219,1
14435,12853,1114,1
14436,11169,41,0
14437,193,0,0
14438,8752,91,1
14439,14461,343,1
14440,3693,101,0
14441,14240,2513,0
14442,1624,48,0
14443,13987,343,1
14444,1891,0,0
14445,14165,91,0
14446,7282,429,0
14447,7604,402,1
14448,12754,370,1
14449,12184,115,0
14450,3632,60,0
14451,14462,412,0
14452,5378,786,0
14453,2771,41,0
14454,46,709,0
14455,7702,101,0
14456,2920,1092,0
14457,5578,654,1
14458,1389,41,0
14459,8924,329,0
14460,10249,115,0
14461,10814,539,1
14462,4520,41,0
14463,12330,1183,1
14464,741,34,1
14465,7940,836,0
14466,13595,315,1
14467,12074,40,1
14468,8008,242,0
14469,3331,0,0
14470,11038,539,1
14471,6274,34,1
14472,4289,197,0
14473,6208,797,0
14474,13110,424,1
14475,3817,743,0
14476,14463,18,0
14477,5085,1125,0
14478,8303,48,0
14479,7552,306,0
14480,2595,41,0
14481,3089,40,1
14482,975,228,1
14483,8778,274,0
14484,2860,129,1
14485,6909,34,1
14486,1302,17,0
14487,5467,73,1
14488,5007,402,1
14489,1854,709,1
14490,3332,287,0
14491,6010,156,0
14492,12058,26,1
14493,8493,40,1
14494,2998,273,0
14495,4251,48,0
14496,11269,944,0
14497,4390,305,0
14498,9233,242,0
14499,3237,1788,0
14500,3264,89,0
14501,14469,414,1
14502,2512,111,0
14503,7341,645,0
14504,11067,654,1
14505,279,1122,1
14506,874,650,1
14507,10894,26,0
14508,2204,57,1
14509,7787,160,0
14510,2429,584,0
14511,5450,0,0
14512,5377,1172,0
14513,10301,16,1
14514,8823,47,1
14515,11260,897,1
14516,13835,343,1
14517,14238,687,1
14518,14471,126,1
14519,2100,575,0
14520,3092,184,0
14521,9520,41,0
14522,2314,243,0
14523,10246,539,0
14524,14472,286,0
14525,10924,539,0
14526,9805,40,1
14527,1102,504,0
14528,6356,978,0
14529,10229,111,0
14530,3739,73,1
14531,8438,242,1
14532,1578,1799,1
14533,6712,101,1
14534,12878,34,0
14535,7023,47,0
14536,11395,155,0
14537,12485,408,1
14538,14077,269,1
14539,6479,66,0
14540,14474,115,0
14541,5568,10,0
14542,1798,44,0
14543,3426,1060,1
14544,7629,424,1
14545,1062,991,1
14546,13983,89,1
14547,12353,0,0
14548,14441,26,1
14549,12903,89,0
14550,1829,583,0
14551,1651,0,1
14552,4150,17,0
14553,6761,41,0
14554,13526,18,0
14555,123,424,1
14556,3821,82,1
14557,13086,126,1
14558,300,39,1
14559,601,322,0
14560,10446,215,0
14561,8430,65,0
14562,10049,100,1
14563,8528,52,0
14564,6266,1775,0
14565,2278,424,0
14566,5136,95,1
14567,10430,52,0
14568,4296,17,0
14569,11814,100,1
14570,2580,101,0
14571,13883,478,1
14572,12343,681,0
14573,8870,19,1
14574,7213,1023,1
14575,5644,53,1
14576,9690,1051,1
14577,4046,231,0
14578,3337,100,1
14579,160,41,0
14580,13639,131,0
14581,10658,39,1
14582,4180,149,0
14583,1661,153,0
14584,12727,32,0
14585,9099,387,0
14586,14477,228,1
14587,10687,17,0
14588,4685,1153,0
14589,387,1723,0
14590,6230,813,1
14591,7212,48,0
14592,6065,329,0
14593,12327,195,0
14594,1498,764,0
14595,9885,585,1
14596,304,402,0
14597,49,312,0
14598,12804,32,0
14599,2741,100,1
14600,7431,1540,0
14601,13944,307,1
14602,3881,41,1
14603,12937,404,0
14604,288,546,1
14605,5694,584,0
14606,14359,44,0
14607,5611,692,0
14608,481,709,1
14609,13732,73,1
14610,6847,997,0
14611,361,429,1
14612,1369,2101,0
14613,5879,1011,1
14614,210,483,0
14615,7354,214,0
14616,1913,90,0
14617,8258,43,0
14618,6289,743,0
14619,351,1198,0
14620,9012,827,1
14621,1975,208,0
14622,3954,129,0
14623,4202,0,0
14624,1870,709,1
14625,3955,17,0
14626,3002,22,0
14627,1030,264,0
14628,13885,1450,0
14629,3661,539,0
14630,1089,1437,0
14631,12937,31,1
14632,9169,836,1
14633,13836,1559,1
14634,13052,32,0
14635,4977,141,1
14636,8954,515,0
14637,7901,539,0
14638,9520,269,1
14639,3198,48,0
14640,9609,401,1
14641,14467,377,0
14642,6644,17,0
14643,11202,878,0
14644,458,2517,0
14645,2255,48,0
14646,10218,372,1
14647,11860,91,1
14648,943,1072,0
14649,559,15,1
14650,1979,1795,0
14651,14480,598,0
14652,3951,266,0
14653,798,587,0
14654,8593,101,1
14655,12775,86,0
14656,11961,366,1
14657,749,26,0
14658,3475,32,0
14659,5635,300,1
14660,3264,128,0
14661,5439,18,0
14662,980,287,0
14663,7953,246,0
14664,13564,214,0
14665,14424,231,0
14666,14483,343,1
14667,2177,2519,1
14668,7157,351,1
14669,14404,91,0
14670,5942,214,0
14671,2864,149,0
14672,943,1067,0
14673,6424,208,0
14674,14140,443,1
14675,10993,48,0
14676,14484,134,1
14677,271,41,0
14678,6102,457,0
14679,12765,128,0
14680,7866,815,1
14681,12707,18,0
14682,14485,18,0
14683,9339,91,0
14684,6527,53,1
14685,13827,271,1
14686,943,5,0
14687,461,741,1
14688,14486,242,0
14689,10225,82,1
14690,515,932,1
14691,10471,52,0
14692,3739,18,0
14693,6604,40,0
14694,9280,605,0
14695,5671,86,0
14696,12677,160,1
14697,11574,0,0
14698,3638,17,0
14699,4179,126,1
14700,9012,0,0
14701,3726,246,0
14702,14129,228,1
14703,8192,442,0
14704,900,1114,0
14705,8625,877,0
14706,4854,2409,0
14707,3331,743,0
14708,14031,18,0
14709,2452,510,0
14710,4471,95,0
14711,2639,41,0
14712,291,128,0
14713,12412,18,0
14714,118,41,0
14715,7320,546,1
14716,12336,0,0
14717,9704,542,1
14718,13583,39,1
14719,4776,129,0
14720,13659,126,1
14721,943,2521,0
14722,8967,103,1
14723,13227,48,0
14724,537,636,0
14725,14492,195,0
14726,3772,343,1
14727,5292,300,1
14728,1723,5,1
14729,11000,17,0
14730,9761,39,1
14731,3881,824,1
14732,1642,517,0
14733,13938,675,1
14734,5345,86,0
14735,2253,546,0
14736,12723,165,1
14737,4520,0,0
14738,113,441,0
14739,12008,128,0
14740,601,286,1
14741,6664,1744,0
14742,372,111,0
14743,12900,833,1
14744,5688,48,0
14745,3703,1993,0
14746,12037,404,0
14747,4369,19,1
14748,13703,626,1
14749,1664,401,1
14750,3541,26,1
14751,13650,41,0
14752,13265,50,1
14753,38,477,0
14754,10589,764,0
14755,10026,271,1
14756,10193,1021,1
14757,5733,51,0
14758,14497,326,1
14759,2062,622,0
14760,12775,91,0
14761,7690,260,0
14762,2873,402,1
14763,3139,326,1
14764,8526,16,1
14765,12984,89,1
14766,9855,1198,0
14767,11034,709,0
14768,3878,663,0
14769,10584,17,0
14770,278,0,0
14771,10301,34,1
14772,10181,1456,0
14773,873,48,0
14774,1102,187,0
14775,14395,648,0
14776,9057,214,0
14777,12800,126,1
14778,1765,457,0
14779,12715,90,0
14780,9489,17,0
14781,12205,689,0
14782,13916,13,0
14783,4733,57,1
14784,559,118,0
14785,13796,18,0
14786,13930,53,1
14787,1046,510,1
14788,5849,91,1
14789,13056,1414,1
14790,3265,852,0
14791,12108,103,1
14792,12798,813,1
14793,6773,5,0
14794,1844,402,0
14795,10492,47,1
14796,839,836,1
14797,12881,1259,1
14798,13869,269,0
14799,11186,48,0
14800,6129,383,1
14801,13801,402,0
14802,1759,16,1
14803,7941,17,0
14804,1718,582,0
14805,5039,709,1
14806,3854,214,0
14807,11861,86,0
14808,10725,232,1
14809,4556,214,0
14810,14362,2528,0
14811,6836,105,1
14812,1225,138,0
14813,1044,48,0
14814,235,131,0
14815,1695,41,0
14816,696,1477,1
14817,3806,26,0
14818,4190,16,0
14819,5892,26,1
14820,12826,47,0
14821,13582,126,1
14822,13841,329,0
14823,9593,626,1
14824,11233,44,0
14825,5815,100,1
14826,14504,1180,1
14827,14505,343,1
14828,10965,350,0
14829,14506,264,1
14830,11225,100,1
14831,6619,53,1
14832,10202,1796,0
14833,943,957,0
14834,1293,240,0
14835,5211,539,0
14836,186,189,1
14837,7168,149,0
14838,14507,86,1
14839,2077,32,0
14840,11370,86,1
14841,3247,17,0
14842,2051,412,0
14843,9883,31,0
14844,3063,260,0
14845,3963,1826,0
14846,6342,14,0
14847,1962,43,0
14848,13103,1038,0
14849,7484,100,1
14850,49,2521,0
14851,12138,750,0
14852,200,41,0
14853,3754,1197,0
14854,1301,566,0
14855,83,39,1
14856,6624,932,1
14857,11391,19,1
14858,1634,1346,1
14859,2816,40,0
14860,10679,681,0
14861,7758,2147,0
14862,390,412,0
14863,3002,89,0
14864,12501,210,1
14865,8342,126,1
14866,5293,90,1
14867,11508,32,0
14868,6425,270,1
14869,6586,410,0
14870,472,2532,1
14871,2396,264,1
14872,11429,242,0
14873,6500,575,0
14874,96,1135,1
14875,12496,40,1
14876,13983,391,0
14877,14512,235,0
14878,2714,13,0
14879,1989,0,0
14880,1358,50,1
14881,4724,125,0
14882,11976,2290,0
14883,3075,380,0
14884,11814,52,0
14885,1095,2051,0
14886,12213,645,0
14887,14171,813,1
14888,2970,232,1
14889,1975,321,1
14890,13614,189,1
14891,2333,431,1
14892,11124,0,0
14893,4202,17,0
14894,11785,279,1
14895,3277,323,0
14896,17,101,0
14897,931,517,0
14898,9891,86,0
14899,6221,52,0
14900,10513,274,0
14901,8735,967,0
14902,13442,741,1
14903,4685,1335,0
14904,8983,86,1
14905,13417,82,1
14906,10328,992,0
14907,9916,329,0
14908,14118,129,1
14909,14415,126,1
14910,8544,73,1
14911,3178,1041,1
14912,14462,271,1
14913,12172,53,1
14914,2774,0,0
14915,686,214,0
14916,9360,155,0
14917,1070,764,0
14918,5574,383,0
14919,3341,1176,0
14920,5039,41,0
14921,2274,2048,0
14922,26,922,0
14923,10785,618,1
14924,498,1026,1
14925,2920,187,0
14926,13352,48,0
14927,840,902,1
14928,2319,383,1
14929,14352,196,0
14930,8850,100,1
14931,1570,239,0
14932,14517,472,1
14933,1844,22,1
14934,13486,1137,0
14935,8381,48,0
14936,4878,129,1
14937,10328,193,1
14938,2882,41,0
14939,11839,269,1
14940,4154,73,1
14941,8059,1272,1
14942,636,17,0
14943,10559,360,0
14944,709,17,0
14945,11955,155,0
14946,1419,242,0
14947,14104,343,1
14948,14519,115,1
14949,6886,1353,0
14950,9974,41,0
14951,8577,129,1
14952,284,41,0
14953,13963,195,0
14954,3469,187,1
14955,4020,999,1
14956,14001,48,0
14957,370,399,0
14958,6894,43,0
14959,186,165,1
14960,10285,18,0
14961,4887,32,0
14962,5791,260,0
14963,279,17,0
14964,2605,457,0
14965,9724,505,0
14966,160,48,0
14967,939,26,0
14968,5315,320,0
14969,6061,39,1
14970,12673,89,0
14971,14524,32,0
14972,10393,60,0
14973,268,1883,0
14974,38,616,0
14975,14525,53,1
14976,6584,0,0
14977,12629,53,1
14978,5350,1427,1
14979,8979,802,0
14980,13524,429,0
14981,13444,464,0
14982,13332,402,1
14983,1611,52,0
14984,7844,2104,0
14985,14298,320,1
14986,9047,112,1
14987,1331,1120,0
14988,12290,0,0
14989,981,764,0
14990,13689,343,1
14991,13904,129,1
14992,5765,196,0
14993,9897,50,1
14994,1912,17,0
14995,13307,86,0
14996,13149,121,1
14997,13155,2240,1
14998,13026,1176,0
14999,5928,978,0
15000,10734,412,0
15001,12325,672,0
15002,3178,682,1
15003,13498,128,0
15004,13100,86,0
15005,2004,131,0
15006,4624,269,1
15007,3223,2500,1
15008,7992,99,1
15009,2536,32,0
15010,13317,86,0
15011,10219,176,0
15012,6604,32,0
15013,10764,547,0
15014,194,515,0
15015,11895,798,1
15016,11940,129,1
15017,3470,0,0
15018,8186,39,1
15019,5212,0,0
15020,682,155,0
15021,7239,115,0
15022,5600,978,0
15023,13017,2535,1
15024,9558,135,1
15025,14530,100,1
15026,2336,546,1
15027,9332,44,0
15028,4354,2536,0
15029,2110,487,0
15030,7243,329,1
15031,6158,52,0
15032,7868,344,0
15033,11405,196,0
15034,6831,18,0
15035,13491,82,1
15036,7784,18,0
15037,10815,50,1
15038,14532,34,1
15039,13084,73,1
15040,6773,22,0
15041,1626,1023,0
15042,14533,505,0
15043,5057,473,0
15044,13601,196,0
15045,38,322,0
15046,14364,577,1
15047,7707,0,0
15048,843,101,0
15049,1053,155,0
15050,13703,439,0
15051,3901,48,0
15052,11898,17,0
15053,8848,2538,0
15054,873,2539,0
15055,2753,2090,0
15056,13085,214,0
15057,2119,90,1
15058,3405,1600,1
15059,12972,129,0
15060,268,1962,0
15061,6766,343,1
15062,9486,991,1
15063,4678,750,1
15064,9617,100,1
15065,5446,219,1
15066,31,1731,1
15067,4303,18,0
15068,11990,978,0
15069,8523,86,1
15070,5369,400,1
15071,6659,1890,1
15072,5802,135,1
15073,14141,82,1
15074,10328,17,0
15075,9223,41,0
15076,4242,329,1
15077,6277,149,0
15078,20,111,0
15079,7574,40,1
15080,8981,897,0
15081,4624,51,1
15082,14537,115,0
15083,9869,176,0
15084,4745,0,0
15085,3672,654,0
15086,3095,101,0
15087,3703,1495,0
15088,13589,692,1
15089,49,1114,0
15090,5871,246,0
15091,1566,391,0
15092,14540,44,0
15093,7597,675,1
15094,4970,73,1
15095,14432,126,1
15096,6110,40,1
15097,4242,48,0
15098,8531,194,0
15099,9028,269,1
15100,13237,91,0
15101,14297,94,1
15102,10246,19,1
15103,10337,126,1
15104,11956,247,1
15105,13790,129,1
15106,97,111,0
15107,7986,1698,0
15108,9629,189,1
15109,14544,50,1
15110,5358,228,0
15111,193,17,0
15112,413,57,1
15113,12652,0,0
15114,8689,0,0
15115,14262,18,0
15116,14377,82,1
15117,3371,219,1
15118,3897,2035,0
15119,14352,129,1
15120,1352,228,1
15121,4010,914,1
15122,13941,52,0
15123,943,278,0
15124,6969,243,1
15125,14548,86,0
15126,12764,126,1
15127,10812,91,1
15128,2927,612,1
15129,10684,95,1
15130,7221,17,0
15131,2937,478,1
15132,5628,160,1
15133,8639,16,1
15134,5093,32,0
15135,9145,18,0
15136,3170,43,0
15137,6261,1573,1
15138,5208,214,0
15139,1331,176,0
15140,9630,259,1
15141,10333,39,1
15142,10236,129,0
15143,7795,918,0
15144,7353,50,1
15145,1391,412,0
15146,4747,160,1
15147,7787,101,0
15148,1173,1931,0
15149,14466,231,0
15150,13820,39,1
15151,7984,40,1
15152,3280,48,0
15153,3332,678,0
15154,12290,424,1
15155,4389,98,1
15156,10044,50,1
15157,1215,489,0
15158,3256,17,0
15159,4024,2542,1
15160,11557,1451,1
15161,9148,2198,0
15162,10738,1050,1
15163,3381,41,0
15164,14552,687,1
15165,12703,448,0
15166,14356,47,0
15167,10147,155,0
15168,943,400,0
15169,1870,242,0
15170,6119,741,1
15171,13984,100,1
15172,4511,552,1
15173,4354,197,0
15174,930,1531,0
15175,5248,764,0
15176,13117,402,0
15177,11641,129,1
15178,8577,19,1
15179,2298,165,1
15180,9626,719,0
15181,9974,48,0
15182,6681,228,0
15183,9266,321,0
15184,14379,91,0
15185,14479,126,1
15186,943,1566,0
15187,48,66,0
15188,1101,392,0
15189,8871,41,0
15190,10206,242,0
15191,14219,189,1
15192,8897,129,1
15193,14332,40,1
15194,81,243,1
15195,896,424,1
15196,13606,126,1
15197,7736,412,1
15198,12069,17,0
15199,1146,2544,0
15200,3247,41,0
15201,8521,455,1
15202,3193,22,0
15203,1089,1730,0
15204,412,17,0
15205,9049,195,0
15206,14556,18,0
15207,14294,82,1
15208,4866,91,1
15209,10565,0,0
15210,2316,111,0
15211,13289,82,1
15212,14490,155,1
15213,507,82,1
15214,10509,86,0
15215,9632,82,1
15216,13871,39,1
15217,2069,52,0
15218,14091,39,1
15219,10402,39,1
15220,8834,115,0
15221,7179,100,1
15222,2888,320,1
15223,11242,343,1
15224,14559,34,0
15225,9480,478,1
15226,126,17,0
15227,11692,460,0
15228,8690,392,0
15229,1976,287,0
15230,4148,39,1
15231,458,95,0
15232,4011,242,0
15233,1744,497,1
15234,14560,320,1
15235,12099,39,1
15236,447,73,1
15237,4651,126,1
15238,12008,473,1
15239,3196,242,1
15240,5840,287,0
15241,49,810,0
15242,12393,194,1
15243,268,128,0
15244,14507,91,0
15245,11071,361,0
15246,14419,798,1
15247,1234,48,0
15248,4403,100,1
15249,6356,100,1
15250,12566,90,0
15251,930,17,0
15252,6129,786,0
15253,10379,40,0
15254,4657,539,0
15255,4681,22,0
15256,3943,925,1
15257,10310,472,1
15258,13181,219,1
15259,8603,60,0
15260,13423,91,0
15261,1977,584,0
15262,9245,1015,0
15263,11608,105,1
15264,14480,941,1
15265,8045,473,0
15266,2787,17,0
15267,1089,1038,0
15268,8641,149,0
15269,6931,89,1
15270,3684,0,0
15271,14253,39,0
15272,8158,27,1
15273,12803,214,0
15274,14359,40,1
15275,214,429,0
15276,12928,53,1
15277,3264,399,0
15278,14133,343,1
15279,11906,17,0
15280,10939,27,0
15281,5343,875,0
15282,1354,14,0
15283,5477,52,0
15284,5913,323,0
15285,12820,91,1
15286,10114,2138,0
15287,9038,100,1
15288,7527,17,0
15289,8165,111,0
15290,372,2023,0
15291,5101,938,1
15292,12069,0,0
15293,5695,1015,0
15294,10792,2549,1
15295,14562,343,1
15296,7796,366,1
15297,5587,1355,0
15298,6724,66,1
15299,14563,13,0
15300,10159,343,1
15301,6584,41,0
15302,11407,198,0
15303,477,257,1
15304,8406,1631,0
15305,1507,978,0
15306,10211,39,1
15307,4708,1391,1
15308,12801,344,0
15309,10134,112,1
15310,6063,219,1
15311,8265,17,0
15312,13085,798,1
15313,12025,86,1
15314,11444,343,1
15315,14565,100,1
15316,13635,89,1
15317,5520,424,1
15318,10464,210,1
15319,943,536,0
15320,3979,18,0
15321,14290,26,1
15322,5722,539,0
15323,7691,24,0
15324,9291,768,0
15325,1695,1075,0
15326,2171,402,1
15327,8803,40,1
15328,5972,931,1
15329,8645,539,0
15330,14544,60,0
15331,14040,402,1
15332,7460,73,0
15333,7310,53,1
15334,10788,86,0
15335,931,569,0
15336,13761,0,0
15337,7538,48,0
15338,1302,48,0
15339,1544,197,0
15340,1062,404,1
15341,3325,17,0
15342,6194,612,0
15343,8689,48,0
15344,7492,2056,1
15345,13255,82,1
15346,6080,194,1
15347,13553,129,1
15348,3544,17,0
15349,1253,18,0
15350,5308,78,1
15351,6138,82,1
15352,13906,228,1
15353,3538,1303,1
15354,14529,100,1
15355,4014,32,0
15356,11416,17,0
15357,14556,73,1
15358,6010,106,1
15359,14530,52,0
15360,7998,892,1
15361,9692,155,0
15362,14484,0,0
15363,3187,126,1
15364,4928,1303,1
15365,12094,1051,1
15366,14025,505,0
15367,12335,836,0
15368,10429,931,1
15369,49,399,0
15370,2301,320,0
15371,7766,932,1
15372,1286,0,0
15373,1168,43,0
15374,1723,627,1
15375,1301,264,0
15376,14485,73,1
15377,4039,17,0
15378,699,321,0
15379,4626,1796,1
15380,3939,17,1
15381,4619,764,0
15382,6511,52,1
15383,10935,126,1
15384,661,315,1
15385,2888,448,0
15386,6208,658,0
15387,2153,1183,1
15388,2675,17,0
15389,12121,18,0
15390,13311,15,0
15391,5557,1204,0
15392,6530,17,0
15393,6129,815,1
15394,1247,1308,1
15395,12659,48,0
15396,14574,460,0
15397,11033,52,0
15398,7081,19,1
15399,10287,104,1
15400,9876,45,0
15401,14093,441,1
15402,14486,402,1
15403,14575,100,1
15404,2280,17,0
15405,7926,859,1
15406,11730,0,0
15407,12571,19,1
15408,1536,155,1
15409,14465,343,1
15410,2831,195,0
15411,2207,34,1
15412,10456,575,0
15413,14578,232,1
15414,1343,246,0
15415,14213,1863,0
15416,1293,2123,0
15417,4348,709,0
15418,5942,138,0
15419,3337,52,0
15420,8495,126,1
15421,1430,100,1
15422,8957,547,0
15423,14493,219,1
15424,8640,39,1
15425,14265,629,1
15426,7264,0,1
15427,8696,82,1
15428,4626,2008,0
15429,4913,17,0
15430,351,895,0
15431,49,89,0
15432,10862,709,0
15433,375,478,1
15434,4762,473,1
15435,14578,386,0
15436,10099,73,1
15437,2955,165,1
15438,8602,2554,0
15439,1438,17,0
15440,1661,86,1
15441,4674,242,0
15442,2058,16,1
15443,215,537,0
15444,6731,442,0
15445,6740,235,1
15446,9181,412,0
15447,11277,391,0
15448,5459,60,1
15449,14296,5,0
15450,4932,17,0
15451,12062,60,0
15452,13285,126,1
15453,10682,460,0
15454,11350,105,1
15455,5970,128,0
15456,1359,426,0
15457,6766,654,0
15458,13685,17,0
15459,3787,210,1
15460,1359,1382,0
15461,3726,547,0
15462,9180,101,0
15463,4749,41,0
15464,11809,126,1
15465,10286,228,1
15466,13238,709,0
15467,386,443,0
15468,13179,50,1
15469,5218,17,0
15470,9518,1985,0
15471,49,1222,0
15472,7886,149,0
15473,7589,32,0
15474,2508,6,1
15475,12941,1176,0
15476,4962,269,1
15477,5882,402,1
15478,13330,431,1
15479,12977,106,1
15480,182,2420,1
15481,1788,1937,1
15482,10622,126,1
15483,2763,743,0
15484,4562,944,1
15485,7053,17,0
15486,3661,129,0
15487,621,978,0
15488,12335,90,0
15489,3833,129,1
15490,5465,106,1
15491,6608,1259,1
15492,12963,705,1
15493,11120,412,0
15494,4175,82,1
15495,14283,343,1
15496,8286,53,1
15497,2190,197,0
15498,303,126,1
15499,12719,91,0
15500,138,2556,0
15501,13109,39,1
15502,8369,0,0
15503,13839,17,0
15504,11280,39,1
15505,242,1566,1
15506,4020,355,1
15507,1089,2557,0
15508,13413,129,1
15509,11178,41,0
15510,14588,431,1
15511,14166,654,0
15512,13830,126,1
15513,5937,0,0
15514,880,1606,0
15515,13995,86,1
15516,13602,678,0
15517,13103,859,0
15518,10558,857,0
15519,14460,412,0
15520,11026,16,1
15521,4213,52,0
15522,7493,47,1
15523,12116,34,1
15524,14419,214,0
15525,1629,483,0
15526,4395,48,0
15527,11289,228,0
15528,12357,620,1
15529,8800,442,0
15530,13728,43,1
15531,7565,17,0
15532,3644,2559,0
15533,8678,404,1
15534,13654,1744,1
15535,11680,17,0
15536,9735,31,0
15537,14001,424,1
15538,11258,225,1
15539,10874,31,1
15540,4612,404,0
15541,9495,39,1
15542,14282,1863,0
15543,4920,208,1
15544,412,443,0
15545,8208,1021,1
15546,4716,0,0
15547,7750,361,0
15548,14447,100,1
15549,13672,129,0
15550,11998,129,0
15551,6737,41,0
15552,3277,111,0
15553,4977,681,0
15554,14517,0,0
15555,2445,477,0
15556,9071,424,1
15557,12479,269,1
15558,7114,19,1
15559,4665,0,0
15560,12702,60,0
15561,13090,577,1
15562,1472,17,0
15563,14444,965,1
15564,13666,242,1
15565,13594,126,1
15566,5975,41,0
15567,8815,326,0
15568,7680,402,1
15569,4851,48,0
15570,14306,1312,0
15571,3719,17,0
15572,12337,34,1
15573,13584,126,1
15574,11888,52,0
15575,2119,539,0
15576,4706,195,1
15577,10360,807,1
15578,13782,401,1
15579,3574,1044,1
15580,4058,242,0
15581,1993,546,1
15582,9134,1153,0
15583,9366,472,1
15584,1225,351,0
15585,1186,17,0
15586,10916,17,0
15587,4788,39,1
15588,8484,326,0
15589,10474,44,0
15590,3741,39,1
15591,2093,128,0
15592,8429,100,1
15593,2280,2505,0
15594,4638,834,0
15595,3226,131,0
15596,14595,1197,1
15597,8216,945,0
15598,3207,125,0
15599,13762,1437,0
15600,14342,40,1
15601,9816,305,0
15602,13469,73,1
15603,10132,160,1
15604,13384,431,1
15605,13313,125,1
15606,11240,26,1
15607,11360,677,1
15608,14281,687,1
15609,8345,39,1
15610,4220,18,0
15611,14474,189,1
15612,1870,536,0
15613,957,1021,0
15614,14596,63,1
15615,11825,329,1
15616,6840,91,1
15617,13089,813,1
15618,3881,0,0
15619,12820,149,0
15620,10190,800,0
15621,685,312,0
15622,5656,0,0
15623,49,1440,0
15624,12255,32,0
15625,12544,52,0
15626,14601,0,0
15627,14302,126,1
15628,4881,155,0
15629,2416,48,0
15630,5228,572,1
15631,5942,351,0
15632,6344,302,0
15633,14533,1011,1
15634,10280,402,0
15635,14602,13,0
15636,1215,429,1
15637,4022,2023,0
15638,2190,41,0
15639,1365,40,1
15640,5197,0,0
15641,5566,424,1
15642,12499,626,1
15643,2430,743,0
15644,12987,195,0
15645,8008,278,0
15646,6047,361,0
15647,10241,0,0
15648,12755,343,1
15649,624,936,1
15650,12459,39,1
15651,5929,100,1
15652,6429,95,1
15653,11529,39,1
15654,6954,0,0
15655,3263,546,1
15656,1548,1437,0
15657,2771,160,1
15658,1735,626,1
15659,7666,48,0
15660,13056,932,0
15661,12253,39,1
15662,11957,235,0
15663,14318,1183,1
15664,10699,17,0
15665,11200,89,0
15666,5997,764,0
15667,5525,17,0
15668,11455,106,1
15669,943,677,0
15670,10878,546,1
15671,13662,52,0
15672,11826,39,1
15673,1982,1786,1
15674,5,1060,1
15675,2280,0,0
15676,907,60,0
15677,12581,343,1
15678,3673,125,1
15679,11317,13,0
15680,4979,681,0
15681,10417,39,1
15682,8060,86,0
15683,4204,718,0
15684,9421,32,0
15685,693,73,1
15686,903,426,0
15687,6737,1297,1
15688,14358,100,1
15689,3022,50,1
15690,991,351,0
15691,9698,343,1
15692,7553,91,0
15693,7924,402,0
15694,1683,2564,1
15695,9613,1905,1
15696,5065,300,1
15697,6397,645,1
15698,4471,1750,0
15699,8560,41,1
15700,13566,100,1
15701,9693,402,0
15702,13218,460,0
15703,14170,973,0
15704,11681,228,1
15705,7017,91,1
15706,5350,1308,0
15707,2753,1533,0
15708,8296,1151,1
15709,9801,16,0
15710,12699,546,1
15711,13647,732,1
15712,1293,2492,0
15713,6681,125,1
15714,13504,90,0
15715,1102,1096,0
15716,14416,214,0
15717,189,78,1
15718,8295,100,1
15719,5043,180,0
15720,11234,100,1
15721,2644,1272,0
15722,6263,196,0
15723,12778,32,0
15724,12697,0,0
15725,4374,149,0
15726,8655,232,1
15727,13566,52,0
15728,5650,51,1
15729,906,53,1
15730,14399,86,0
15731,11788,473,1
15732,14513,235,0
15733,9268,743,0
15734,14572,813,1
15735,11498,195,0
15736,6023,32,0
15737,1344,992,0
15738,13369,100,0
15739,1089,345,0
15740,13771,687,1
15741,13253,978,0
15742,14603,115,0
15743,2657,32,0
15744,943,31,0
15745,1503,467,1
15746,3849,354,0
15747,9583,1075,0
15748,14120,91,0
15749,5564,101,0
15750,11042,94,1
15751,2556,17,0
15752,11878,129,1
15753,8568,27,0
15754,7633,160,1
15755,1735,807,1
15756,12745,173,1
15757,541,47,0
15758,2757,709,0
15759,7504,228,1
15760,2604,788,1
15761,14390,269,1
15762,6043,441,0
15763,8691,402,1
15764,5178,1636,1
15765,766,1191,1
15766,9341,242,1
15767,1705,0,0
15768,3522,17,0
15769,3914,1083,1
15770,7472,39,1
15771,13348,195,0
15772,1284,48,0
15773,13553,539,0
15774,1400,242,1
15775,9186,34,1
15776,14525,195,0
15777,9745,125,0
15778,14299,626,1
15779,2485,246,0
15780,11689,1023,0
15781,9916,243,0
15782,11770,658,0
15783,1885,48,0
15784,1843,519,0
15785,3936,219,0
15786,7774,1063,1
15787,14607,118,1
15788,4992,128,1
15789,3583,678,0
15790,4566,547,0
15791,1977,269,1
15792,859,78,1
15793,5088,39,0
15794,38,580,0
15795,5264,53,1
15796,8812,242,0
15797,9099,1861,1
15798,3943,515,0
15799,14548,91,1
15800,9149,517,0
15801,3440,242,0
15802,874,149,1
15803,4831,48,0
15804,9939,260,0
15805,13971,408,1
15806,14521,214,1
15807,6261,786,0
15808,4749,0,0
15809,9174,52,0
15810,8671,176,0
15811,12086,189,1
15812,5692,210,1
15813,242,709,1
15814,12347,232,1
15815,14400,455,0
15816,277,153,0
15817,118,400,1
15818,1441,0,0
15819,8026,301,1
15820,1472,135,1
15821,7844,242,0
15822,11289,91,1
15823,10128,165,1
15824,7175,0,0
15825,11823,196,0
15826,969,111,0
15827,13518,343,1
15828,10542,196,0
15829,12267,505,0
15830,810,242,1
15831,171,155,0
15832,4546,743,0
15833,2360,53,1
15834,4683,29,0
15835,1893,70,0
15836,13531,100,1
15837,13245,343,1
15838,8314,48,0
15839,10876,410,0
15840,4048,797,0
15841,3393,17,0
15842,1167,0,0
15843,12649,18,0
15844,7403,750,1
15845,7918,101,0
15846,5450,17,0
15847,14540,15,1
15848,14401,91,0
15849,800,518,0
15850,6280,424,1
15851,9647,180,1
15852,909,100,1
15853,14001,0,0
15854,12478,231,0
15855,6240,100,1
15856,11922,126,1
15857,13662,100,1
15858,7136,48,0
15859,8985,386,0
15860,9627,101,0
15861,8133,82,1
15862,2428,587,0
15863,943,1092,0
15864,1191,41,0
15865,14612,228,1
15866,9225,533,1
15867,9097,247,1
15868,3788,52,0
15869,387,1752,0
15870,3536,798,1
15871,12871,19,1
15872,1449,2353,0
15873,2818,13,0
15874,7795,100,1
15875,11414,155,0
15876,622,17,0
15877,13532,40,1
15878,1695,17,0
15879,1395,43,0
15880,7844,1619,0
15881,5856,165,1
15882,5393,0,0
15883,5189,271,1
15884,661,16,0
15885,13266,86,0
15886,13862,402,1
15887,3002,95,0
15888,2384,32,0
15889,2172,274,0
15890,1056,692,0
15891,14500,47,1
15892,5361,678,0
15893,12831,402,0
15894,8539,260,0
15895,11181,464,0
15896,14328,50,1
15897,12176,237,1
15898,9139,457,0
15899,3008,343,1
15900,2771,2554,0
15901,10676,307,1
15902,9293,343,1
15903,13581,195,0
15904,3236,40,0
15905,13854,86,0
15906,12580,0,0
15907,11608,2239,0
15908,6414,91,1
15909,3817,90,1
15910,5257,39,1
15911,6,1646,0
15912,9134,1738,0
15913,6334,1418,0
15914,3301,214,0
15915,7794,904,0
15916,9848,89,1
15917,288,941,1
15918,14615,89,0
15919,12093,380,1
15920,13299,304,1
15921,13103,638,0
15922,7619,1167,1
15923,9814,687,1
15924,4323,73,1
15925,1327,32,0
15926,13247,813,1
15927,2160,2570,1
15928,12191,225,1
15929,2121,2571,1
15930,8344,189,1
15931,6655,48,0
15932,13890,91,1
15933,9483,17,0
15934,12747,11,0
15935,3943,48,0
15936,12931,242,0
15937,7502,231,0
15938,14147,86,0
15939,3623,73,1
15940,1644,944,1
15941,10618,1015,1
15942,13053,73,1
15943,5190,836,0
15944,3015,231,0
15945,10275,126,1
15946,7449,219,1
15947,12948,86,0
15948,6442,13,0
15949,12202,813,1
15950,4934,100,1
15951,14154,195,0
15952,4521,1977,1
15953,2438,189,1
15954,2927,2575,0
15955,12935,0,0
15956,9149,677,1
15957,3294,259,1
15958,14619,334,1
15959,13577,86,0
15960,3817,129,1
15961,5997,52,0
15962,12661,91,1
15963,8856,2576,1
15964,3157,1051,0
15965,3170,320,0
15966,1314,2577,0
15967,7300,34,0
15968,1859,399,1
15969,1989,135,1
15970,10289,237,1
15971,3660,32,0
15972,294,219,1
15973,7718,242,1
15974,4762,128,0
15975,9213,329,0
15976,14346,13,0
15977,1197,1735,0
15978,145,48,0
15979,10798,0,0
15980,818,260,0
15981,10258,402,1
15982,2282,2468,0
15983,11741,173,1
15984,9218,1114,1
15985,8690,129,0
15986,481,187,1
15987,3684,48,0
15988,645,101,0
15989,12829,321,1
15990,11124,17,0
15991,582,125,0
15992,13035,26,1
15993,1804,52,0
15994,2311,2079,1
15995,3171,2291,0
15996,2998,214,0
15997,4475,0,1
15998,14492,53,1
15999,12413,17,0
16000,6632,2578,1
16001,7112,210,1
16002,14484,48,0
16003,7552,672,0
16004,3678,597,1
16005,11090,101,0
16006,242,307,1
16007,38,2249,0
16008,12472,750,0
16009,13693,402,1
16010,2110,158,0
16011,2347,361,0
16012,5598,360,0
16013,2858,18,0
16014,8209,40,1
16015,4024,1477,1
16016,12051,32,0
16017,14166,1114,1
16018,10269,1367,1
16019,6393,19,1
16020,8374,32,0
16021,4508,243,1
16022,8112,149,0
16023,14612,26,0
16024,2319,2571,1
16025,6643,2408,0
16026,3364,106,0
16027,7465,547,0
16028,387,673,0
16029,12463,326,1
16030,2125,43,0
16031,1994,17,0
16032,5646,343,1
16033,6142,19,0
16034,254,112,0
16035,14600,231,0
16036,10929,39,1
16037,12588,247,1
16038,9593,439,0
16039,6023,412,0
16040,1036,914,1
16041,14488,1277,1
16042,49,31,0
16043,13997,40,1
16044,13817,155,0
16045,9198,401,1
16046,9752,91,0
16047,4776,836,1
16048,1718,2418,0
16049,49,1566,0
16050,3223,1883,0
16051,12469,17,0
16052,10961,1320,1
16053,1755,51,1
16054,6760,90,1
16055,13544,32,0
16056,6511,17,0
16057,12619,503,1
16058,3538,431,1
16059,13175,40,0
16060,1690,786,0
16061,2208,2581,0
16062,4631,86,0
16063,261,104,1
16064,12797,126,1
16065,9988,34,1
16066,10633,372,1
16067,14195,29,0
16068,2333,1303,1
16069,3959,0,0
16070,1675,111,0
16071,14604,126,1
16072,11477,1303,1
16073,621,17,0
16074,3123,181,1
16075,860,208,0
16076,14268,106,1
16077,242,2517,0
16078,1950,479,1
16079,9785,260,1
16080,8761,24,0
16081,14106,577,1
16082,1996,106,1
16083,10186,269,1
16084,630,590,1
16085,458,259,0
16086,1971,39,1
16087,11092,741,1
16088,13358,16,1
16089,10611,195,0
16090,1102,994,0
16091,10902,247,1
16092,7354,43,0
16093,7719,895,0
16094,12298,40,1
16095,3688,196,0
16096,3817,836,1
16097,13907,50,1
16098,13227,478,1
16099,12073,52,0
16100,4520,17,0
16101,14546,242,0
16102,49,2583,0
16103,14082,160,1
16104,7358,2584,0
16105,12936,82,1
16106,9324,788,0
16107,5032,187,1
16108,14408,995,0
16109,9372,160,1
16110,12381,115,0
16111,8334,52,0
16112,10359,57,1
16113,14554,242,0
16114,13127,629,1
16115,5524,583,0
16116,14522,343,1
16117,6033,41,0
16118,5006,24,0
16119,10229,542,1
16120,4740,89,0
16121,3667,39,0
16122,14159,271,1
16123,14243,813,1
16124,3632,490,0
16125,3313,17,0
16126,3213,187,0
16127,5049,111,0
16128,12042,1698,0
16129,1477,48,0
16130,14248,112,0
16131,14594,429,1
16132,14116,326,1
16133,7835,99,1
16134,946,73,1
16135,943,1304,0
16136,11962,208,0
16137,7678,90,0
16138,13713,129,1
16139,1892,210,1
16140,8139,17,0
16141,6029,0,0
16142,8940,26,1
16143,2033,66,0
16144,9753,187,0
16145,10283,975,0
16146,943,476,0
16147,6432,750,1
16148,6289,90,1
16149,2428,322,0
16150,6142,743,0
16151,387,2386,0
16152,7353,60,0
16153,449,1060,1
16154,12721,922,0
16155,6284,214,1
16156,10549,155,0
16157,6351,160,1
16158,4006,131,0
16159,2227,44,1
16160,8873,115,0
16161,268,111,0
16162,7849,106,1
16163,4497,219,1
16164,13542,91,1
16165,8634,91,0
16166,7141,709,0
16167,2851,260,0
16168,5039,17,0
16169,2187,48,0
16170,9224,94,1
16171,4160,41,1
16172,20,630,1
16173,7715,73,1
16174,6208,587,0
16175,5101,488,1
16176,12155,47,0
16177,4595,0,0
16178,2326,52,0
16179,7739,155,0
16180,4378,22,1
16181,5830,2046,0
16182,3879,235,0
16183,9511,208,0
16184,6782,160,1
16185,7143,52,0
16186,7002,0,0
16187,12623,806,1
16188,9150,949,1
16189,13261,300,1
16190,2710,60,0
16191,4084,52,0
16192,7787,457,0
16193,3825,160,1
16194,12492,100,1
16195,4460,93,0
16196,801,404,0
16197,3221,196,0
16198,4373,86,0
16199,943,194,0
16200,9849,228,0
16201,2953,431,1
16202,7147,546,1
16203,3556,100,1
16204,9037,392,0
16205,49,187,0
16206,14301,237,0
16207,11866,402,1
16208,8362,0,0
16209,9991,813,1
16210,2585,48,0
16211,11221,654,1
16212,6349,52,0
16213,3308,300,1
16214,11743,343,1
16215,13854,91,0
16216,8819,2024,1
16217,11930,548,0
16218,1344,0,0
16219,7089,361,0
16220,9017,65,0
16221,7457,48,0
16222,4453,32,0
16223,5745,115,0
16224,6432,286,0
16225,12263,947,1
16226,13505,260,0
16227,4612,1335,1
16228,1190,612,0
16229,2882,584,0
16230,5593,72,0
16231,4177,17,0
16232,7794,22,0
16233,957,315,0
16234,15,859,1
16235,3061,18,0
16236,4922,467,0
16237,6674,242,0
16238,355,2589,0
16239,3932,269,1
16240,1770,287,0
16241,5551,115,0
16242,4677,478,1
16243,14413,231,0
16244,392,48,0
16245,11586,243,1
16246,2556,41,0
16247,13091,412,0
16248,346,247,1
16249,7664,17,1
16250,7892,361,0
16251,8993,997,0
16252,4935,17,0
16253,12862,402,1
16254,2008,18,0
16255,14565,52,0
16256,2838,473,1
16257,11840,126,1
16258,13768,264,1
16259,9948,1539,0
16260,2450,17,0
16261,5988,16,1
16262,10910,636,0
16263,9185,41,0
16264,13419,279,1
16265,13640,0,0
16266,9196,135,1
16267,12975,0,0
16268,4363,2590,1
16269,8170,18,0
16270,3517,2591,0
16271,11884,26,1
16272,8857,0,0
16273,1922,1796,1
16274,11331,0,0
16275,14624,343,1
16276,1245,906,1
16277,4097,517,0
16278,2680,242,0
16279,2761,2592,0
16280,1089,2336,0
16281,9943,1011,1
16282,10221,429,0
16283,13776,32,0
16284,7170,129,0
16285,13433,18,0
16286,13475,39,1
16287,5271,10,0
16288,242,473,1
16289,9095,0,0
16290,685,257,0
16291,13694,442,0
16292,1105,105,1
16293,11804,431,1
16294,9792,260,0
16295,9622,197,0
16296,3943,0,0
16297,14272,15,1
16298,8058,1367,1
16299,6302,60,0
16300,8069,189,0
16301,9744,196,0
16302,4877,17,1
16303,5181,1126,1
16304,11933,176,0
16305,10135,402,0
16306,13397,50,1
16307,6833,361,0
16308,5638,111,0
16309,5703,32,0
16310,4143,155,0
16311,12356,326,0
16312,2491,90,1
16313,13440,737,1
16314,2873,260,0
16315,7962,165,1
16316,1334,82,1
16317,2605,1021,1
16318,5082,94,1
16319,2990,1602,0
16320,12750,164,0
16321,94,17,0
16322,3470,329,1
16323,2646,48,0
16324,10802,269,0
16325,2637,1092,0
16326,12059,412,0
16327,3077,1023,0
16328,12055,0,0
16329,6278,126,1
16330,10126,40,1
16331,12837,906,0
16332,12305,18,1
16333,1761,17,0
16334,6907,40,1
16335,13761,17,0
16336,3673,326,1
16337,12857,18,0
16338,1565,1564,0
16339,9341,187,0
16340,9618,34,0
16341,20,258,0
16342,2087,43,0
16343,1628,111,0
16344,13469,18,0
16345,9391,131,0
16346,3373,0,0
16347,4932,78,1
16348,11345,125,0
16349,8289,89,0
16350,14571,654,1
16351,8676,18,0
16352,13716,18,0
16353,7341,441,0
16354,8832,26,0
16355,8041,52,0
16356,14596,619,0
16357,14391,343,1
16358,7557,978,0
16359,10025,115,0
16360,763,82,1
16361,4517,86,1
16362,7477,627,1
16363,13721,44,0
16364,14367,650,0
16365,10768,2596,1
16366,13572,243,1
16367,5285,705,0
16368,9071,17,0
16369,12084,48,0
16370,3197,86,0
16371,4132,1439,0
16372,8479,2040,0
16373,3283,66,0
16374,10969,231,0
16375,3003,17,0
16376,4659,40,1
16377,882,0,0
16378,9209,1826,1
16379,14497,125,0
16380,7451,2599,1
16381,9626,176,1
16382,10038,106,0
16383,11785,95,1
16384,12078,478,1
16385,2210,599,1
16386,4757,473,1
16387,9839,32,0
16388,8561,100,1
16389,11023,2119,1
16390,10559,156,1
16391,9437,126,1
16392,9149,242,0
16393,1001,2169,0
16394,6847,129,1
16395,1014,18,0
16396,11165,52,0
16397,504,73,1
16398,13980,101,0
16399,6244,126,1
16400,97,1610,0
16401,5967,242,0
16402,14414,344,0
16403,14179,210,1
16404,1690,1909,0
16405,830,26,0
16406,12274,52,0
16407,13142,126,1
16408,12986,315,1
16409,11170,264,1
16410,10901,243,0
16411,2502,750,1
16412,1153,271,1
16413,3673,228,0
16414,8531,402,0
16415,10477,343,1
16416,8568,101,0
16417,301,237,0
16418,14337,977,0
16419,14537,189,1
16420,1763,2176,0
16421,14603,189,1
16422,14335,196,0
16423,288,769,1
16424,1017,48,0
16425,10916,0,0
16426,1221,211,1
16427,8350,39,1
16428,13147,247,1
16429,6421,111,0
16430,14398,53,1
16431,5711,31,0
16432,9539,343,1
16433,11609,128,0
16434,7323,111,0
16435,10762,424,1
16436,12932,343,1
16437,185,39,0
16438,12060,13,0
16439,4588,246,0
16440,5275,803,1
16441,11334,181,1
16442,12684,126,1
16443,14517,197,0
16444,11733,39,1
16445,2785,101,0
16446,11858,274,0
16447,13023,1908,0
16448,5617,412,0
16449,997,106,1
16450,1089,646,0
16451,7020,43,1
16452,11175,0,0
16453,8287,304,1
16454,8500,129,1
16455,5496,242,0
16456,685,904,0
16457,5553,0,0
16458,1303,402,1
16459,1902,270,1
16460,14166,343,1
16461,2643,773,0
16462,6268,402,0
16463,12773,40,1
16464,853,32,0
16465,1245,0,0
16466,3951,478,1
16467,3227,665,1
16468,3255,17,0
16469,3030,40,1
16470,8504,1272,1
16471,2787,41,0
16472,8971,402,0
16473,13259,32,0
16474,14258,155,1
16475,7166,115,0
16476,8928,52,0
16477,288,1931,0
16478,6045,73,1
16479,2299,155,0
16480,12878,27,0
16481,11861,57,1
16482,1260,149,0
16483,10764,546,1
16484,6342,583,0
16485,352,111,0
16486,14552,89,0
16487,72,619,0
16488,930,372,0
16489,14538,343,1
16490,3264,43,0
16491,449,235,1
16492,1345,648,0
16493,708,2602,1
16494,3865,1982,1
16495,4961,412,0
16496,1104,1066,0
16497,14534,343,1
16498,11777,121,1
16499,8337,326,0
16500,11834,93,0
16501,6568,360,0
16502,472,1817,0
16503,13921,2202,0
16504,10966,40,1
16505,13743,0,0
16506,12856,1015,0
16507,5920,111,0
16508,14484,584,0
16509,5713,269,1
16510,13643,48,0
16511,13447,129,1
16512,8311,73,1
16513,14632,196,0
16514,797,41,0
16515,1977,1060,1
16516,4962,111,0
16517,2841,17,0
16518,268,689,0
16519,12411,242,1
16520,250,82,1
16521,9254,391,1
16522,822,1453,1
16523,4514,18,0
16524,3002,307,0
16525,11307,129,1
16526,7679,26,1
16527,9610,115,0
16528,5919,106,1
16529,3067,1675,0
16530,4297,17,0
16531,9740,91,1
16532,7524,131,0
16533,6704,626,1
16534,6745,401,1
16535,9076,1330,1
16536,2335,813,1
16537,1503,31,0
16538,7663,242,0
16539,1420,0,0
16540,5242,126,1
16541,14356,2409,0
16542,14524,40,1
16543,2053,41,0
16544,14200,32,0
16545,11221,343,0
16546,6773,214,0
16547,12937,0,0
16548,8600,361,0
16549,14331,44,0
16550,1755,41,0
16551,12456,129,0
16552,6359,155,0
16553,12335,158,1
16554,3626,17,0
16555,14630,247,1
16556,11463,687,1
16557,3099,34,0
16558,11579,0,0
16559,8760,111,0
16560,3897,1810,0
16561,10328,1023,0
16562,12959,40,1
16563,8678,141,1
16564,8230,1023,0
16565,6131,17,0
16566,9690,48,0
16567,9377,115,0
16568,3399,160,1
16569,9816,807,1
16570,1095,1785,0
16571,11930,618,1
16572,5675,243,0
16573,1150,402,1
16574,14436,0,0
16575,12448,93,0
16576,4072,10,0
16577,693,18,0
16578,9752,86,0
16579,12512,443,1
16580,8884,101,0
16581,10038,158,1
16582,4580,51,1
16583,7737,19,1
16584,12529,40,1
16585,2652,155,0
16586,2316,970,0
16587,12978,86,0
16588,2081,1210,1
16589,10117,1090,1
16590,7243,243,1
16591,7773,39,1
16592,9799,2291,0
16593,48,1335,0
16594,4644,483,0
16595,14125,60,0
16596,8873,189,1
16597,7549,32,0
16598,14622,126,1
16599,11754,278,1
16600,3944,187,1
16601,5988,160,1
16602,3433,1102,0
16603,20,582,0
16604,2187,788,0
16605,49,2151,1
16606,6235,404,1
16607,13935,214,1
16608,12793,813,1
16609,7468,100,1
16610,14607,2251,0
16611,1028,32,0
16612,14536,651,1
16613,6551,197,0
16614,11343,94,0
16615,11774,228,0
16616,110,1198,0
16617,10785,86,0
16618,1102,959,0
16619,6807,106,1
16620,11460,167,1
16621,4572,101,0
16622,13171,57,1
16623,9177,210,1
16624,13115,101,0
16625,1030,1168,0
16626,11044,40,1
16627,1744,66,0
16628,13310,39,1
16629,1939,100,1
16630,3512,568,1
16631,1548,1009,0
16632,6853,50,1
16633,14274,82,1
16634,4960,57,1
16635,7652,301,1
16636,9810,52,0
16637,11186,41,0
16638,3750,705,0
16639,13357,1909,0
16640,13033,17,0
16641,10302,505,0
16642,11279,242,0
16643,268,844,0
16644,13378,126,1
16645,13637,997,0
16646,8484,125,1
16647,591,48,0
16648,7728,166,1
16649,14637,1343,0
16650,242,2316,1
16651,9386,627,1
16652,8479,155,0
16653,581,22,0
16654,859,17,0
16655,13845,402,1
16656,10183,269,1
16657,3091,39,1
16658,13922,232,1
16659,13685,32,0
16660,9549,187,0
16661,10316,1050,1
16662,4488,5,0
16663,3412,279,1
16664,8811,278,1
16665,7774,91,0
16666,13005,343,1
16667,11927,39,0
16668,9899,0,1
16669,2445,507,0
16670,9111,17,0
16671,5672,125,0
16672,3570,165,1
16673,12815,269,1
16674,3400,101,0
16675,2127,126,1
16676,11892,17,0
16677,865,18,0
16678,4356,39,0
16679,13,2208,1
16680,3932,51,1
16681,688,32,0
16682,4340,818,0
16683,7863,242,0
16684,139,47,0
16685,7181,100,1
16686,3638,48,0
16687,2280,197,0
16688,14484,103,1
16689,11208,129,1
16690,10175,52,0
16691,4154,18,0
16692,7929,100,1
16693,12685,620,0
16694,10368,431,1
16695,7787,592,1
16696,5162,939,1
16697,2005,129,0
16698,3469,1847,1
16699,4037,235,0
16700,1870,1646,0
16701,9351,214,0
16702,1065,546,1
16703,2733,17,0
16704,10231,15,0
16705,3878,128,0
16706,13432,99,1
16707,5629,125,1
16708,1787,228,0
16709,268,0,0
16710,14579,43,1
16711,943,2583,0
16712,1628,1085,1
16713,7362,39,1
16714,7790,211,1
16715,12639,19,0
16716,5605,160,1
16717,5812,48,0
16718,6228,639,0
16719,1975,31,0
16720,13739,343,1
16721,2404,43,0
16722,12291,320,1
16723,2756,22,1
16724,1181,402,0
16725,7460,18,0
16726,3525,101,0
16727,265,542,1
16728,14134,768,0
16729,11059,0,0
16730,7811,404,0
16731,7896,401,1
16732,5582,125,1
16733,1030,48,0
16734,2629,100,1
16735,11024,402,0
16736,11003,48,0
16737,618,343,1
16738,6554,111,0
16739,11159,211,1
16740,12418,32,0
16741,10241,17,0
16742,7367,329,0
16743,4090,82,1
16744,14456,334,1
16745,12563,86,1
16746,4985,39,1
16747,12095,52,0
16748,11687,91,0
16749,6688,343,0
16750,14134,510,1
16751,7532,40,1
16752,13702,264,1
16753,8535,17,0
16754,14291,431,1
16755,10095,60,0
16756,14425,210,1
16757,7576,345,0
16758,13246,211,1
16759,6479,287,0
16760,4058,5,0
16761,12299,232,1
16762,2427,402,1
16763,10108,18,0
16764,11046,1559,1
16765,14212,100,1
16766,14491,813,1
16767,2484,19,1
16768,13950,91,0
16769,7418,26,1
16770,1279,50,1
16771,3360,19,1
16772,5228,2619,0
16773,9494,0,0
16774,6285,90,0
16775,9657,32,0
16776,1195,1488,0
16777,2284,709,0
16778,3878,260,0
16779,10128,131,0
16780,7580,39,1
16781,8500,19,1
16782,4190,27,0
16783,12845,52,0
16784,943,1866,0
16785,190,41,0
16786,221,18,0
16787,13969,429,1
16788,13328,73,0
16789,3897,2413,0
16790,8875,184,1
16791,9836,121,1
16792,12861,542,1
16793,14642,195,0
16794,12556,228,1
16795,9348,228,1
16796,6420,1739,0
16797,1102,1078,0
16798,6233,39,1
16799,12722,412,0
16800,12086,131,0
16801,484,442,0
16802,10714,2194,0
16803,6460,91,1
16804,12677,34,1
16805,2621,278,0
16806,10336,1346,0
16807,4259,197,0
16808,13013,235,0
16809,3943,60,0
16810,2527,813,1
16811,10616,582,1
16812,4137,644,1
16813,6207,181,0
16814,7231,135,1
16815,12311,2621,1
16816,242,1768,1
16817,7759,82,1
16818,1325,577,1
16819,1687,187,0
16820,14642,53,1
16821,10683,2622,1
16822,1878,39,1
16823,8227,52,0
16824,7517,743,0
16825,14617,242,1
16826,5710,60,0
16827,6142,392,0
16828,1464,279,1
16829,2634,48,0
16830,12828,402,1
16831,10747,44,0
16832,10019,235,0
16833,13921,343,1
16834,14641,243,1
