,smiles,sequence,interactions
0,9,8,1
1,10,9,1
2,14,13,0
3,15,14,0
4,16,15,1
5,20,19,1
6,23,22,1
7,25,24,0
8,27,26,0
9,29,28,1
10,30,29,0
11,34,25,0
12,35,33,0
13,37,35,1
14,38,36,0
15,40,38,1
16,41,39,1
17,43,40,1
18,44,41,0
19,45,42,0
20,46,43,0
21,47,44,0
22,48,45,0
23,50,39,1
24,53,47,1
25,54,48,0
26,58,52,0
27,62,56,0
28,64,47,1
29,65,58,1
30,66,59,0
31,67,60,0
32,68,38,1
33,69,40,1
34,71,62,0
35,72,63,1
36,74,52,0
37,77,67,1
38,79,69,1
39,83,7,0
40,85,72,0
41,88,74,1
42,89,75,1
43,91,0,1
44,93,77,0
45,94,78,1
46,95,79,0
47,96,80,1
48,99,52,0
49,100,82,1
50,101,83,1
51,102,33,1
52,103,84,1
53,105,86,1
54,108,0,0
55,109,77,0
56,112,40,1
57,113,88,1
58,114,89,0
59,115,90,1
60,116,91,1
61,118,3,0
62,120,93,1
63,123,0,0
64,124,96,0
65,126,98,1
66,127,99,1
67,128,39,1
68,130,52,0
69,132,35,1
70,134,102,0
71,138,105,1
72,140,102,0
73,143,39,1
74,144,108,1
75,145,77,0
76,146,75,1
77,148,40,1
78,152,112,0
79,153,113,1
80,157,115,0
81,159,116,1
82,160,117,0
83,162,118,0
84,163,119,0
85,167,121,1
86,174,125,0
87,175,52,0
88,176,126,1
89,178,127,0
90,179,128,0
91,182,106,1
92,185,35,1
93,187,132,0
94,89,133,0
95,189,135,1
96,190,3,0
97,193,135,1
98,195,137,0
99,197,139,1
100,199,140,1
101,203,13,0
102,207,39,1
103,211,39,1
104,212,147,0
105,213,148,1
106,214,149,0
107,219,153,1
108,220,154,0
109,222,155,0
110,223,156,0
111,224,3,0
112,228,160,1
113,232,163,0
114,233,164,1
115,234,48,0
116,236,166,1
117,239,169,0
118,240,170,1
119,243,173,1
120,245,7,0
121,249,43,0
122,250,3,0
123,252,177,1
124,254,179,1
125,258,77,0
126,259,52,0
127,260,181,0
128,261,182,0
129,262,40,1
130,264,19,0
131,268,186,0
132,270,188,0
133,272,189,1
134,274,190,0
135,275,191,1
136,280,194,1
137,281,3,0
138,283,165,1
139,284,195,1
140,285,196,0
141,288,199,0
142,289,48,0
143,292,201,0
144,295,203,0
145,296,67,1
146,297,204,0
147,298,166,1
148,304,208,0
149,307,82,1
150,308,116,0
151,309,115,0
152,310,210,1
153,312,77,0
154,146,133,0
155,316,15,1
156,317,212,0
157,318,213,0
158,321,0,0
159,322,169,0
160,324,41,0
161,325,217,1
162,326,25,0
163,327,218,0
164,329,214,0
165,330,3,0
166,332,147,1
167,333,220,1
168,337,32,0
169,339,224,1
170,340,137,0
171,342,72,0
172,344,24,0
173,345,32,0
174,346,42,0
175,347,189,1
176,348,122,0
177,351,227,0
178,355,25,0
179,356,75,1
180,357,7,0
181,361,149,0
182,362,230,1
183,363,101,1
184,365,3,0
185,367,232,1
186,368,233,1
187,370,236,1
188,372,3,0
189,373,237,1
190,375,0,0
191,376,238,0
192,377,239,0
193,126,3,0
194,379,240,1
195,383,182,0
196,389,91,0
197,390,32,0
198,395,7,0
199,400,3,0
200,401,39,0
201,406,33,0
202,409,149,0
203,410,211,1
204,411,0,0
205,413,86,0
206,415,35,1
207,416,254,0
208,417,255,0
209,418,148,1
210,421,257,0
211,422,7,1
212,423,77,0
213,425,39,1
214,220,258,1
215,431,261,0
216,432,262,1
217,435,7,0
218,439,8,1
219,440,267,0
220,442,19,0
221,443,3,0
222,447,67,1
223,448,268,1
224,450,155,0
225,451,270,1
226,452,198,0
227,454,271,1
228,457,272,1
229,459,77,0
230,463,275,0
231,468,279,1
232,469,242,1
233,471,246,0
234,472,74,1
235,476,224,1
236,477,281,0
237,479,35,1
238,481,283,1
239,489,288,1
240,494,290,0
241,30,157,1
242,496,40,0
243,497,240,1
244,498,242,1
245,502,77,0
246,505,43,0
247,508,294,0
248,511,295,0
249,372,296,1
250,516,297,0
251,517,298,0
252,520,7,1
253,521,102,0
254,524,106,1
255,525,300,1
256,528,301,1
257,530,32,0
258,531,137,0
259,534,52,0
260,535,102,0
261,537,304,1
262,538,305,0
263,540,35,1
264,542,43,1
265,545,308,0
266,546,48,0
267,548,265,0
268,1,25,0
269,550,310,1
270,552,77,0
271,556,40,1
272,557,314,1
273,558,315,1
274,559,44,0
275,560,0,0
276,562,317,0
277,563,113,1
278,444,67,1
279,565,319,0
280,567,113,1
281,568,173,1
282,569,3,0
283,571,204,0
284,574,3,0
285,576,46,0
286,577,242,0
287,106,77,0
288,580,325,0
289,582,326,1
290,583,102,0
291,584,212,1
292,585,327,1
293,588,7,0
294,590,328,0
295,591,0,0
296,594,128,0
297,595,77,0
298,596,60,0
299,598,330,0
300,600,58,1
301,601,332,0
302,602,333,0
303,604,261,0
304,606,283,0
305,607,35,1
306,609,6,1
307,611,335,1
308,612,86,0
309,613,88,1
310,614,48,0
311,616,77,0
312,617,56,0
313,622,0,0
314,623,242,1
315,629,341,1
316,630,25,0
317,634,89,1
318,636,242,1
319,638,25,0
320,639,343,1
321,640,344,0
322,643,96,0
323,648,35,1
324,649,0,0
325,650,280,0
326,651,101,0
327,653,25,0
328,655,347,1
329,654,77,0
330,656,89,1
331,657,39,0
332,658,348,1
333,660,349,1
334,663,0,0
335,664,47,1
336,665,351,0
337,666,39,1
338,670,52,0
339,671,67,1
340,675,41,0
341,679,7,0
342,281,28,1
343,680,242,0
344,681,0,0
345,684,357,1
346,686,359,0
347,689,220,0
348,690,3,0
349,692,362,1
350,693,67,1
351,553,3,0
352,699,365,0
353,518,367,1
354,701,230,1
355,703,43,0
356,705,201,0
357,706,369,1
358,707,41,0
359,708,370,1
360,710,52,0
361,332,89,1
362,714,19,1
363,715,3,0
364,718,257,1
365,719,348,1
366,723,267,0
367,726,35,1
368,727,44,0
369,728,377,0
370,558,160,0
371,79,125,1
372,735,39,1
373,737,380,1
374,738,46,1
375,741,160,1
376,742,382,1
377,268,157,0
378,747,52,0
379,748,286,0
380,750,42,0
381,752,163,0
382,754,86,1
383,755,122,1
384,762,391,1
385,763,3,0
386,764,392,0
387,765,52,0
388,766,393,0
389,768,90,0
390,769,77,0
391,770,67,1
392,771,394,0
393,772,101,0
394,773,67,1
395,775,189,1
396,776,3,0
397,777,77,0
398,778,232,1
399,779,182,0
400,780,86,0
401,475,395,1
402,781,212,1
403,782,82,1
404,783,396,0
405,784,77,0
406,789,72,0
407,790,343,1
408,566,398,0
409,791,105,1
410,793,224,1
411,577,399,0
412,795,41,0
413,797,48,0
414,798,348,0
415,799,19,1
416,802,22,1
417,803,7,1
418,810,405,0
419,812,35,1
420,288,32,1
421,815,67,1
422,819,406,0
423,820,237,0
424,821,67,1
425,822,408,0
426,823,409,1
427,824,230,1
428,826,410,0
429,827,411,1
430,828,170,1
431,829,412,0
432,832,414,1
433,833,41,0
434,834,62,0
435,839,19,1
436,840,344,1
437,845,52,0
438,846,418,0
439,847,419,1
440,852,67,1
441,853,40,1
442,854,343,1
443,856,425,1
444,857,426,0
445,859,427,1
446,863,169,0
447,864,224,1
448,867,234,0
449,868,374,0
450,873,3,0
451,874,429,0
452,875,157,1
453,877,86,0
454,878,242,0
455,879,82,1
456,692,430,1
457,880,177,0
458,882,41,0
459,883,170,1
460,885,52,0
461,887,431,1
462,888,3,0
463,889,220,0
464,892,431,1
465,893,432,0
466,839,77,0
467,895,433,1
468,896,232,0
469,897,149,1
470,903,48,0
471,904,85,1
472,906,195,0
473,907,437,0
474,909,52,0
475,910,220,1
476,912,439,1
477,913,26,1
478,914,52,0
479,846,441,0
480,919,242,1
481,355,87,1
482,921,99,1
483,922,242,1
484,924,47,1
485,926,442,0
486,268,444,0
487,305,446,0
488,933,26,1
489,934,77,0
490,935,220,1
491,936,447,0
492,938,90,1
493,940,19,0
494,945,348,1
495,951,101,0
496,952,453,0
497,955,196,0
498,957,457,0
499,958,247,1
500,332,242,1
501,960,25,0
502,961,458,0
503,962,459,0
504,963,7,0
505,965,155,1
506,966,149,1
507,969,72,1
508,970,72,0
509,972,39,1
510,976,67,1
511,978,269,1
512,979,117,0
513,985,7,0
514,986,140,0
515,990,72,0
516,991,39,0
517,73,169,1
518,993,466,1
519,994,467,0
520,996,115,0
521,997,47,0
522,998,98,1
523,1000,189,1
524,1002,77,1
525,1004,126,1
526,417,470,0
527,1006,233,1
528,1008,3,1
529,414,471,1
530,1010,155,0
531,1011,116,0
532,1012,472,1
533,205,474,1
534,1013,0,0
535,1014,67,1
536,1016,476,0
537,1017,0,0
538,1018,25,0
539,1020,337,0
540,1021,60,0
541,1022,477,0
542,1024,343,1
543,1028,40,1
544,1029,480,0
545,1031,48,0
546,1032,442,0
547,1033,67,1
548,1036,481,1
549,1038,482,1
550,1039,3,0
551,1042,280,0
552,1044,0,0
553,1045,86,0
554,1047,43,0
555,1048,67,1
556,1052,485,0
557,97,6,1
558,1057,486,0
559,1060,43,1
560,159,72,1
561,663,490,0
562,97,54,1
563,544,3,0
564,1068,491,0
565,1069,269,1
566,1071,91,0
567,522,140,0
568,1072,314,1
569,1076,38,1
570,1077,445,1
571,1078,492,0
572,1080,493,0
573,1082,494,0
574,1084,495,0
575,1086,91,0
576,1088,19,1
577,1093,447,0
578,20,7,0
579,1095,498,0
580,1096,86,0
581,1099,137,0
582,1026,265,1
583,1100,67,1
584,1111,77,0
585,1113,29,0
586,1114,505,0
587,1116,32,0
588,20,77,0
589,1119,86,0
590,564,19,1
591,1120,237,1
592,1121,39,0
593,1128,164,1
594,1129,208,0
595,1130,91,0
596,1132,116,0
597,1134,439,1
598,1135,128,0
599,1136,511,0
600,1138,56,0
601,1149,508,0
602,1151,224,1
603,1153,412,0
604,1154,401,1
605,505,33,1
606,1157,242,0
607,1158,189,1
608,1159,35,1
609,1160,431,1
610,1161,86,0
611,1166,411,1
612,1167,520,1
613,577,74,0
614,1169,521,1
615,1171,3,0
616,1173,522,0
617,1174,116,0
618,1175,418,0
619,1176,524,0
620,1179,518,0
621,1181,447,1
622,1182,392,0
623,1183,67,1
624,1184,7,0
625,1185,526,0
626,1186,77,0
627,1191,3,0
628,1193,42,0
629,1197,529,1
630,1199,126,1
631,1202,530,1
632,1204,3,0
633,1206,75,1
634,1208,437,0
635,1209,531,1
636,1210,35,1
637,1213,242,0
638,1215,374,0
639,1217,77,0
640,1218,14,1
641,1219,139,1
642,1220,533,1
643,996,189,1
644,1224,32,0
645,1226,170,1
646,226,229,1
647,1227,67,1
648,267,536,0
649,1228,198,0
650,1229,224,1
651,1230,397,1
652,1231,537,0
653,143,538,1
654,1234,0,0
655,1235,305,0
656,335,0,0
657,1237,232,1
658,1238,429,1
659,1240,540,1
660,1241,113,1
661,1243,35,1
662,99,77,0
663,1247,544,0
664,1248,169,0
665,1249,56,0
666,1250,52,0
667,1260,549,1
668,1261,90,0
669,1262,550,0
670,1263,204,0
671,1265,552,1
672,1267,554,0
673,1269,24,0
674,1273,115,1
675,1274,546,1
676,1275,60,1
677,1279,60,0
678,1280,93,0
679,1281,560,1
680,1282,405,0
681,1286,3,0
682,705,562,0
683,47,40,1
684,1288,446,1
685,268,360,0
686,1290,564,0
687,1293,566,1
688,1298,38,1
689,1300,451,0
690,1302,568,1
691,234,0,0
692,1304,204,0
693,1306,39,1
694,1307,41,0
695,766,570,1
696,1313,571,1
697,1314,428,0
698,1317,572,1
699,1318,573,1
700,1320,26,1
701,1323,574,0
702,1325,575,0
703,1327,40,1
704,1328,139,1
705,1332,67,1
706,1337,0,0
707,1338,22,1
708,1339,112,1
709,1340,40,1
710,1341,67,1
711,1343,547,0
712,1345,106,1
713,1347,25,0
714,1350,32,0
715,1353,195,0
716,942,351,0
717,1355,212,0
718,1356,3,0
719,1357,301,1
720,1358,60,0
721,1359,584,0
722,1363,32,0
723,48,21,0
724,1365,32,0
725,1367,7,0
726,628,586,0
727,1369,587,0
728,203,122,0
729,1370,77,0
730,1371,344,0
731,1375,589,1
732,1378,3,0
733,1380,590,1
734,69,426,0
735,1382,592,1
736,1383,67,1
737,1384,425,1
738,1386,24,0
739,1388,593,0
740,1391,32,0
741,1393,182,0
742,1396,596,0
743,1398,26,1
744,472,447,1
745,1400,22,1
746,1401,91,0
747,1403,26,1
748,1405,48,0
749,1406,552,1
750,1408,223,0
751,1411,7,0
752,1412,491,0
753,1413,156,0
754,1416,3,0
755,1417,599,1
756,1418,40,1
757,1420,3,0
758,1421,442,0
759,1426,0,0
760,1431,104,1
761,1434,262,1
762,1436,601,0
763,1437,602,0
764,1438,603,0
765,1439,58,1
766,1441,3,0
767,1445,91,0
768,1448,72,0
769,1449,605,0
770,1450,407,1
771,1452,607,1
772,1455,8,1
773,1456,7,0
774,1121,35,1
775,1458,266,1
776,1460,242,0
777,156,74,1
778,1463,67,1
779,1465,33,1
780,1467,0,1
781,1470,75,1
782,1472,0,0
783,1475,40,1
784,1476,67,1
785,452,369,1
786,1477,0,0
787,1480,60,0
788,1396,611,0
789,1485,492,1
790,1486,47,1
791,1487,607,0
792,1488,431,1
793,1490,41,0
794,1491,612,0
795,528,119,0
796,1495,0,0
797,1496,128,0
798,1497,38,0
799,1499,485,0
800,1502,214,0
801,1505,189,1
802,1507,52,0
803,1508,7,0
804,1510,7,0
805,1512,614,1
806,1515,615,0
807,1516,122,1
808,1517,67,1
809,1518,616,0
810,284,0,0
811,1520,617,1
812,1522,618,1
813,1523,169,0
814,1526,212,0
815,1528,38,1
816,1531,620,1
817,1532,621,0
818,1534,25,0
819,1535,343,1
820,1536,188,0
821,1539,445,1
822,48,266,0
823,1540,622,0
824,1336,348,1
825,1543,82,1
826,1544,472,1
827,1545,0,0
828,1454,60,0
829,1548,625,0
830,1549,3,0
831,1553,343,1
832,1554,397,1
833,20,90,1
834,1561,161,1
835,1562,166,1
836,1565,106,1
837,1566,89,1
838,1573,165,1
839,1575,632,1
840,1576,77,0
841,1577,39,0
842,1578,156,0
843,1581,91,0
844,1583,173,1
845,1029,300,1
846,1584,634,0
847,1588,198,0
848,1030,566,1
849,566,635,1
850,1590,42,0
851,1591,636,0
852,1594,620,1
853,1597,77,0
854,1386,149,0
855,1603,641,1
856,1606,80,1
857,1607,643,0
858,1610,67,1
859,1615,609,1
860,1617,536,0
861,1619,40,0
862,955,644,1
863,1621,459,0
864,1622,46,0
865,1623,267,0
866,1624,99,1
867,1627,87,1
868,1629,242,0
869,1630,210,1
870,1632,645,1
871,1633,77,0
872,1636,41,0
873,1639,29,0
874,1641,196,0
875,1644,24,0
876,1646,224,1
877,70,40,0
878,1653,40,1
879,1655,477,0
880,1656,651,0
881,1658,652,1
882,1659,242,1
883,314,615,1
884,1660,653,1
885,1661,466,0
886,1662,654,1
887,1663,86,0
888,1331,655,0
889,1664,26,0
890,1670,77,0
891,1673,8,1
892,1336,658,1
893,1677,220,1
894,1679,35,1
895,1683,101,1
896,1684,552,0
897,1687,242,1
898,1690,135,0
899,1691,116,0
900,1693,0,0
901,1695,661,0
902,1696,58,0
903,1700,82,1
904,1701,663,0
905,1702,198,0
906,182,47,1
907,1704,32,0
908,268,173,0
909,1708,77,0
910,1710,140,0
911,1532,25,0
912,999,0,0
913,1715,3,0
914,1717,204,0
915,1721,3,0
916,1728,429,1
917,1729,670,1
918,1730,77,0
919,1731,77,0
920,1734,671,0
921,1735,439,0
922,1739,424,1
923,1740,15,1
924,1742,288,1
925,1746,99,1
926,1162,160,1
927,615,25,0
928,1749,587,0
929,1750,67,1
930,764,181,1
931,1751,137,0
932,553,242,1
933,1754,113,1
934,1755,269,1
935,1758,673,0
936,1759,77,0
937,1761,3,0
938,1763,674,0
939,1765,160,0
940,35,242,0
941,1767,237,1
942,1770,678,0
943,1773,679,1
944,1776,207,1
945,1778,397,1
946,1780,86,0
947,1781,680,1
948,1787,682,1
949,1789,329,0
950,1793,13,0
951,1307,3,0
952,1336,615,0
953,1797,686,1
954,1800,77,0
955,1801,0,0
956,1802,687,1
957,1806,689,0
958,1807,690,1
959,735,7,0
960,1808,546,1
961,1809,204,0
962,1810,269,0
963,1811,276,1
964,1812,39,0
965,1816,46,1
966,49,691,0
967,1818,93,1
968,1819,224,1
969,1821,442,0
970,1822,212,0
971,1826,60,0
972,1827,32,0
973,1829,694,0
974,1833,696,1
975,1835,570,1
976,1836,343,1
977,1387,697,1
978,1838,41,0
979,1839,77,0
980,1840,43,1
981,1844,147,1
982,1,223,0
983,1847,79,0
984,481,701,0
985,1851,351,0
986,1852,704,0
987,1854,265,1
988,1243,7,0
989,1855,8,1
990,1857,627,1
991,1858,212,1
992,1860,60,0
993,1864,67,1
994,1865,62,1
995,79,401,1
996,1866,212,0
997,1867,32,1
998,1868,137,0
999,1870,128,0
1000,1871,212,0
1001,1872,7,0
1002,1875,254,0
1003,1877,102,0
1004,1880,220,1
1005,1881,41,1
1006,516,19,1
1007,1882,77,0
1008,829,40,1
1009,678,3,0
1010,1885,0,0
1011,1886,447,1
1012,288,689,0
1013,1890,457,1
1014,1892,77,0
1015,1894,67,1
1016,1901,620,1
1017,1902,210,1
1018,1903,707,0
1019,1907,67,1
1020,1909,3,0
1021,1683,160,1
1022,1734,113,0
1023,1146,163,1
1024,1910,35,1
1025,1912,3,0
1026,1915,0,0
1027,1916,345,0
1028,1917,710,1
1029,481,711,1
1030,1919,209,1
1031,1920,343,1
1032,1922,712,1
1033,1923,77,0
1034,1925,39,1
1035,1926,160,1
1036,1927,26,1
1037,1928,77,0
1038,409,374,0
1039,1929,60,0
1040,1930,549,1
1041,1932,405,1
1042,1933,101,0
1043,1934,67,1
1044,1936,713,0
1045,1938,369,1
1046,1939,204,0
1047,1940,668,1
1048,463,715,1
1049,1942,0,0
1050,1943,716,1
1051,1945,40,1
1052,1946,443,0
1053,583,170,1
1054,1749,286,0
1055,1949,77,0
1056,1950,718,0
1057,1951,128,0
1058,1952,223,0
1059,1953,719,0
1060,1954,35,1
1061,471,546,1
1062,1955,678,0
1063,1957,204,0
1064,1958,720,1
1065,1754,409,1
1066,481,242,1
1067,1961,3,0
1068,1963,42,0
1069,1965,242,1
1070,1966,297,0
1071,1967,195,0
1072,1969,204,0
1073,1970,58,1
1074,1972,317,0
1075,1624,77,0
1076,1973,137,0
1077,1974,259,1
1078,1976,429,1
1079,1977,169,0
1080,1978,125,1
1081,1982,721,0
1082,1882,715,1
1083,1984,722,1
1084,1985,721,1
1085,1986,210,1
1086,1987,711,1
1087,1994,3,0
1088,1998,269,0
1089,1999,181,0
1090,2000,725,0
1091,2001,39,1
1092,2002,47,1
1093,2003,261,0
1094,2004,189,1
1095,156,668,1
1096,2007,265,0
1097,2008,67,1
1098,2009,369,1
1099,2010,77,0
1100,2011,588,0
1101,305,13,0
1102,2016,60,0
1103,1089,727,0
1104,2017,52,0
1105,2020,82,1
1106,2021,43,1
1107,2023,40,1
1108,2024,575,0
1109,79,104,1
1110,2025,91,0
1111,2026,673,0
1112,2029,731,0
1113,2032,15,1
1114,2033,112,1
1115,2034,48,0
1116,2036,212,0
1117,2039,48,0
1118,819,25,0
1119,2040,13,0
1120,2042,733,1
1121,2045,3,0
1122,2046,734,0
1123,2047,128,0
1124,2049,242,1
1125,2052,584,0
1126,2053,314,1
1127,2054,397,1
1128,2055,735,1
1129,2057,89,0
1130,2058,736,1
1131,2059,99,1
1132,2062,737,1
1133,2066,122,1
1134,2067,271,1
1135,2068,128,0
1136,2070,738,1
1137,2071,739,1
1138,2072,56,0
1139,2075,740,0
1140,2076,33,1
1141,2077,40,1
1142,160,405,1
1143,2083,542,1
1144,621,599,1
1145,2085,7,0
1146,2086,0,0
1147,2088,418,0
1148,267,535,0
1149,2090,741,1
1150,2091,42,0
1151,2094,224,1
1152,2096,77,0
1153,2097,91,0
1154,2098,3,0
1155,2102,122,1
1156,2103,67,1
1157,2108,48,0
1158,2109,424,1
1159,2113,374,0
1160,2115,48,0
1161,2125,128,0
1162,2126,369,1
1163,2128,56,0
1164,1695,471,0
1165,2130,139,1
1166,2131,7,1
1167,2132,746,1
1168,2134,305,0
1169,2135,196,0
1170,2138,447,0
1171,2141,747,0
1172,475,748,0
1173,2142,749,0
1174,2144,38,1
1175,2150,460,1
1176,2151,583,0
1177,2152,198,0
1178,2153,753,0
1179,1026,33,1
1180,2156,155,1
1181,2160,755,0
1182,79,26,1
1183,2161,716,1
1184,2163,67,1
1185,2164,32,0
1186,2166,196,0
1187,2167,269,1
1188,314,25,0
1189,2169,113,1
1190,2174,675,1
1191,2176,756,1
1192,2181,77,0
1193,1401,86,1
1194,2187,3,0
1195,1849,128,0
1196,2189,198,0
1197,2193,7,0
1198,657,7,0
1199,2194,140,1
1200,2195,220,1
1201,595,169,1
1202,1886,259,1
1203,2198,189,1
1204,2199,259,1
1205,2201,210,1
1206,2202,715,1
1207,2203,137,0
1208,2204,86,0
1209,2205,35,1
1210,1695,762,0
1211,1370,606,1
1212,2206,67,1
1213,2026,763,0
1214,2212,536,0
1215,2214,52,0
1216,2215,276,1
1217,2218,626,1
1218,2220,467,1
1219,2222,52,0
1220,2224,765,1
1221,2225,409,1
1222,267,77,0
1223,2227,412,0
1224,2229,126,1
1225,2230,9,1
1226,1695,766,0
1227,1870,767,0
1228,2232,768,0
1229,2236,769,1
1230,2237,67,1
1231,2238,125,1
1232,1085,43,0
1233,2239,40,1
1234,2240,770,1
1235,2242,771,1
1236,2244,425,1
1237,584,365,1
1238,1313,715,1
1239,2250,77,0
1240,2251,102,0
1241,2252,67,1
1242,2254,148,1
1243,2110,106,0
1244,156,128,0
1245,2255,0,0
1246,2214,140,0
1247,692,276,0
1248,1270,33,0
1249,2258,3,0
1250,471,547,0
1251,223,106,1
1252,2261,0,0
1253,2262,200,0
1254,584,774,0
1255,2263,26,0
1256,1042,696,1
1257,352,69,1
1258,2268,776,0
1259,2275,329,0
1260,2278,15,1
1261,2279,777,0
1262,2280,426,0
1263,1514,67,1
1264,2087,259,0
1265,1772,74,0
1266,2287,189,1
1267,2288,77,0
1268,2289,3,0
1269,2290,67,1
1270,1328,0,0
1271,2292,102,0
1272,2293,196,0
1273,2295,39,1
1274,160,7,1
1275,2299,778,1
1276,2300,283,0
1277,2302,137,0
1278,2305,196,0
1279,2310,365,0
1280,2311,533,1
1281,2313,779,1
1282,2316,620,0
1283,288,412,1
1284,2319,78,0
1285,2321,680,1
1286,2322,86,0
1287,2324,329,1
1288,2325,91,0
1289,2331,781,1
1290,2332,74,0
1291,2333,119,0
1292,2334,67,1
1293,2336,547,0
1294,2337,782,1
1295,2338,77,0
1296,2341,196,0
1297,2343,40,1
1298,2344,35,1
1299,2345,715,1
1300,2346,3,0
1301,2347,546,1
1302,2349,189,1
1303,2351,220,1
1304,1791,783,0
1305,1865,784,0
1306,223,785,0
1307,1331,67,0
1308,961,786,0
1309,2357,261,0
1310,2358,330,1
1311,2359,7,0
1312,2360,3,0
1313,2362,15,1
1314,2363,41,0
1315,2368,0,0
1316,2369,163,1
1317,2371,789,0
1318,2372,7,0
1319,2373,790,0
1320,268,537,0
1321,2375,40,1
1322,532,611,0
1323,2379,741,1
1324,1195,792,0
1325,2381,793,0
1326,2382,77,0
1327,2385,265,0
1328,2387,196,0
1329,2388,67,1
1330,2389,25,0
1331,2394,588,0
1332,2399,131,0
1333,2400,160,0
1334,2403,33,0
1335,376,796,1
1336,16,44,0
1337,2406,593,1
1338,2057,687,1
1339,231,60,0
1340,2407,32,0
1341,2301,43,1
1342,2409,86,0
1343,2413,118,1
1344,2415,799,0
1345,2420,701,0
1346,2421,412,1
1347,314,803,0
1348,2010,169,1
1349,2426,805,1
1350,2428,286,0
1351,2429,802,0
1352,2430,19,1
1353,1890,101,1
1354,2433,690,1
1355,272,115,0
1356,2436,520,1
1357,1405,806,1
1358,1057,798,1
1359,2438,115,0
1360,2439,86,0
1361,379,77,0
1362,2440,697,0
1363,2325,86,0
1364,2442,521,1
1365,2443,155,0
1366,2445,425,1
1367,2446,98,1
1368,2447,77,0
1369,2448,90,0
1370,2449,188,1
1371,1627,300,1
1372,2453,809,0
1373,2455,374,0
1374,2456,7,0
1375,2105,812,0
1376,2461,90,0
1377,2462,813,1
1378,2463,149,0
1379,849,69,0
1380,88,814,0
1381,2468,224,1
1382,2469,815,0
1383,2473,7,1
1384,2474,25,0
1385,1348,412,0
1386,2475,819,0
1387,2477,39,0
1388,2479,84,1
1389,2481,820,1
1390,2483,189,1
1391,2484,90,0
1392,2486,128,0
1393,1515,821,1
1394,2487,242,1
1395,2489,771,0
1396,25,549,1
1397,2493,457,0
1398,1762,19,1
1399,2494,809,0
1400,2495,265,0
1401,2500,32,0
1402,1909,806,1
1403,2506,91,0
1404,2507,823,0
1405,2508,25,0
1406,244,498,1
1407,2511,624,0
1408,1771,3,0
1409,2512,25,0
1410,2514,98,1
1411,2515,612,0
1412,2518,170,1
1413,2519,19,1
1414,2520,224,1
1415,2523,30,1
1416,1821,348,0
1417,2528,77,0
1418,493,824,0
1419,2530,83,1
1420,2532,86,0
1421,2533,25,0
1422,2534,825,1
1423,2535,149,0
1424,2537,52,0
1425,49,826,0
1426,2357,107,1
1427,2538,86,1
1428,2540,343,1
1429,288,692,0
1430,2546,67,1
1431,739,67,1
1432,38,809,1
1433,2547,133,1
1434,2485,547,0
1435,2552,7,0
1436,2553,67,1
1437,1303,172,0
1438,2558,828,0
1439,2560,365,0
1440,2561,189,1
1441,2563,3,0
1442,2565,589,1
1443,2567,40,1
1444,2569,52,0
1445,156,214,0
1446,41,7,0
1447,2572,830,1
1448,2573,60,0
1449,2574,831,1
1450,2475,570,1
1451,958,42,0
1452,2576,832,0
1453,2579,48,0
1454,2582,365,0
1455,2583,200,0
1456,2585,504,1
1457,2587,112,0
1458,2593,77,0
1459,2598,429,1
1460,2603,40,1
1461,2604,762,0
1462,2605,315,1
1463,1331,758,0
1464,2608,7,0
1465,2611,77,0
1466,2612,418,0
1467,2613,41,0
1468,2616,77,0
1469,2617,39,1
1470,2619,374,1
1471,2620,52,1
1472,268,692,0
1473,2625,196,0
1474,2626,82,1
1475,2628,15,1
1476,2629,140,0
1477,2630,39,1
1478,2631,588,0
1479,2280,377,0
1480,2613,842,1
1481,2635,38,1
1482,686,43,0
1483,69,769,1
1484,2637,476,0
1485,688,547,0
1486,2640,534,1
1487,2641,687,1
1488,2645,112,1
1489,508,844,0
1490,2646,520,1
1491,20,297,1
1492,2647,42,0
1493,1652,491,1
1494,2650,247,1
1495,2651,119,0
1496,665,212,0
1497,2653,43,0
1498,2655,29,0
1499,2657,40,1
1500,1886,74,0
1501,2658,35,1
1502,2661,269,1
1503,1359,77,1
1504,1438,846,1
1505,2666,0,1
1506,2669,848,0
1507,2671,67,1
1508,2673,326,0
1509,2674,160,0
1510,485,678,0
1511,2677,32,0
1512,2678,86,1
1513,2053,25,0
1514,1396,624,0
1515,49,117,0
1516,1336,477,0
1517,2689,67,1
1518,2690,849,0
1519,1787,536,0
1520,856,809,1
1521,2696,7,0
1522,2697,8,1
1523,2481,7,1
1524,863,851,0
1525,2699,641,0
1526,249,852,0
1527,2700,67,0
1528,2703,41,0
1529,2706,855,0
1530,2707,35,0
1531,2115,19,1
1532,2708,369,1
1533,1543,3,0
1534,1816,41,0
1535,1328,48,0
1536,2711,41,0
1537,2714,445,1
1538,1977,621,0
1539,2718,286,0
1540,2720,7,0
1541,2721,67,1
1542,2726,52,0
1543,2727,32,0
1544,2728,856,0
1545,2729,7,0
1546,643,654,1
1547,2732,427,1
1548,2733,857,1
1549,2736,324,1
1550,2738,441,1
1551,2739,859,1
1552,619,47,1
1553,2740,93,1
1554,2052,3,0
1555,1168,7,0
1556,1593,860,1
1557,1767,305,0
1558,2748,326,0
1559,1249,343,1
1560,666,7,0
1561,2593,606,1
1562,1892,3,0
1563,2750,862,1
1564,2751,547,0
1565,2752,32,0
1566,2755,8,1
1567,2756,41,0
1568,863,865,0
1569,2762,160,1
1570,54,41,0
1571,2765,867,1
1572,557,25,0
1573,1807,223,0
1574,2769,115,0
1575,2773,52,0
1576,2776,279,1
1577,2571,3,0
1578,2777,542,1
1579,2778,3,0
1580,2779,443,0
1581,1652,872,0
1582,2786,444,0
1583,2787,0,0
1584,2791,76,0
1585,2793,873,0
1586,2795,149,0
1587,2796,56,0
1588,2798,104,1
1589,2799,217,1
1590,2801,155,1
1591,2802,876,0
1592,2805,0,1
1593,2811,809,1
1594,1725,67,1
1595,2813,125,1
1596,1448,8,1
1597,2815,39,1
1598,2816,546,1
1599,851,214,0
1600,2821,521,1
1601,2311,878,1
1602,922,22,1
1603,2822,204,0
1604,2823,212,0
1605,2826,240,1
1606,2830,719,0
1607,2833,212,1
1608,2835,67,1
1609,1597,47,1
1610,2838,214,0
1611,2841,3,0
1612,759,882,1
1613,2846,135,1
1614,2110,47,1
1615,2847,77,1
1616,1089,824,0
1617,2851,38,0
1618,2852,133,0
1619,2853,883,0
1620,2854,148,1
1621,2857,317,0
1622,1283,90,1
1623,2861,189,1
1624,1548,884,0
1625,2863,442,0
1626,2555,626,1
1627,2864,374,0
1628,2869,35,1
1629,1191,566,1
1630,2805,3,1
1631,2873,887,0
1632,2874,237,0
1633,2078,83,1
1634,2875,771,0
1635,2876,77,0
1636,2881,889,1
1637,2883,335,0
1638,2885,77,1
1639,2887,26,1
1640,305,663,0
1641,2893,40,1
1642,2895,891,0
1643,2897,579,0
1644,1691,8,1
1645,1275,893,1
1646,2901,3,0
1647,2902,77,0
1648,2903,894,1
1649,2904,74,1
1650,2910,330,1
1651,2912,767,1
1652,2913,3,0
1653,2914,74,0
1654,2915,126,1
1655,2916,75,1
1656,2917,324,1
1657,2921,52,0
1658,2922,170,1
1659,152,898,1
1660,715,82,1
1661,2926,139,1
1662,2928,900,0
1663,2805,163,1
1664,2930,330,0
1665,2931,542,0
1666,2933,214,0
1667,2936,67,1
1668,2568,77,0
1669,2937,0,0
1670,2938,67,1
1671,2939,549,1
1672,454,412,0
1673,2943,902,0
1674,2944,77,1
1675,2947,546,1
1676,2948,240,1
1677,2608,39,1
1678,2950,412,0
1679,2954,374,0
1680,2957,237,0
1681,2958,905,0
1682,2959,33,1
1683,2960,768,0
1684,2962,198,0
1685,2965,907,0
1686,2966,47,0
1687,708,0,0
1688,2967,101,0
1689,2732,3,0
1690,2970,908,0
1691,2972,3,0
1692,2975,48,0
1693,2976,77,0
1694,2977,60,0
1695,2978,99,1
1696,210,89,1
1697,1197,25,0
1698,2984,86,0
1699,2985,196,0
1700,1016,220,1
1701,2987,126,1
1702,2988,912,1
1703,53,106,1
1704,2990,21,1
1705,2991,75,1
1706,2992,3,0
1707,2993,42,0
1708,2994,460,0
1709,2997,86,0
1710,2998,682,1
1711,1627,641,0
1712,2999,254,0
1713,3000,102,0
1714,3001,35,1
1715,3004,343,1
1716,3005,345,1
1717,1557,329,1
1718,3006,208,0
1719,3009,77,0
1720,3012,77,0
1721,565,915,0
1722,1984,266,0
1723,3018,38,1
1724,3020,329,0
1725,3021,9,1
1726,3025,225,1
1727,3030,32,0
1728,636,3,0
1729,3031,148,1
1730,3032,670,1
1731,3034,204,0
1732,3035,115,0
1733,3036,35,1
1734,1283,297,0
1735,3037,42,0
1736,3038,77,0
1737,903,77,1
1738,3039,618,1
1739,3041,77,0
1740,3043,163,1
1741,3044,918,0
1742,3049,921,1
1743,3053,52,0
1744,3055,122,0
1745,2919,365,1
1746,3059,128,0
1747,3060,200,0
1748,3061,67,1
1749,3062,48,0
1750,3064,3,0
1751,3066,396,0
1752,1685,351,0
1753,3070,288,1
1754,1556,223,0
1755,3076,204,0
1756,3077,3,0
1757,203,445,1
1758,3080,89,0
1759,3081,924,1
1760,3084,812,0
1761,288,15,1
1762,3086,67,1
1763,3087,675,1
1764,3090,805,1
1765,3093,925,1
1766,3095,588,1
1767,3096,131,0
1768,102,926,0
1769,846,645,0
1770,3103,140,0
1771,3105,391,0
1772,3107,778,1
1773,3108,3,0
1774,3109,927,1
1775,3110,86,0
1776,3111,52,0
1777,3112,326,0
1778,3113,345,1
1779,3114,119,0
1780,3115,247,1
1781,3117,929,1
1782,3118,46,1
1783,3121,155,0
1784,3122,204,0
1785,3123,19,1
1786,3125,82,1
1787,3126,7,0
1788,3130,7,0
1789,3131,77,0
1790,1877,148,1
1791,1970,405,1
1792,3135,35,1
1793,3136,67,1
1794,3138,42,0
1795,3139,125,0
1796,1044,189,1
1797,2632,719,1
1798,38,930,1
1799,2603,32,0
1800,3146,67,1
1801,3148,615,0
1802,3149,418,0
1803,3150,3,0
1804,3152,80,1
1805,1672,932,1
1806,3154,201,0
1807,409,24,0
1808,3157,555,0
1809,3158,618,1
1810,3159,165,1
1811,3163,3,0
1812,3164,6,1
1813,3165,348,1
1814,2699,14,0
1815,1069,87,1
1816,3172,67,1
1817,3173,67,1
1818,3174,937,0
1819,283,189,1
1820,2352,52,0
1821,3184,558,0
1822,3185,39,0
1823,3186,409,1
1824,3187,42,0
1825,3189,119,0
1826,3190,148,1
1827,3191,433,0
1828,3194,164,1
1829,3196,33,0
1830,1676,69,1
1831,3199,654,1
1832,3203,220,1
1833,3205,279,1
1834,3210,67,1
1835,3143,942,1
1836,3213,677,1
1837,3215,374,0
1838,3216,944,1
1839,3221,115,0
1840,3223,670,1
1841,3225,947,1
1842,3226,189,1
1843,3229,48,0
1844,3230,447,0
1845,3231,7,1
1846,3232,749,0
1847,1954,7,0
1848,3233,67,1
1849,3234,520,1
1850,3235,948,0
1851,3237,225,1
1852,3239,47,1
1853,3241,926,1
1854,3243,25,0
1855,3244,949,1
1856,3130,39,0
1857,3247,0,0
1858,3249,771,0
1859,3250,67,1
1860,1240,48,0
1861,3252,230,1
1862,1382,77,0
1863,3253,952,1
1864,3254,148,1
1865,454,737,1
1866,2364,265,0
1867,3255,3,0
1868,3261,7,0
1869,3264,283,0
1870,3266,225,1
1871,3268,716,0
1872,3269,584,1
1873,682,9,1
1874,3272,122,0
1875,3274,329,0
1876,3276,42,0
1877,3277,223,0
1878,115,19,1
1879,3282,25,0
1880,212,208,0
1881,3284,77,0
1882,3285,0,0
1883,3287,35,1
1884,3291,212,0
1885,1659,627,1
1886,1828,67,1
1887,3293,128,0
1888,3296,67,1
1889,3298,67,1
1890,1094,958,1
1891,3300,343,1
1892,742,314,1
1893,3301,35,1
1894,1098,112,1
1895,3306,67,1
1896,3308,583,0
1897,1348,229,1
1898,3309,3,0
1899,3310,360,1
1900,2751,246,1
1901,2734,41,0
1902,1029,961,0
1903,2246,33,1
1904,3315,43,1
1905,1886,147,1
1906,3320,77,0
1907,493,25,0
1908,3323,48,0
1909,3325,41,0
1910,1884,67,1
1911,3326,963,0
1912,3329,397,1
1913,3330,13,0
1914,3333,7,0
1915,3334,82,1
1916,3337,204,0
1917,1220,223,0
1918,472,964,1
1919,3338,433,0
1920,3340,32,0
1921,3341,965,1
1922,1505,131,0
1923,3342,115,0
1924,1965,964,1
1925,20,181,1
1926,481,627,1
1927,2861,48,0
1928,1098,46,1
1929,3349,43,0
1930,3353,694,0
1931,1515,968,1
1932,877,91,1
1933,3356,39,1
1934,3357,148,1
1935,3358,91,0
1936,3359,209,1
1937,3362,60,0
1938,3365,214,1
1939,3366,232,1
1940,3368,369,1
1941,3370,196,1
1942,3371,220,1
1943,1029,121,1
1944,3372,39,1
1945,1095,971,1
1946,3170,214,0
1947,3374,242,0
1948,3375,86,1
1949,3376,77,0
1950,3378,689,0
1951,3380,7,0
1952,3381,3,0
1953,3383,412,0
1954,3386,74,1
1955,3387,782,1
1956,658,973,0
1957,288,40,0
1958,3388,220,1
1959,3389,348,1
1960,1767,626,1
1961,1870,974,1
1962,3390,975,0
1963,3393,247,1
1964,1163,3,0
1965,3396,0,0
1966,3397,91,0
1967,3399,588,1
1968,2727,40,1
1969,857,47,1
1970,1076,329,0
1971,3403,35,1
1972,1237,908,0
1973,3406,41,1
1974,3407,204,0
1975,3410,716,1
1976,3411,35,1
1977,1612,223,0
1978,28,315,1
1979,1497,122,1
1980,3415,716,0
1981,3416,119,0
1982,1871,677,1
1983,1865,204,0
1984,3417,979,0
1985,3421,593,1
1986,3424,405,1
1987,3427,3,0
1988,3429,164,1
1989,863,212,0
1990,3430,43,1
1991,3432,74,1
1992,3433,345,0
1993,3435,77,0
1994,3441,32,0
1995,3442,169,0
1996,3444,47,1
1997,2253,32,1
1998,3447,926,0
1999,3448,267,0
2000,3449,39,0
2001,3452,19,1
2002,3454,77,0
2003,3455,60,0
2004,3457,112,0
2005,3458,369,1
2006,3461,220,1
2007,3463,365,0
2008,3464,446,0
2009,3465,981,1
2010,3466,648,0
2011,1796,3,0
2012,3467,259,1
2013,3468,67,1
2014,3469,242,1
2015,3471,13,0
2016,1578,165,1
2017,3475,40,1
2018,3476,926,0
2019,3477,67,1
2020,3478,242,1
2021,3479,82,1
2022,3480,43,1
2023,3486,699,0
2024,3488,90,0
2025,3490,330,1
2026,2311,494,1
2027,3491,982,1
2028,535,170,1
2029,3493,954,0
2030,3495,983,0
2031,3498,360,1
2032,3499,46,1
2033,3500,32,0
2034,3501,658,0
2035,3502,460,0
2036,3505,155,1
2037,3506,32,0
2038,2667,160,1
2039,3508,204,0
2040,839,297,0
2041,3509,286,0
2042,3510,165,1
2043,3512,77,0
2044,3031,170,1
2045,3515,155,0
2046,2156,812,0
2047,3520,653,1
2048,2839,549,1
2049,3522,48,0
2050,1870,504,1
2051,3524,575,0
2052,281,0,0
2053,3529,189,1
2054,3530,93,0
2055,3531,0,0
2056,3532,131,0
2057,3533,431,1
2058,3537,443,1
2059,3538,119,0
2060,387,154,0
2061,3540,0,0
2062,3541,91,1
2063,1858,242,0
2064,919,887,0
2065,3543,210,1
2066,3546,831,1
2067,16,32,0
2068,1361,231,0
2069,3550,986,1
2070,2477,35,1
2071,38,987,0
2072,48,988,0
2073,3552,365,1
2074,3553,116,1
2075,1603,121,1
2076,944,40,1
2077,3555,357,0
2078,3557,286,0
2079,3558,195,0
2080,243,24,0
2081,3559,41,0
2082,3565,188,0
2083,355,990,0
2084,3567,89,1
2085,1095,177,0
2086,2255,991,1
2087,3572,72,1
2088,840,335,0
2089,3286,233,1
2090,3579,992,1
2091,3581,210,1
2092,3582,3,0
2093,3583,344,1
2094,659,993,0
2095,3586,225,1
2096,3589,83,1
2097,3590,67,1
2098,3591,42,0
2099,3592,3,0
2100,3595,0,0
2101,3596,687,1
2102,3599,3,0
2103,949,48,0
2104,201,26,1
2105,3600,3,0
2106,3601,75,1
2107,3602,995,0
2108,2117,67,1
2109,3605,149,1
2110,2110,884,0
2111,3606,112,0
2112,3610,210,1
2113,2495,22,1
2114,3617,998,0
2115,2752,15,1
2116,3620,7,0
2117,3621,195,0
2118,3626,229,1
2119,3627,77,0
2120,3628,160,1
2121,156,711,1
2122,3630,724,0
2123,3635,204,0
2124,3636,39,1
2125,3637,198,0
2126,1999,297,0
2127,1556,459,0
2128,3640,67,1
2129,3641,160,0
2130,3643,247,1
2131,2313,1003,0
2132,557,87,1
2133,3653,829,1
2134,3656,204,0
2135,3657,22,0
2136,3658,35,0
2137,3659,35,1
2138,3660,412,0
2139,3663,224,1
2140,3664,126,1
2141,3667,35,1
2142,3668,99,1
2143,1303,849,0
2144,3669,41,1
2145,3670,1006,0
2146,3671,1007,0
2147,2901,79,0
2148,3672,96,0
2149,3674,86,0
2150,20,1008,1
2151,3675,32,0
2152,3682,204,0
2153,3683,46,0
2154,3685,38,1
2155,3686,126,1
2156,160,460,1
2157,3688,60,0
2158,38,425,1
2159,3693,160,1
2160,3694,48,0
2161,3695,824,0
2162,3696,13,0
2163,3123,77,0
2164,3697,301,1
2165,3701,972,1
2166,3702,254,0
2167,2246,60,0
2168,2428,809,1
2169,3704,148,1
2170,268,1009,0
2171,3707,0,0
2172,3257,1000,1
2173,3710,77,0
2174,3711,169,0
2175,3712,67,1
2176,3713,77,0
2177,3717,624,0
2178,3718,212,1
2179,3719,427,1
2180,3720,157,1
2181,1758,769,0
2182,3721,52,0
2183,3722,542,0
2184,3723,93,1
2185,1790,48,0
2186,3724,520,1
2187,1695,412,0
2188,3725,86,0
2189,3726,546,1
2190,3732,204,0
2191,214,678,0
2192,1917,1013,1
2193,2053,1014,0
2194,3734,809,1
2195,3737,40,1
2196,3738,104,1
2197,3739,67,1
2198,3741,7,0
2199,3583,149,0
2200,3744,506,0
2201,3747,360,0
2202,1854,627,1
2203,3751,41,0
2204,3755,269,1
2205,2094,137,0
2206,3230,74,0
2207,3756,67,1
2208,1740,44,0
2209,3758,460,0
2210,3759,592,1
2211,3041,240,1
2212,205,1016,0
2213,3761,227,1
2214,3763,1017,1
2215,3764,67,1
2216,2491,19,1
2217,3765,126,1
2218,1030,3,0
2219,3235,414,0
2220,699,399,1
2221,3770,44,0
2222,3772,56,0
2223,3773,3,0
2224,2130,48,0
2225,454,622,0
2226,3775,305,1
2227,3777,40,1
2228,3778,86,1
2229,2979,926,0
2230,3782,40,1
2231,283,131,0
2232,3785,7,0
2233,1291,242,0
2234,3792,204,0
2235,3793,67,1
2236,3794,101,0
2237,268,223,0
2238,3798,3,0
2239,3799,131,0
2240,1344,32,0
2241,3800,0,0
2242,3802,38,1
2243,3804,343,1
2244,3805,0,0
2245,3808,7,0
2246,3811,26,0
2247,3813,269,1
2248,970,8,1
2249,3818,137,0
2250,3819,7,0
2251,3820,3,0
2252,828,148,1
2253,692,617,1
2254,3822,210,1
2255,3823,35,1
2256,3824,409,1
2257,3825,1021,1
2258,3828,40,1
2259,3829,35,1
2260,3830,310,1
2261,325,770,1
2262,3709,391,0
2263,3834,125,1
2264,3835,13,0
2265,3837,232,1
2266,3838,464,0
2267,3841,813,1
2268,3843,214,0
2269,2979,242,0
2270,3846,391,0
2271,566,1025,0
2272,3848,965,1
2273,2098,0,0
2274,3849,1012,1
2275,3852,3,0
2276,3853,44,0
2277,3854,536,1
2278,3857,67,1
2279,3860,673,0
2280,3861,48,0
2281,481,1026,1
2282,3865,25,0
2283,3866,74,1
2284,3867,741,1
2285,3869,405,0
2286,1616,149,0
2287,3870,937,1
2288,3871,618,1
2289,1497,329,0
2290,3124,25,0
2291,3876,83,1
2292,3878,399,0
2293,3880,1028,1
2294,819,1029,0
2295,3854,33,0
2296,3883,67,1
2297,3884,164,1
2298,3885,745,0
2299,3889,1030,1
2300,3890,39,1
2301,3891,125,1
2302,20,242,0
2303,1480,223,0
2304,3894,343,1
2305,2558,3,0
2306,3897,1032,0
2307,3898,147,1
2308,3899,173,1
2309,3900,128,0
2310,3901,3,0
2311,3902,32,0
2312,3076,52,0
2313,3123,90,1
2314,3906,645,0
2315,3911,1036,0
2316,3912,128,0
2317,47,412,0
2318,3914,936,1
2319,3917,634,0
2320,3920,195,0
2321,3925,832,0
2322,3050,77,0
2323,3927,397,1
2324,3929,624,0
2325,3930,254,0
2326,3931,612,0
2327,3932,169,0
2328,3935,424,1
2329,3228,689,0
2330,3936,153,0
2331,3939,1038,1
2332,545,47,1
2333,3090,431,1
2334,1057,1041,1
2335,3943,3,0
2336,3944,43,0
2337,3945,1043,0
2338,3946,42,0
2339,3948,239,0
2340,3950,588,1
2341,288,271,0
2342,3497,155,0
2343,3953,101,0
2344,226,883,1
2345,3955,189,1
2346,3956,58,1
2347,3958,147,0
2348,3959,189,1
2349,88,964,1
2350,268,25,0
2351,3965,90,0
2352,2560,242,1
2353,3967,348,0
2354,3969,101,0
2355,490,26,0
2356,1929,818,0
2357,3971,271,1
2358,3972,324,0
2359,3001,39,1
2360,2456,39,0
2361,1214,204,0
2362,2280,41,0
2363,3979,67,1
2364,3980,160,1
2365,3982,77,0
2366,69,25,0
2367,3990,242,0
2368,3991,813,1
2369,1195,1051,0
2370,3993,254,0
2371,3994,163,0
2372,766,1052,0
2373,2746,233,1
2374,1025,48,0
2375,3995,214,0
2376,3997,67,1
2377,3998,131,0
2378,2577,149,0
2379,3999,26,1
2380,4000,46,1
2381,873,41,0
2382,4001,441,1
2383,4002,42,0
2384,4003,3,0
2385,2346,0,0
2386,4004,267,0
2387,4006,189,1
2388,3163,48,0
2389,4015,56,0
2390,3415,442,0
2391,659,40,0
2392,4020,48,0
2393,4021,42,0
2394,893,1054,0
2395,2493,1021,1
2396,4022,530,1
2397,4023,1055,0
2398,1480,269,1
2399,4029,126,1
2400,4033,207,1
2401,4034,1058,1
2402,4035,160,1
2403,2278,40,1
2404,4038,126,1
2405,4039,687,1
2406,4040,126,1
2407,48,32,0
2408,194,0,0
2409,4042,149,0
2410,3077,0,0
2411,1530,63,0
2412,3282,87,1
2413,1673,116,0
2414,4050,624,0
2415,556,32,0
2416,4051,67,1
2417,4052,1060,1
2418,4053,47,0
2419,4054,401,1
2420,4056,198,0
2421,1298,3,0
2422,4057,46,1
2423,3314,617,0
2424,18,240,1
2425,383,104,1
2426,4059,224,1
2427,481,74,1
2428,4065,3,0
2429,2054,201,0
2430,4069,1063,1
2431,4070,54,1
2432,4071,581,1
2433,1420,48,0
2434,4072,682,0
2435,4074,3,0
2436,4076,67,1
2437,4077,67,1
2438,4078,3,0
2439,4079,654,1
2440,4081,3,0
2441,2326,463,0
2442,4083,96,0
2443,4084,204,0
2444,4085,891,0
2445,2171,220,1
2446,4087,259,1
2447,4088,242,1
2448,4090,3,0
2449,4091,72,1
2450,1184,39,0
2451,4095,664,0
2452,4097,337,1
2453,596,967,0
2454,1069,25,0
2455,88,447,1
2456,4098,204,0
2457,4099,588,1
2458,4101,126,1
2459,4105,67,1
2460,4106,121,0
2461,4107,813,1
2462,1331,149,0
2463,2278,118,0
2464,1440,1067,1
2465,4112,472,1
2466,4114,39,1
2467,4115,189,1
2468,4117,369,1
2469,2903,1069,1
2470,4121,198,0
2471,4122,48,0
2472,2352,204,0
2473,4128,344,0
2474,4129,101,0
2475,4134,301,1
2476,2548,941,1
2477,4135,381,0
2478,1979,25,0
2479,4136,189,1
2480,565,1065,1
2481,4138,77,0
2482,4099,101,0
2483,4140,3,0
2484,2778,189,1
2485,4144,32,0
2486,1683,1071,1
2487,4145,32,0
2488,4146,374,0
2489,3618,392,0
2490,4148,35,1
2491,2230,574,0
2492,205,1072,0
2493,2024,60,0
2494,4152,77,0
2495,3878,391,0
2496,3249,1073,0
2497,288,1074,0
2498,356,85,1
2499,3671,653,1
2500,4157,126,1
2501,4158,595,0
2502,4159,67,1
2503,4160,1010,0
2504,4162,82,1
2505,3901,41,0
2506,755,38,1
2507,4165,634,0
2508,94,0,0
2509,4166,345,0
2510,4169,86,0
2511,4175,3,0
2512,4176,77,0
2513,1609,3,0
2514,268,1077,0
2515,4177,48,0
2516,4178,83,1
2517,2661,3,0
2518,4180,374,0
2519,4181,74,1
2520,4182,67,1
2521,4184,155,1
2522,472,220,0
2523,4185,149,1
2524,4186,348,1
2525,1208,906,0
2526,4187,3,0
2527,4188,329,1
2528,4191,220,1
2529,4193,42,0
2530,658,1080,1
2531,4195,3,0
2532,182,377,0
2533,4198,368,0
2534,4199,363,0
2535,4200,43,0
2536,2278,412,0
2537,563,409,1
2538,4201,58,1
2539,4203,245,0
2540,4204,588,0
2541,4205,42,0
2542,1240,0,0
2543,3350,1081,0
2544,4206,41,0
2545,1178,196,0
2546,4209,224,1
2547,653,1082,0
2548,4211,98,1
2549,719,286,0
2550,2429,25,0
2551,895,1085,1
2552,4222,208,0
2553,4223,232,1
2554,105,91,0
2555,4225,67,1
2556,1396,330,0
2557,1160,119,0
2558,472,1086,1
2559,4229,89,1
2560,2278,1087,1
2561,4231,1088,1
2562,49,1089,0
2563,4232,182,0
2564,4233,1090,1
2565,4234,3,0
2566,4236,52,0
2567,4238,0,0
2568,1661,1091,0
2569,4240,412,0
2570,2251,148,1
2571,1792,3,0
2572,4246,276,1
2573,3808,35,1
2574,4247,3,0
2575,4249,589,1
2576,4250,42,0
2577,4251,0,0
2578,2697,116,0
2579,2363,0,0
2580,4252,102,0
2581,4253,1094,1
2582,4254,412,0
2583,4255,259,1
2584,4259,1095,1
2585,4261,3,0
2586,4262,131,0
2587,4263,166,1
2588,4266,189,1
2589,79,182,1
2590,2332,43,0
2591,4268,112,1
2592,1448,443,0
2593,4273,0,0
2594,4274,83,1
2595,3066,654,0
2596,4275,471,1
2597,1052,83,1
2598,4276,26,1
2599,3174,1097,1
2600,4279,300,0
2601,4283,771,1
2602,4284,32,0
2603,2070,0,0
2604,4285,182,0
2605,4286,155,0
2606,4287,157,1
2607,2693,52,0
2608,4291,39,1
2609,4293,232,1
2610,4298,1099,0
2611,4300,369,1
2612,2943,156,0
2613,4305,696,1
2614,1344,3,1
2615,4312,891,0
2616,4314,3,0
2617,1701,365,1
2618,4316,40,1
2619,2363,48,0
2620,2348,267,0
2621,4319,223,0
2622,4320,32,0
2623,653,954,1
2624,757,508,1
2625,4324,52,0
2626,4087,26,0
2627,4326,74,0
2628,560,3,0
2629,4327,271,1
2630,4328,77,0
2631,4329,1101,1
2632,4330,296,1
2633,4331,67,1
2634,4334,348,1
2635,4335,170,1
2636,4337,79,0
2637,4338,101,0
2638,4339,921,1
2639,4342,60,0
2640,4343,116,1
2641,2350,9,1
2642,4344,77,0
2643,4345,624,0
2644,4346,52,0
2645,4348,242,1
2646,4351,220,0
2647,4353,87,0
2648,4357,967,0
2649,4022,803,0
2650,105,125,1
2651,4362,9,1
2652,4365,26,0
2653,4368,343,1
2654,4370,1107,0
2655,2771,0,0
2656,4375,232,1
2657,3800,3,0
2658,557,1109,1
2659,4380,60,0
2660,2580,315,0
2661,4383,47,1
2662,4386,77,0
2663,4388,3,0
2664,3427,640,0
2665,1175,41,0
2666,459,428,1
2667,4395,3,0
2668,4396,99,1
2669,4398,140,1
2670,71,52,0
2671,4399,607,1
2672,4400,160,1
2673,3774,60,0
2674,3323,189,1
2675,4405,52,0
2676,4406,592,1
2677,4409,67,1
2678,4412,56,0
2679,4413,67,1
2680,4416,67,1
2681,314,1010,0
2682,370,476,0
2683,4419,67,1
2684,4421,56,0
2685,1126,52,1
2686,4423,794,1
2687,4424,196,0
2688,846,88,1
2689,472,223,0
2690,3824,407,0
2691,1987,3,0
2692,4429,40,1
2693,1029,583,0
2694,4432,620,1
2695,4435,91,0
2696,4436,200,0
2697,4437,7,0
2698,4439,546,1
2699,3066,1114,1
2700,500,26,0
2701,925,52,0
2702,4442,1016,1
2703,4443,173,1
2704,1962,447,0
2705,4446,1115,1
2706,4447,43,1
2707,2132,1116,0
2708,3036,39,0
2709,1695,1117,0
2710,4450,1118,0
2711,4451,224,1
2712,29,48,0
2713,4453,118,1
2714,4457,82,1
2715,4368,56,0
2716,4458,3,1
2717,4459,67,0
2718,1161,682,1
2719,2255,41,0
2720,4461,77,0
2721,1652,453,1
2722,4466,651,1
2723,2280,77,1
2724,4468,128,1
2725,4469,160,1
2726,4470,653,0
2727,1549,0,0
2728,2507,329,1
2729,428,204,0
2730,4474,83,1
2731,4475,41,0
2732,4478,60,0
2733,4479,52,0
2734,4481,67,1
2735,4482,77,0
2736,868,173,1
2737,4483,148,1
2738,4488,852,0
2739,4490,41,0
2740,1369,425,1
2741,4493,42,0
2742,3977,117,0
2743,3769,204,0
2744,4494,534,1
2745,4496,536,1
2746,160,58,1
2747,4498,439,1
2748,4499,126,1
2749,3226,165,1
2750,4502,40,1
2751,4503,1122,1
2752,3606,344,0
2753,4506,41,0
2754,2529,230,1
2755,4508,329,1
2756,4509,52,0
2757,4511,1126,1
2758,4512,80,1
2759,1080,1127,1
2760,4515,491,1
2761,4516,1128,0
2762,2036,200,0
2763,1089,60,0
2764,4518,43,1
2765,4519,301,1
2766,4520,48,0
2767,4521,848,0
2768,4523,77,1
2769,4526,1129,0
2770,4528,39,1
2771,4531,32,0
2772,4532,40,1
2773,1620,204,0
2774,839,181,0
2775,3617,1130,1
2776,3929,272,1
2777,4537,341,1
2778,4539,35,1
2779,4540,736,1
2780,4541,204,0
2781,4543,269,1
2782,4544,1051,1
2783,4545,46,1
2784,4547,1132,0
2785,4548,1133,0
2786,4549,1134,0
2787,4550,1011,1
2788,4552,77,0
2789,4553,242,1
2790,4554,200,1
2791,4557,48,0
2792,4558,60,0
2793,4559,38,1
2794,267,41,0
2795,4562,149,0
2796,4563,77,0
2797,4566,546,1
2798,493,1136,1
2799,4568,1051,1
2800,1176,258,1
2801,4569,670,1
2802,4574,170,1
2803,4575,310,1
2804,2246,223,0
2805,2014,824,0
2806,4578,86,0
2807,4579,32,0
2808,4580,77,0
2809,4581,7,0
2810,4582,140,0
2811,4583,542,0
2812,1866,67,0
2813,4588,546,1
2814,4590,32,0
2815,4591,229,1
2816,4593,26,1
2817,4596,39,1
2818,4597,345,0
2819,4598,589,0
2820,1730,52,0
2821,4602,155,0
2822,2010,0,0
2823,1886,615,0
2824,4457,482,1
2825,4608,231,0
2826,4609,43,1
2827,887,119,0
2828,4612,220,0
2829,4613,1011,1
2830,1488,805,1
2831,4615,7,0
2832,2394,160,1
2833,2110,365,0
2834,4619,463,0
2835,1146,25,0
2836,234,424,1
2837,4622,991,1
2838,4624,41,0
2839,3186,113,1
2840,2871,52,0
2841,349,46,1
2842,3262,67,1
2843,4630,518,0
2844,613,645,0
2845,2088,41,0
2846,4632,77,0
2847,479,39,0
2848,2779,0,0
2849,4634,39,1
2850,4638,537,0
2851,4640,542,0
2852,3478,33,1
2853,4647,354,0
2854,4648,267,0
2855,4649,42,0
2856,4650,169,0
2857,4651,42,0
2858,4652,284,1
2859,1399,52,0
2860,4658,126,1
2861,2315,257,1
2862,4659,412,0
2863,4661,196,0
2864,4663,44,0
2865,4320,40,1
2866,4665,427,1
2867,1793,445,1
2868,481,22,1
2869,4673,343,1
2870,994,113,1
2871,305,1149,0
2872,1583,24,0
2873,4675,461,0
2874,4676,859,1
2875,4677,3,0
2876,4630,93,1
2877,151,223,0
2878,1886,77,0
2879,4681,74,1
2880,4103,67,1
2881,4684,155,1
2882,2487,147,1
2883,4685,227,0
2884,4687,32,0
2885,4688,0,0
2886,4689,756,1
2887,840,1150,0
2888,4690,204,0
2889,4691,725,0
2890,4692,3,0
2891,4693,343,1
2892,2190,0,0
2893,4322,155,0
2894,4463,101,0
2895,4702,0,0
2896,4703,173,0
2897,4708,1151,1
2898,4709,0,0
2899,1336,587,0
2900,1405,3,0
2901,4712,548,1
2902,4713,42,0
2903,4716,189,1
2904,4720,52,0
2905,4722,41,0
2906,1164,40,0
2907,4723,3,0
2908,2161,425,1
2909,4724,69,0
2910,416,93,1
2911,4728,96,0
2912,4729,155,1
2913,4731,113,1
2914,4734,40,1
2915,4735,472,1
2916,4736,40,1
2917,1767,439,0
2918,4740,200,1
2919,4741,170,1
2920,1331,173,0
2921,4744,549,1
2922,1808,547,0
2923,3171,314,0
2924,1890,588,0
2925,4747,457,0
2926,4748,67,1
2927,3457,46,1
2928,123,48,0
2929,352,25,0
2930,4750,196,0
2931,4751,137,0
2932,1835,730,0
2933,4753,395,1
2934,4754,343,1
2935,4755,1156,0
2936,4756,38,1
2937,4757,128,0
2938,4759,641,0
2939,4761,266,1
2940,4762,214,0
2941,4763,67,1
2942,4765,67,1
2943,4768,58,1
2944,3966,60,0
2945,885,140,0
2946,3432,77,0
2947,4776,19,1
2948,2577,549,1
2949,1048,77,0
2950,4778,546,1
2951,783,1114,1
2952,4781,214,0
2953,4782,77,0
2954,4783,453,1
2955,4145,40,1
2956,4785,48,0
2957,4786,21,0
2958,214,292,1
2959,1900,25,0
2960,4787,67,1
2961,4789,204,0
2962,4791,741,1
2963,4792,126,1
2964,4794,460,0
2965,1632,1161,0
2966,880,844,0
2967,4797,24,0
2968,4799,40,1
2969,4800,765,0
2970,4801,113,1
2971,4235,267,0
2972,4633,204,0
2973,4805,534,1
2974,4807,262,1
2975,730,26,0
2976,4267,67,1
2977,4809,170,1
2978,1869,91,0
2979,2010,48,0
2980,4812,29,0
2981,4813,1162,0
2982,4815,137,1
2983,2025,86,0
2984,4816,91,0
2985,1158,3,0
2986,4819,3,0
2987,4820,1163,0
2988,812,7,0
2989,4822,48,0
2990,472,25,0
2991,4826,42,0
2992,49,7,0
2993,4827,771,1
2994,4828,947,1
2995,3174,84,1
2996,4830,189,1
2997,4831,41,0
2998,4832,19,1
2999,4833,329,1
3000,2086,41,0
3001,4834,3,0
3002,2106,242,0
3003,3393,42,0
3004,2184,90,0
3005,766,834,0
3006,4837,148,1
3007,4840,204,0
3008,4843,166,1
3009,4003,0,1
3010,4801,409,1
3011,4846,40,1
3012,4847,204,0
3013,827,77,0
3014,4849,42,0
3015,1204,244,0
3016,3771,806,1
3017,634,200,0
3018,4855,60,0
3019,2602,242,0
3020,4856,25,0
3021,1089,163,0
3022,4859,39,1
3023,4860,891,1
3024,3822,77,0
3025,4863,242,0
3026,4864,719,0
3027,4866,86,0
3028,4867,562,0
3029,4870,135,1
3030,160,25,0
3031,4871,242,0
3032,4873,13,0
3033,1943,77,0
3034,4875,735,1
3035,288,246,0
3036,4876,204,0
3037,160,562,1
3038,3467,77,0
3039,4877,269,1
3040,4879,954,1
3041,4880,191,0
3042,3043,341,0
3043,857,223,0
3044,4883,7,0
3045,4885,1167,0
3046,4891,231,0
3047,4892,35,0
3048,4894,771,1
3049,1967,157,0
3050,907,48,0
3051,4485,67,1
3052,4899,427,1
3053,4905,409,1
3054,4906,1172,0
3055,4908,7,0
3056,2481,58,1
3057,4910,9,1
3058,1765,1173,1
3059,1337,3,0
3060,2010,269,1
3061,3247,48,0
3062,4916,554,0
3063,4920,959,0
3064,2315,281,0
3065,4922,214,0
3066,4923,198,0
3067,4924,67,1
3068,4926,3,0
3069,4927,196,0
3070,4928,119,0
3071,611,1091,0
3072,2846,77,0
3073,4930,29,0
3074,4844,231,0
3075,4932,135,1
3076,4934,52,0
3077,4160,1024,0
3078,4935,0,0
3079,4939,343,1
3080,4942,1176,0
3081,4943,93,0
3082,4944,0,0
3083,4945,460,0
3084,4946,189,1
3085,4949,126,1
3086,4950,108,0
3087,1631,77,0
3088,4956,3,0
3089,4957,3,0
3090,4958,1180,1
3091,2279,991,1
3092,4959,58,0
3093,4960,91,0
3094,4961,32,0
3095,4962,223,0
3096,3720,29,0
3097,4966,165,1
3098,4967,104,1
3099,3878,214,0
3100,4972,90,0
3101,4974,654,1
3102,4977,283,0
3103,4978,77,0
3104,4979,476,1
3105,3221,0,0
3106,4984,196,0
3107,4985,35,1
3108,4600,3,0
3109,4988,116,0
3110,4990,106,1
3111,2912,1051,0
3112,4991,1183,1
3113,4992,122,0
3114,439,0,0
3115,4994,116,1
3116,1230,562,0
3117,4995,163,0
3118,4996,492,0
3119,4999,269,0
3120,5000,220,0
3121,159,8,1
3122,5001,67,1
3123,3550,99,1
3124,5002,827,1
3125,5003,113,1
3126,5004,93,1
3127,5005,675,0
3128,5007,265,0
3129,2358,1112,0
3130,5010,411,1
3131,3707,48,0
3132,5013,41,0
3133,3757,77,0
3134,5014,119,0
3135,5016,77,0
3136,5017,164,1
3137,4908,35,1
3138,4783,25,0
3139,5018,242,0
3140,5019,443,1
3141,658,1186,0
3142,1855,116,0
3143,3611,1188,0
3144,5022,60,0
3145,5023,13,0
3146,5025,3,0
3147,5026,237,0
3148,5027,60,0
3149,5028,382,1
3150,5029,93,1
3151,5030,59,0
3152,5031,588,1
3153,5034,201,0
3154,5035,42,0
3155,5036,42,0
3156,5037,35,1
3157,5038,1000,1
3158,488,52,0
3159,5039,265,1
3160,5040,155,0
3161,5041,401,1
3162,5010,3,0
3163,3946,126,1
3164,1791,495,1
3165,160,991,0
3166,5042,189,1
3167,5045,592,1
3168,5046,91,0
3169,755,1072,1
3170,5047,369,1
3171,5052,430,1
3172,5053,54,0
3173,5056,99,1
3174,5057,1192,0
3175,5058,818,0
3176,5060,90,0
3177,1368,405,0
3178,5063,189,0
3179,5065,961,0
3180,1314,351,0
3181,5066,40,1
3182,935,1194,1
3183,1880,77,0
3184,1676,1195,1
3185,5070,725,0
3186,767,0,0
3187,5073,259,1
3188,5074,288,1
3189,5077,170,1
3190,5079,19,1
3191,5080,824,0
3192,2350,155,0
3193,5084,102,0
3194,5086,93,1
3195,1684,856,1
3196,69,745,0
3197,6,1083,1
3198,5090,93,1
3199,5092,67,1
3200,5093,40,1
3201,3734,269,0
3202,1069,1199,0
3203,13,1200,1
3204,5095,198,0
3205,5097,33,0
3206,5100,223,0
3207,1495,115,0
3208,5101,682,1
3209,5102,128,0
3210,481,1202,1
3211,5111,42,0
3212,5115,719,0
3213,5118,247,1
3214,5119,3,1
3215,5121,1176,0
3216,5122,0,0
3217,4594,1203,1
3218,5123,26,1
3219,5124,3,0
3220,5126,119,0
3221,4966,189,1
3222,5128,229,1
3223,3148,964,1
3224,5129,52,0
3225,5130,259,1
3226,1549,60,0
3227,3761,1163,1
3228,5132,7,0
3229,628,602,0
3230,49,1205,0
3231,1771,654,0
3232,5138,261,0
3233,5139,269,1
3234,2889,606,1
3235,4017,77,0
3236,1633,1206,1
3237,5140,1079,0
3238,5142,48,0
3239,5143,77,0
3240,5144,1208,1
3241,4935,3,0
3242,5145,261,0
3243,2797,160,1
3244,5148,67,1
3245,5151,101,0
3246,5153,1210,1
3247,5154,67,1
3248,3595,220,1
3249,5158,52,0
3250,5119,67,1
3251,2110,669,0
3252,3350,788,0
3253,5161,3,0
3254,5163,52,0
3255,5165,40,1
3256,5166,329,0
3257,5168,59,0
3258,94,135,1
3259,5173,210,1
3260,5039,48,0
3261,5176,3,0
3262,5177,77,0
3263,5178,1211,0
3264,5179,0,0
3265,5180,358,1
3266,5183,40,1
3267,5184,155,0
3268,5185,46,1
3269,5186,25,0
3270,5188,526,0
3271,810,220,1
3272,267,0,0
3273,5189,412,0
3274,5193,155,0
3275,5194,445,1
3276,2533,830,0
3277,5196,75,1
3278,1082,1213,1
3279,936,74,0
3280,5198,624,0
3281,5200,406,0
3282,4709,48,0
3283,5202,119,0
3284,5203,247,1
3285,5205,91,0
3286,1917,1214,0
3287,5208,33,0
3288,5209,89,0
3289,5212,208,1
3290,794,364,1
3291,567,409,1
3292,546,418,0
3293,125,1215,1
3294,47,32,0
3295,5215,1216,1
3296,5216,91,1
3297,5218,821,1
3298,1384,1217,1
3299,5223,3,0
3300,5225,42,0
3301,5226,165,1
3302,5227,7,1
3303,880,1219,0
3304,332,22,1
3305,5233,35,1
3306,5235,460,0
3307,5236,758,1
3308,5237,77,0
3309,2336,32,0
3310,5240,39,1
3311,4009,77,0
3312,5242,207,1
3313,48,72,0
3314,5243,262,1
3315,5244,164,1
3316,5245,1222,1
3317,5248,52,0
3318,5250,137,0
3319,3761,1223,1
3320,1049,1112,1
3321,314,47,0
3322,5254,86,0
3323,5255,304,1
3324,5256,1224,1
3325,5259,67,1
3326,5260,116,0
3327,2488,160,1
3328,5263,67,1
3329,659,694,1
3330,5265,246,0
3331,615,1226,0
3332,1018,1014,0
3333,4140,77,0
3334,5274,211,1
3335,5275,1227,0
3336,5277,254,0
3337,5279,217,1
3338,5280,520,1
3339,2874,77,1
3340,5282,3,0
3341,1588,369,1
3342,48,932,0
3343,2613,0,0
3344,2448,181,0
3345,5286,677,1
3346,1854,242,1
3347,5288,276,1
3348,1313,1230,1
3349,2128,343,1
3350,5292,480,0
3351,5294,374,0
3352,1863,52,0
3353,1252,67,1
3354,5297,22,1
3355,5301,33,0
3356,37,39,1
3357,5307,91,0
3358,5308,0,0
3359,5309,35,1
3360,5312,126,1
3361,5314,3,0
3362,5316,1211,0
3363,5318,7,0
3364,5319,77,0
3365,3372,35,1
3366,5320,687,1
3367,5321,347,1
3368,1886,242,1
3369,5322,231,0
3370,5323,46,1
3371,2883,763,0
3372,2519,77,0
3373,5325,42,0
3374,286,3,0
3375,5326,75,1
3376,4486,22,0
3377,5328,91,1
3378,5329,83,1
3379,5330,405,0
3380,5332,77,1
3381,5333,509,1
3382,5334,126,1
3383,5335,740,1
3384,5336,575,0
3385,5338,997,0
3386,2087,391,0
3387,2448,19,0
3388,5339,195,1
3389,5340,409,1
3390,1288,849,0
3391,5342,0,0
3392,968,28,1
3393,5346,189,1
3394,5349,831,0
3395,5350,223,0
3396,2883,902,0
3397,5351,67,1
3398,1484,1237,0
3399,5355,164,1
3400,5356,72,0
3401,5358,766,0
3402,557,644,1
3403,5361,149,0
3404,5362,258,1
3405,5363,694,0
3406,5364,1239,1
3407,922,147,1
3408,5365,188,0
3409,5366,1240,1
3410,182,1241,1
3411,5368,32,0
3412,3062,41,0
3413,5370,7,0
3414,3004,220,0
3415,5372,1242,0
3416,5373,195,0
3417,5374,126,1
3418,4689,360,0
3419,5375,1243,1
3420,5380,208,0
3421,5382,112,0
3422,3652,204,1
3423,5385,128,0
3424,3370,77,1
3425,1701,399,1
3426,1039,38,1
3427,3941,48,1
3428,3277,0,0
3429,5396,189,1
3430,5400,77,0
3431,5401,220,1
3432,5402,113,1
3433,2597,242,0
3434,5405,207,0
3435,5406,90,0
3436,3996,108,0
3437,5407,116,0
3438,5409,128,0
3439,5411,40,1
3440,1679,39,1
3441,5413,19,0
3442,5364,3,0
3443,5414,79,0
3444,5415,42,0
3445,5416,377,0
3446,1168,1246,0
3447,5134,809,1
3448,5419,0,0
3449,5420,43,0
3450,5421,3,0
3451,5422,164,1
3452,5423,189,1
3453,5428,570,1
3454,5429,1247,0
3455,5356,47,1
3456,5431,813,1
3457,5432,47,1
3458,5434,40,1
3459,623,147,1
3460,5435,213,0
3461,1369,1248,0
3462,4244,195,0
3463,5437,369,1
3464,5438,126,1
3465,4922,1249,1
3466,439,48,0
3467,5186,713,1
3468,5444,549,1
3469,5448,39,1
3470,5449,1251,1
3471,4555,86,0
3472,5451,91,0
3473,5452,165,1
3474,2661,77,0
3475,3320,210,1
3476,5454,926,1
3477,5455,424,1
3478,659,80,1
3479,5457,409,1
3480,5458,1252,0
3481,5459,3,0
3482,5461,204,0
3483,5462,230,1
3484,5465,1254,0
3485,903,41,0
3486,523,77,0
3487,5209,365,0
3488,652,458,1
3489,5466,785,0
3490,4209,262,1
3491,780,91,1
3492,5469,204,0
3493,5470,326,0
3494,5474,26,0
3495,5475,412,0
3496,2956,887,1
3497,873,0,0
3498,5476,26,1
3499,5477,140,0
3500,1623,518,0
3501,5002,1040,1
3502,4684,812,1
3503,5486,431,0
3504,3381,48,0
3505,3993,93,1
3506,5488,196,0
3507,5495,126,1
3508,5497,67,1
3509,5498,115,1
3510,3148,1026,1
3511,5500,369,1
3512,3510,131,0
3513,4512,77,1
3514,5006,374,0
3515,5504,237,0
3516,5505,77,0
3517,5508,118,1
3518,3878,536,0
3519,3264,1260,0
3520,5510,67,1
3521,5512,40,1
3522,314,1261,0
3523,3532,189,1
3524,4834,43,1
3525,66,436,0
3526,199,204,0
3527,2364,1262,0
3528,5514,56,0
3529,5516,40,1
3530,5517,91,0
3531,5519,271,1
3532,5520,48,0
3533,5522,1264,1
3534,5523,112,1
3535,49,1083,0
3536,5524,480,0
3537,3304,1000,1
3538,5527,91,1
3539,2678,125,1
3540,5528,0,0
3541,4622,1265,1
3542,1981,48,1
3543,5529,412,1
3544,5530,137,0
3545,5532,69,1
3546,5534,115,0
3547,5535,230,1
3548,659,859,1
3549,5536,457,0
3550,3172,196,0
3551,3771,3,0
3552,5538,67,1
3553,3584,93,1
3554,5541,25,0
3555,1765,288,1
3556,5543,1267,1
3557,5545,160,1
3558,2204,91,0
3559,1979,269,0
3560,5548,246,0
3561,5550,343,1
3562,3524,60,0
3563,5553,447,1
3564,1078,441,1
3565,3516,233,1
3566,1695,922,0
3567,5554,62,0
3568,5557,266,0
3569,5559,997,0
3570,1914,3,0
3571,5562,39,0
3572,5563,204,0
3573,5564,588,1
3574,5565,149,0
3575,1532,385,0
3576,5569,48,0
3577,2507,1119,0
3578,5572,232,0
3579,5573,77,0
3580,4224,991,1
3581,5576,41,1
3582,160,220,0
3583,1175,3,0
3584,4945,7,0
3585,3982,19,1
3586,5580,43,1
3587,5581,198,0
3588,5582,326,0
3589,5583,441,1
3590,5586,242,1
3591,5589,91,0
3592,1786,149,0
3593,4705,269,1
3594,2650,42,0
3595,1291,43,0
3596,5594,196,0
3597,5597,126,1
3598,5599,1254,0
3599,5490,1145,1
3600,1331,344,0
3601,5601,128,1
3602,5603,259,1
3603,5604,397,1
3604,5605,457,0
3605,1261,19,0
3606,5606,301,1
3607,5608,67,1
3608,3157,958,1
3609,1176,19,0
3610,5609,341,1
3611,5610,196,0
3612,5612,429,1
3613,5573,0,0
3614,5614,86,0
3615,5615,364,1
3616,5616,102,0
3617,5617,40,1
3618,5619,382,1
3619,5622,237,1
3620,5624,0,0
3621,5626,1275,1
3622,5627,74,0
3623,3743,926,0
3624,5630,3,0
3625,2058,77,0
3626,5631,93,1
3627,5632,236,1
3628,5638,25,0
3629,5639,107,1
3630,3215,24,0
3631,767,3,0
3632,5640,149,0
3633,20,25,0
3634,5642,39,1
3635,584,1016,1
3636,1590,247,1
3637,1041,687,1
3638,5498,165,1
3639,5645,204,0
3640,2841,41,0
3641,5646,56,0
3642,903,0,0
3643,5650,269,1
3644,5654,547,0
3645,4171,67,1
3646,2943,335,0
3647,5657,505,0
3648,5661,83,1
3649,5663,891,1
3650,5664,39,0
3651,5665,67,1
3652,5667,1277,1
3653,5668,204,0
3654,5672,326,1
3655,5674,40,1
3656,5675,329,0
3657,5676,33,1
3658,5677,67,0
3659,5679,495,0
3660,5681,276,1
3661,5684,47,0
3662,5685,262,1
3663,5687,39,1
3664,5688,813,1
3665,5689,102,0
3666,5690,67,1
3667,5693,414,0
3668,288,77,0
3669,5697,48,0
3670,5013,211,1
3671,5701,491,0
3672,5704,42,0
3673,5706,3,0
3674,903,1082,0
3675,5711,446,0
3676,5712,47,1
3677,5713,77,0
3678,267,259,0
3679,5714,269,1
3680,5716,344,0
3681,5717,1101,0
3682,1886,60,0
3683,5718,546,1
3684,5721,1280,0
3685,5399,9,1
3686,3084,48,0
3687,5399,155,0
3688,5725,126,1
3689,48,1282,0
3690,5731,77,0
3691,5732,40,1
3692,5733,269,1
3693,5735,47,1
3694,5736,58,1
3695,5737,35,1
3696,5738,485,0
3697,5739,1203,1
3698,1040,427,1
3699,5742,48,0
3700,4759,300,1
3701,5743,149,0
3702,5744,969,1
3703,5745,189,1
3704,5746,3,0
3705,5247,48,0
3706,5748,620,1
3707,5751,209,0
3708,1490,229,1
3709,5753,32,0
3710,3878,113,0
3711,5757,149,0
3712,5758,3,0
3713,13,1285,1
3714,1730,1286,1
3715,5761,1264,1
3716,2474,382,1
3717,5763,445,1
3718,5764,41,1
3719,5034,562,0
3720,5766,242,1
3721,5006,1288,0
3722,1942,3,0
3723,5335,548,1
3724,5768,39,0
3725,1482,204,0
3726,3713,3,0
3727,5769,46,0
3728,5771,419,1
3729,4789,52,0
3730,5774,67,1
3731,5452,189,1
3732,4597,359,1
3733,5776,224,1
3734,2037,25,0
3735,5778,3,0
3736,2253,843,0
3737,3393,0,0
3738,5780,1290,1
3739,5782,91,1
3740,5783,242,1
3741,5784,128,0
3742,3027,1291,0
3743,5786,593,0
3744,5789,200,0
3745,5790,504,1
3746,5797,739,1
3747,5798,118,1
3748,5799,967,0
3749,5801,102,0
3750,5309,7,0
3751,5802,612,0
3752,5803,116,1
3753,5805,26,0
3754,5806,48,0
3755,5370,405,1
3756,5810,813,1
3757,49,670,1
3758,2144,3,0
3759,5812,520,1
3760,5813,91,0
3761,145,38,1
3762,5732,32,0
3763,5815,204,0
3764,1359,875,0
3765,5817,224,1
3766,5818,1151,1
3767,5770,41,0
3768,5819,19,0
3769,5820,126,1
3770,5823,60,0
3771,3472,46,1
3772,371,1293,1
3773,2497,67,1
3774,5826,749,0
3775,5827,56,0
3776,5830,1294,1
3777,5833,482,1
3778,324,1297,1
3779,5836,461,0
3780,5840,678,0
3781,1938,198,0
3782,5843,39,1
3783,600,7,1
3784,67,1298,1
3785,5845,170,1
3786,5846,1299,0
3787,1146,1300,1
3788,5847,67,1
3789,5400,1275,1
3790,5850,831,1
3791,5853,575,0
3792,5856,131,0
3793,3062,3,0
3794,1396,1301,0
3795,5858,365,1
3796,1029,694,0
3797,15,583,0
3798,3153,0,0
3799,5860,267,0
3800,5863,3,0
3801,3062,164,1
3802,2319,815,1
3803,5866,91,1
3804,5867,281,0
3805,3828,32,0
3806,5868,182,0
3807,1485,88,0
3808,1440,3,0
3809,4809,102,0
3810,5870,770,1
3811,5558,809,1
3812,5145,107,1
3813,5874,67,1
3814,5296,3,1
3815,1697,1302,1
3816,3143,3,0
3817,5875,527,1
3818,5879,505,0
3819,5880,3,0
3820,310,77,0
3821,1962,959,0
3822,5884,24,0
3823,5885,32,0
3824,581,365,0
3825,1026,242,0
3826,5890,77,0
3827,4319,25,0
3828,5893,40,1
3829,3733,24,0
3830,1729,979,0
3831,5898,40,1
3832,5901,35,1
3833,5902,314,1
3834,5906,77,0
3835,5907,32,0
3836,5908,33,1
3837,5909,272,1
3838,5910,1307,1
3839,5491,160,1
3840,5911,201,0
3841,5912,196,0
3842,5052,617,1
3843,5393,48,0
3844,5914,200,0
3845,5916,242,0
3846,5919,348,0
3847,5921,0,0
3848,5176,0,0
3849,598,272,1
3850,5923,19,1
3851,5925,39,1
3852,5926,405,0
3853,5927,1308,1
3854,4221,1309,0
3855,5929,52,0
3856,2878,398,1
3857,5930,1002,0
3858,637,149,0
3859,5935,93,1
3860,759,1311,0
3861,5937,1297,1
3862,606,242,1
3863,3055,329,0
3864,220,41,0
3865,5943,3,0
3866,5945,532,1
3867,5948,996,0
3868,5949,77,0
3869,5950,1312,0
3870,2816,246,0
3871,5952,237,1
3872,5953,198,0
3873,5955,716,1
3874,5956,1313,0
3875,2415,223,0
3876,5959,56,0
3877,2672,128,0
3878,5964,40,1
3879,2729,39,0
3880,5968,439,0
3881,5969,1315,0
3882,5970,74,1
3883,5972,995,0
3884,1234,3,0
3885,5973,3,0
3886,5975,47,1
3887,5977,1045,1
3888,5978,128,1
3889,1751,224,1
3890,5982,3,0
3891,5983,52,0
3892,2311,1316,1
3893,5986,443,0
3894,5987,485,0
3895,5988,457,0
3896,5049,3,1
3897,2317,1154,1
3898,5992,39,1
3899,2301,33,0
3900,2059,540,0
3901,6001,452,1
3902,6002,200,0
3903,3741,35,1
3904,1690,458,1
3905,6003,1317,0
3906,6006,40,1
3907,6007,7,0
3908,6009,292,0
3909,6010,218,0
3910,6012,7,0
3911,6013,160,0
3912,1283,19,1
3913,6015,9,1
3914,6016,405,0
3915,5025,629,1
3916,49,1319,0
3917,6021,39,1
3918,948,200,1
3919,2305,58,1
3920,2314,329,0
3921,6023,40,1
3922,6024,3,0
3923,4316,32,0
3924,6025,718,0
3925,6026,170,1
3926,3243,1321,1
3927,6029,424,1
3928,6031,7,0
3929,944,223,0
3930,6032,40,0
3931,6033,1322,1
3932,6034,452,1
3933,6035,116,0
3934,6036,1323,0
3935,6040,620,1
3936,6042,542,0
3937,6044,149,0
3938,4469,457,0
3939,6046,1324,0
3940,6047,547,0
3941,6050,343,1
3942,6052,0,0
3943,6053,47,1
3944,1800,809,1
3945,6057,213,0
3946,5448,7,0
3947,764,297,0
3948,6062,164,1
3949,1460,329,0
3950,6066,753,0
3951,4446,88,1
3952,6068,166,1
3953,6069,39,1
3954,6072,412,0
3955,6031,39,1
3956,2227,15,1
3957,6073,77,0
3958,6074,47,1
3959,6075,67,1
3960,6077,77,1
3961,4778,246,0
3962,6083,155,0
3963,2399,189,1
3964,6085,42,0
3965,5151,457,0
3966,653,266,0
3967,293,607,1
3968,2481,77,0
3969,4138,1330,1
3970,6088,77,0
3971,4908,39,1
3972,4968,3,1
3973,1593,25,0
3974,2202,571,0
3975,6095,447,1
3976,1174,8,1
3977,6096,445,1
3978,6098,39,1
3979,6099,269,1
3980,6101,997,0
3981,6103,992,0
3982,5681,119,0
3983,3417,1095,1
3984,6108,1332,0
3985,6110,32,0
3986,6112,653,1
3987,4052,77,0
3988,6115,3,0
3989,6116,40,1
3990,3255,0,0
3991,922,265,1
3992,383,26,1
3993,6117,3,0
3994,13,1145,1
3995,2489,593,1
3996,4390,626,1
3997,6124,112,1
3998,6125,48,0
3999,6127,1213,1
4000,115,181,1
4001,5375,101,0
4002,6129,1334,1
4003,5308,135,1
4004,34,314,0
4005,6130,40,1
4006,5858,407,1
4007,6135,1336,1
4008,6136,67,1
4009,239,269,1
4010,6137,344,1
4011,1274,40,0
4012,6138,3,0
4013,6139,13,0
4014,3347,77,0
4015,2771,48,0
4016,3118,112,0
4017,1581,86,0
4018,5492,634,0
4019,1639,157,1
4020,1870,1337,1
4021,4830,165,1
4022,6142,181,0
4023,6143,9,1
4024,6145,204,0
4025,566,1338,0
4026,730,1339,0
4027,4922,399,0
4028,1695,306,0
4029,5200,77,0
4030,1331,1340,0
4031,6146,77,0
4032,6147,1341,0
4033,6148,170,1
4034,6125,3,0
4035,1870,1342,0
4036,893,735,0
4037,6153,204,0
4038,6154,0,0
4039,2547,982,1
4040,6157,1345,0
4041,6158,204,0
4042,6159,1033,1
4043,6160,75,1
4044,6161,126,1
4045,6164,93,0
4046,6169,7,0
4047,6170,3,0
4048,344,374,0
4049,6172,368,0
4050,6173,170,1
4051,6174,246,0
4052,2694,1347,0
4053,6176,947,1
4054,1069,377,0
4055,6178,77,0
4056,205,1114,0
4057,889,208,1
4058,6180,52,0
4059,6182,137,0
4060,6183,67,1
4061,5908,1349,1
4062,6186,67,1
4063,6194,427,1
4064,1933,160,1
4065,6201,32,0
4066,6203,32,0
4067,2087,208,0
4068,2097,86,1
4069,6204,959,1
4070,1528,329,0
4071,53,1352,1
4072,6209,0,0
4073,2632,1353,1
4074,3754,1354,1
4075,6212,79,0
4076,5626,0,0
4077,5918,1355,0
4078,6213,96,0
4079,6216,86,0
4080,1870,43,0
4081,6217,374,0
4082,6218,8,1
4083,6220,932,0
4084,6225,1276,1
4085,6226,67,1
4086,6227,67,1
4087,1695,40,0
4088,6228,157,1
4089,6229,7,1
4090,4022,223,0
4091,6231,300,1
4092,1871,242,1
4093,6233,35,1
4094,6137,179,1
4095,6237,170,1
4096,6238,155,0
4097,6246,40,1
4098,6247,148,1
4099,1128,77,0
4100,2734,3,0
4101,6251,32,0
4102,6254,374,0
4103,6256,204,0
4104,6261,1357,0
4105,1294,67,1
4106,6264,1358,0
4107,5956,25,0
4108,5282,77,0
4109,6271,119,0
4110,6274,315,1
4111,6275,217,1
4112,6276,164,1
4113,4022,25,0
4114,6279,782,0
4115,208,60,0
4116,6281,40,0
4117,6284,77,0
4118,1089,224,0
4119,6285,19,1
4120,6287,362,0
4121,6289,19,1
4122,3122,62,0
4123,3326,1362,0
4124,6291,1363,0
4125,6292,694,0
4126,2190,3,0
4127,1242,689,0
4128,6293,1364,1
4129,6294,908,0
4130,6295,148,1
4131,6297,108,0
4132,3594,1051,0
4133,5808,947,1
4134,6298,189,1
4135,6299,126,1
4136,6300,83,1
4137,6301,86,0
4138,2949,155,0
4139,6306,149,0
4140,6307,1366,1
4141,3035,165,1
4142,6308,1090,1
4143,6310,102,0
4144,6311,189,1
4145,3276,126,1
4146,6315,770,1
4147,5748,357,0
4148,6316,344,0
4149,6237,148,1
4150,6319,785,0
4151,268,177,0
4152,6320,926,0
4153,623,668,1
4154,4240,40,1
4155,6321,831,1
4156,6323,813,1
4157,4676,1369,1
4158,6324,32,0
4159,6325,7,1
4160,5037,39,1
4161,6327,827,1
4162,764,19,1
4163,2372,39,0
4164,2053,0,0
4165,5323,77,0
4166,6332,1011,1
4167,2508,412,0
4168,3632,3,0
4169,963,35,1
4170,1786,374,0
4171,6336,739,1
4172,6339,442,0
4173,1926,3,1
4174,6340,56,0
4175,6343,91,1
4176,6345,77,1
4177,5165,32,0
4178,6350,118,1
4179,6352,86,1
4180,1439,358,1
4181,6356,463,0
4182,6358,1374,0
4183,6362,442,0
4184,6363,343,1
4185,6365,41,0
4186,4012,112,0
4187,6366,195,1
4188,5362,266,0
4189,6368,0,0
4190,2131,35,0
4191,4104,204,0
4192,3499,179,1
4193,6373,155,0
4194,49,1375,0
4195,1917,25,0
4196,6374,1011,1
4197,6375,40,1
4198,1838,0,0
4199,6381,343,1
4200,6382,67,1
4201,725,52,0
4202,115,1377,1
4203,3770,15,1
4204,1347,223,0
4205,6386,91,1
4206,6387,1163,0
4207,6388,25,0
4208,2400,592,1
4209,2988,52,0
4210,3264,257,1
4211,3096,189,1
4212,390,40,1
4213,3148,60,0
4214,6392,771,1
4215,2471,232,0
4216,5458,1378,0
4217,3140,204,0
4218,6399,122,1
4219,6401,1322,0
4220,1303,220,1
4221,6403,169,1
4222,6405,38,1
4223,6406,1063,1
4224,6407,1017,0
4225,6408,67,1
4226,6409,46,1
4227,6413,944,0
4228,6414,86,0
4229,6415,56,0
4230,2750,620,0
4231,6417,46,0
4232,6418,1381,1
4233,6419,926,1
4234,317,200,0
4235,2246,242,0
4236,58,140,0
4237,6422,211,1
4238,5235,58,1
4239,1058,272,1
4240,6425,210,1
4241,2054,562,0
4242,6426,47,1
4243,4004,93,1
4244,5466,374,0
4245,5533,164,1
4246,6427,41,0
4247,6428,67,1
4248,1695,189,0
4249,6,147,1
4250,6430,1384,1
4251,714,90,1
4252,6431,412,0
4253,5328,548,0
4254,6432,809,0
4255,6433,149,1
4256,6434,67,1
4257,6435,242,0
4258,4397,60,0
4259,6436,369,1
4260,6437,46,1
4261,2816,547,0
4262,2434,101,1
4263,6438,40,1
4264,5830,969,1
4265,6441,42,0
4266,6442,445,1
4267,5813,86,0
4268,6444,573,1
4269,6446,0,0
4270,6447,39,1
4271,6448,1385,1
4272,5067,3,0
4273,6451,1386,0
4274,6452,83,1
4275,5294,429,0
4276,6456,7,0
4277,6457,52,0
4278,3834,91,1
4279,6459,358,0
4280,6460,86,0
4281,4973,353,0
4282,6461,86,0
4283,3314,223,0
4284,6462,1211,0
4285,2194,52,0
4286,6463,735,1
4287,803,196,0
4288,6466,273,1
4289,6467,67,1
4290,1240,3,0
4291,6468,104,1
4292,6470,157,1
4293,1765,592,1
4294,2445,1388,1
4295,6479,429,0
4296,2053,80,1
4297,6480,271,1
4298,69,412,1
4299,5711,214,0
4300,6488,117,1
4301,6489,831,0
4302,6490,67,1
4303,6491,1389,0
4304,4609,77,0
4305,6494,211,1
4306,6498,3,0
4307,1505,165,1
4308,6501,140,0
4309,6503,259,1
4310,2026,1390,1
4311,6504,1000,1
4312,6505,771,0
4313,4916,366,1
4314,6510,19,1
4315,455,1115,1
4316,2063,818,0
4317,3241,242,1
4318,602,437,0
4319,6514,1392,0
4320,6516,91,0
4321,1601,335,1
4322,2693,204,0
4323,667,459,0
4324,6519,67,1
4325,6520,229,1
4326,6521,405,0
4327,1144,0,0
4328,1175,48,0
4329,6522,770,1
4330,6523,25,0
4331,49,1149,0
4332,6526,770,1
4333,6531,329,1
4334,6537,330,1
4335,557,382,1
4336,4011,33,0
4337,6539,67,1
4338,5405,126,1
4339,3861,269,1
4340,3235,1354,0
4341,6360,67,1
4342,6540,433,0
4343,6541,93,1
4344,4503,0,0
4345,6542,83,1
4346,6543,405,1
4347,6544,699,1
4348,2926,48,0
4349,6545,131,0
4350,6546,595,0
4351,1790,3,0
4352,38,1248,0
4353,6548,7,0
4354,6551,48,0
4355,6553,157,1
4356,910,48,0
4357,6556,204,1
4358,6557,0,0
4359,1400,3,0
4360,6558,77,0
4361,2446,196,0
4362,6560,86,0
4363,2739,694,0
4364,6563,210,1
4365,6564,21,1
4366,4785,139,1
4367,6565,220,1
4368,6566,102,0
4369,6567,77,0
4370,1331,112,0
4371,4991,753,0
4372,1573,189,1
4373,5967,926,0
4374,6573,149,0
4375,6574,1394,0
4376,6575,39,0
4377,6576,93,1
4378,3954,19,1
4379,2070,196,0
4380,5247,0,0
4381,6580,102,0
4382,6581,35,1
4383,6582,67,1
4384,6127,762,1
4385,1421,348,0
4386,4259,1395,1
4387,6584,824,1
4388,6585,690,1
4389,3265,147,0
4390,6589,343,1
4391,3978,139,1
4392,863,428,0
4393,49,817,0
4394,6591,1080,1
4395,6594,42,0
4396,6595,0,0
4397,6596,76,0
4398,6598,196,0
4399,6599,38,1
4400,6600,269,1
4401,6601,697,0
4402,2230,1396,0
4403,4967,182,0
4404,5421,38,1
4405,6603,40,1
4406,6605,1398,1
4407,6607,3,0
4408,5520,0,0
4409,421,7,0
4410,6610,67,1
4411,1654,457,0
4412,6611,137,0
4413,1265,98,0
4414,6612,52,0
4415,6614,77,1
4416,6617,8,1
4417,2474,80,1
4418,1173,32,1
4419,6621,101,0
4420,1730,140,0
4421,1695,160,0
4422,1030,240,0
4423,5216,86,0
4424,6626,242,0
4425,6627,634,0
4426,2161,0,0
4427,1966,19,1
4428,6628,620,1
4429,6630,482,1
4430,4483,170,1
4431,6633,137,0
4432,5353,991,1
4433,3024,593,0
4434,2565,1400,1
4435,4708,813,1
4436,6639,102,1
4437,481,670,1
4438,6640,46,1
4439,1520,430,1
4440,3381,242,0
4441,4136,115,0
4442,1344,48,0
4443,2756,147,1
4444,463,1403,0
4445,6645,521,1
4446,6648,778,1
4447,4259,0,0
4448,2763,297,0
4449,6055,160,1
4450,2450,3,0
4451,6650,102,0
4452,6652,35,0
4453,3719,135,1
4454,5630,189,1
4455,4862,547,0
4456,6658,231,0
4457,6659,1150,0
4458,6660,758,1
4459,6661,269,1
4460,628,674,0
4461,4679,1405,0
4462,6664,749,0
4463,6665,0,0
4464,6666,749,0
4465,6668,286,0
4466,1040,615,0
4467,5420,214,0
4468,6673,405,0
4469,6674,926,1
4470,6675,0,0
4471,6676,173,1
4472,5537,77,0
4473,6680,739,1
4474,3811,429,1
4475,3244,155,0
4476,6681,69,0
4477,6682,212,0
4478,6683,207,0
4479,6178,770,1
4480,675,3,0
4481,6685,35,1
4482,156,964,1
4483,1518,477,0
4484,2910,1079,0
4485,6690,126,1
4486,1291,1260,0
4487,6693,126,1
4488,6699,133,0
4489,3059,208,0
4490,5208,43,0
4491,5049,25,0
4492,347,131,0
4493,2779,41,0
4494,3087,67,0
4495,1,426,0
4496,1439,405,1
4497,6705,265,0
4498,97,1408,1
4499,5074,101,0
4500,5621,447,0
4501,5808,25,0
4502,3078,67,1
4503,6708,77,0
4504,2924,627,0
4505,6710,247,1
4506,5804,364,1
4507,5746,70,1
4508,4932,3,0
4509,2761,0,0
4510,6714,310,0
4511,1619,769,1
4512,6508,149,0
4513,6717,220,1
4514,794,155,0
4515,532,1034,0
4516,6724,429,0
4517,6725,13,0
4518,6727,39,1
4519,1871,399,1
4520,205,1410,0
4521,5103,77,0
4522,6736,204,0
4523,6737,48,0
4524,2475,643,0
4525,1563,25,0
4526,6740,25,0
4527,4685,1412,0
4528,904,195,0
4529,6744,67,1
4530,6746,653,0
4531,1556,0,0
4532,6748,79,0
4533,6749,25,0
4534,5572,424,1
4535,6750,343,1
4536,2481,460,1
4537,2295,35,1
4538,6751,40,1
4539,2054,1413,0
4540,980,429,1
4541,2638,52,0
4542,6754,67,1
4543,6755,72,1
4544,355,121,0
4545,6758,379,0
4546,6760,19,1
4547,5601,33,0
4548,630,426,1
4549,6762,40,0
4550,6764,60,0
4551,2442,749,0
4552,6766,96,0
4553,6769,405,0
4554,3307,587,0
4555,3190,170,1
4556,4000,77,0
4557,6332,505,0
4558,6774,155,0
4559,6776,35,1
4560,6777,369,1
4561,6779,101,0
4562,6780,170,1
4563,4496,172,0
4564,6783,0,0
4565,6784,365,0
4566,2988,204,0
4567,2574,310,0
4568,6786,1007,1
4569,3901,105,1
4570,6213,396,0
4571,4685,1415,0
4572,6793,770,1
4573,6795,386,0
4574,1396,1416,0
4575,6796,8,1
4576,5275,25,0
4577,5867,0,0
4578,6798,257,1
4579,4856,345,1
4580,6724,1417,0
4581,1085,1418,0
4582,6046,1419,0
4583,6799,329,0
4584,1020,265,0
4585,2945,771,0
4586,2860,297,0
4587,3719,78,1
4588,6806,224,1
4589,880,26,0
4590,3782,118,1
4591,6807,47,0
4592,1952,25,0
4593,6297,76,0
4594,6808,220,0
4595,6581,7,0
4596,577,265,1
4597,6810,209,1
4598,6812,163,0
4599,6813,562,0
4600,6814,1207,0
4601,3945,894,0
4602,6199,3,0
4603,6816,79,0
4604,6818,191,1
4605,49,220,1
4606,6820,532,1
4607,6822,78,1
4608,6824,265,1
4609,2389,48,0
4610,6826,126,1
4611,6827,1028,1
4612,840,1423,0
4613,953,1383,0
4614,1527,785,0
4615,6830,3,0
4616,6833,546,1
4617,1440,1205,1
4618,6837,79,0
4619,1877,170,1
4620,6838,47,1
4621,6841,0,0
4622,6842,343,1
4623,6845,374,0
4624,6848,269,1
4625,6849,67,1
4626,3170,777,0
4627,6850,441,1
4628,2481,3,0
4629,6853,3,0
4630,6032,32,1
4631,6854,26,0
4632,326,1427,1
4633,6855,1186,0
4634,6570,77,0
4635,481,147,1
4636,2368,3,0
4637,2287,0,0
4638,6782,101,0
4639,2811,348,0
4640,2376,242,1
4641,6861,1429,0
4642,3509,477,0
4643,6866,70,1
4644,6867,43,1
4645,6868,118,0
4646,6668,442,0
4647,6872,348,0
4648,6866,223,0
4649,1612,25,0
4650,6876,32,0
4651,6877,60,0
4652,6879,344,0
4653,6880,201,0
4654,6881,32,0
4655,2173,77,0
4656,5569,3,0
4657,1732,98,1
4658,6883,546,1
4659,6884,405,1
4660,1978,326,0
4661,6885,521,1
4662,6886,1432,0
4663,6888,9,1
4664,6889,47,1
4665,13,1434,0
4666,6891,98,1
4667,6896,19,1
4668,4619,52,0
4669,1950,315,1
4670,1800,716,1
4671,6898,170,1
4672,6808,208,0
4673,2487,128,0
4674,481,668,1
4675,6901,7,0
4676,6904,749,0
4677,819,226,1
4678,704,242,0
4679,6907,32,0
4680,6908,1436,1
4681,4959,405,0
4682,4676,1437,1
4683,5744,1294,1
4684,6910,357,0
4685,5318,58,1
4686,3103,204,0
4687,783,343,1
4688,4654,527,1
4689,6918,90,0
4690,6919,101,0
4691,472,670,0
4692,2941,77,0
4693,6925,276,1
4694,4753,414,1
4695,5833,3,0
4696,1981,0,0
4697,6926,537,0
4698,6927,237,1
4699,1516,358,0
4700,5606,119,0
4701,5365,25,0
4702,6928,101,0
4703,6929,181,0
4704,778,908,0
4705,6930,3,0
4706,6931,200,0
4707,6932,189,1
4708,4702,62,0
4709,6936,220,1
4710,6938,140,0
4711,6939,431,1
4712,6701,237,0
4713,1387,719,0
4714,6946,52,0
4715,6948,40,1
4716,1186,41,0
4717,705,1413,0
4718,5139,77,0
4719,4097,33,1
4720,1680,67,1
4721,6952,225,1
4722,6773,43,0
4723,6372,77,0
4724,2293,534,1
4725,6047,246,1
4726,6956,973,0
4727,6958,77,1
4728,2105,155,1
4729,6962,412,0
4730,863,1443,0
4731,6965,7,0
4732,2389,419,1
4733,4922,1444,0
4734,4944,41,0
4735,6967,48,0
4736,3148,1446,1
4737,3271,112,0
4738,6968,348,1
4739,339,137,0
4740,6969,38,1
4741,5919,118,0
4742,6480,412,0
4743,944,25,0
4744,5285,327,1
4745,6973,77,0
4746,4007,67,1
4747,5028,615,0
4748,3249,527,1
4749,6974,67,1
4750,6975,204,0
4751,6976,170,1
4752,6977,82,1
4753,6979,369,1
4754,6980,645,0
4755,6982,314,1
4756,1347,38,1
4757,13,844,0
4758,6987,83,1
4759,3272,329,0
4760,1556,1450,0
4761,220,855,0
4762,3861,3,0
4763,6989,67,1
4764,1975,536,0
4765,4490,1322,1
4766,6992,67,1
4767,6994,52,0
4768,6995,74,0
4769,6996,3,0
4770,4343,8,1
4771,6999,47,1
4772,7000,198,0
4773,7002,427,1
4774,7003,1206,1
4775,1396,1112,0
4776,7004,119,0
4777,145,788,1
4778,658,1028,1
4779,4897,220,0
4780,7008,964,1
4781,7009,200,0
4782,2364,283,0
4783,1870,261,0
4784,6207,297,0
4785,7017,125,0
4786,7018,405,0
4787,5812,3,0
4788,835,542,0
4789,6456,35,1
4790,5785,818,0
4791,7021,79,0
4792,7022,67,1
4793,7023,106,0
4794,7025,77,0
4795,782,3,0
4796,7026,326,0
4797,1503,113,0
4798,7027,39,1
4799,3326,1452,0
4800,3247,758,0
4801,7028,40,1
4802,4767,257,1
4803,7029,77,0
4804,7031,196,0
4805,7033,60,0
4806,7034,128,1
4807,7035,547,0
4808,7036,113,1
4809,7039,26,1
4810,418,170,1
4811,2255,418,0
4812,1903,365,1
4813,2619,549,1
4814,7041,357,0
4815,7046,74,0
4816,7047,343,1
4817,7049,56,0
4818,6528,19,1
4819,3742,891,0
4820,6225,1453,0
4821,7054,472,1
4822,6236,29,0
4823,2052,266,0
4824,7057,67,1
4825,7059,77,0
4826,1534,762,0
4827,6891,132,0
4828,6276,77,0
4829,1771,41,0
4830,1695,398,0
4831,4780,653,0
4832,7061,204,0
4833,7062,533,0
4834,7063,247,1
4835,7064,401,1
4836,20,22,0
4837,6115,520,1
4838,7067,67,1
4839,1484,1172,0
4840,49,257,0
4841,3600,189,1
4842,552,770,1
4843,2086,48,0
4844,1871,74,1
4845,7072,242,1
4846,7074,412,0
4847,7075,716,1
4848,7076,592,1
4849,7077,40,1
4850,2632,490,1
4851,7078,862,1
4852,156,33,0
4853,7081,77,0
4854,7082,300,1
4855,7083,56,0
4856,4632,43,1
4857,559,32,0
4858,7084,0,0
4859,1659,1454,1
4860,3540,3,0
4861,5451,86,1
4862,7086,570,1
4863,457,213,0
4864,7087,56,0
4865,1763,25,0
4866,7088,35,1
4867,7089,546,1
4868,7090,460,0
4869,1854,22,1
4870,7092,724,0
4871,2605,592,1
4872,7094,83,1
4873,7096,412,0
4874,7097,67,1
4875,1758,118,0
4876,6501,52,0
4877,49,504,0
4878,1144,78,1
4879,7099,1251,1
4880,7102,125,1
4881,6026,148,1
4882,7106,326,0
4883,7108,344,1
4884,1089,1017,0
4885,7109,824,0
4886,7111,758,0
4887,361,678,0
4888,7112,77,0
4889,1344,1023,0
4890,6663,108,0
4891,7116,39,1
4892,7117,47,1
4893,945,1455,0
4894,4511,1456,0
4895,7118,492,0
4896,329,798,1
4897,2284,200,1
4898,455,88,0
4899,7119,198,0
4900,7121,457,0
4901,3059,447,0
4902,7122,1000,1
4903,3652,140,0
4904,7124,67,1
4905,584,770,1
4906,7125,230,1
4907,1821,286,0
4908,5480,891,0
4909,2447,7,1
4910,6066,1145,0
4911,7131,1063,1
4912,7132,52,0
4913,1805,1458,1
4914,1585,77,0
4915,7135,32,0
4916,267,220,0
4917,1175,204,1
4918,7136,0,0
4919,7039,922,0
4920,253,768,0
4921,7145,620,1
4922,7146,1462,0
4923,6212,211,1
4924,1386,374,0
4925,6941,1133,0
4926,4926,1000,1
4927,7151,24,0
4928,3424,7,0
4929,7152,813,1
4930,6914,86,0
4931,7155,982,1
4932,7156,620,1
4933,1018,234,0
4934,5466,292,0
4935,7159,189,1
4936,7160,3,0
4937,7161,101,0
4938,395,39,1
4939,6921,67,1
4940,7162,198,0
4941,1711,1463,0
4942,335,699,1
4943,7164,359,0
4944,7165,116,1
4945,7166,189,1
4946,863,269,0
4947,931,849,0
4948,2121,1357,0
4949,1380,41,0
4950,1387,25,0
4951,4079,1272,1
4952,7170,7,1
4953,7173,1467,0
4954,7174,7,0
4955,4241,3,0
4956,7175,48,0
4957,4062,1468,0
4958,7177,991,1
4959,2456,35,1
4960,658,1470,0
4961,7180,107,1
4962,7181,52,0
4963,7182,164,1
4964,1082,762,1
4965,7183,32,0
4966,7184,1242,0
4967,7185,364,1
4968,7189,607,1
4969,7190,374,0
4970,7191,7,0
4971,7193,165,1
4972,1655,922,0
4973,7196,67,1
4974,2278,32,0
4975,3945,72,1
4976,2434,1473,0
4977,6025,558,1
4978,7200,607,1
4979,421,460,0
4980,7202,169,1
4981,7203,86,0
4982,7204,343,1
4983,3405,48,0
4984,1217,33,1
4985,6387,86,1
4986,108,3,0
4987,7209,276,1
4988,2246,43,0
4989,7210,785,0
4990,4054,26,0
4991,4395,41,0
4992,7214,115,0
4993,4072,399,0
4994,2059,240,0
4995,4638,1476,0
4996,1957,77,0
4997,7215,67,1
4998,6150,220,0
4999,5766,365,0
5000,220,266,0
5001,7218,67,1
5002,7222,148,1
5003,2627,3,0
5004,2939,149,0
5005,7223,210,1
5006,6112,231,0
5007,5866,86,0
5008,5858,774,0
5009,7224,410,0
5010,7225,32,0
5011,3761,223,0
5012,7229,135,1
5013,6653,24,0
5014,7231,78,1
5015,3247,3,0
5016,7233,406,1
5017,7234,86,0
5018,3381,964,1
5019,1802,89,0
5020,2266,344,1
5021,7237,343,1
5022,2476,21,0
5023,7238,77,0
5024,372,1478,1
5025,2892,101,0
5026,7010,1172,1
5027,7241,242,0
5028,7243,122,0
5029,686,242,0
5030,6012,39,1
5031,7244,446,1
5032,5663,492,0
5033,357,460,0
5034,7247,680,1
5035,7248,77,0
5036,5301,242,0
5037,7252,85,1
5038,7253,1480,0
5039,2946,13,0
5040,7255,1481,0
5041,7256,195,1
5042,7257,546,1
5043,7258,39,1
5044,7260,518,0
5045,1606,300,0
5046,5630,165,1
5047,7263,122,1
5048,7264,3,0
5049,7265,60,0
5050,7266,173,1
5051,7267,107,1
5052,3053,140,0
5053,7269,169,0
5054,7270,645,0
5055,7271,77,0
5056,7273,89,0
5057,7274,0,0
5058,7275,149,1
5059,7276,86,0
5060,7277,319,1
5061,2977,196,0
5062,7278,47,0
5063,7279,133,0
5064,7280,195,1
5065,7282,267,0
5066,7285,3,0
5067,5038,3,0
5068,7289,166,1
5069,7290,813,1
5070,7293,292,0
5071,1962,399,0
5072,7295,626,1
5073,5502,33,0
5074,7297,7,0
5075,7298,405,0
5076,1607,1482,0
5077,1146,897,1
5078,7300,1483,1
5079,1384,716,1
5080,1069,584,0
5081,38,348,0
5082,455,1023,0
5083,4610,441,1
5084,106,615,0
5085,3205,77,0
5086,7303,39,1
5087,7305,112,1
5088,7179,463,0
5089,6074,77,0
5090,5809,891,0
5091,3560,149,0
5092,7309,67,1
5093,1338,242,0
5094,7310,195,0
5095,7311,286,0
5096,7313,343,1
5097,7314,137,0
5098,7316,593,1
5099,5022,0,0
5100,7319,35,1
5101,7321,48,0
5102,1089,237,0
5103,766,1485,1
5104,4931,491,0
5105,577,128,0
5106,3390,161,1
5107,7323,25,0
5108,7325,39,0
5109,3148,399,1
5110,7329,35,0
5111,7330,3,1
5112,102,265,1
5113,4204,1473,0
5114,4673,1114,1
5115,7333,596,1
5116,6275,770,1
5117,7335,343,1
5118,3943,1488,1
5119,7337,170,1
5120,7338,492,1
5121,6150,214,1
5122,7339,116,0
5123,69,1489,1
5124,4610,41,0
5125,7341,88,1
5126,2897,380,0
5127,7342,39,1
5128,267,208,0
5129,1195,1490,0
5130,7346,48,0
5131,7348,3,0
5132,7350,813,1
5133,7351,15,1
5134,2871,204,0
5135,7352,46,1
5136,1415,67,1
5137,4750,7,1
5138,7353,3,0
5139,7354,798,1
5140,7138,128,0
5141,7357,7,0
5142,7358,1491,0
5143,7118,645,0
5144,7361,126,1
5145,7362,7,0
5146,7364,39,1
5147,5929,204,0
5148,481,220,1
5149,7367,38,1
5150,4591,3,0
5151,7368,771,0
5152,7369,86,0
5153,910,41,0
5154,7371,1340,0
5155,6413,173,0
5156,7372,67,1
5157,7373,67,1
5158,7375,407,1
5159,7378,137,0
5160,6,504,1
5161,7380,1493,0
5162,5919,47,1
5163,3885,3,0
5164,7381,67,1
5165,1518,1494,1
5166,7383,204,0
5167,1746,77,0
5168,1686,74,0
5169,7364,35,1
5170,7384,19,1
5171,7385,86,0
5172,7386,648,0
5173,7388,67,1
5174,7305,1496,1
5175,7389,212,0
5176,5534,131,0
5177,2733,118,0
5178,7390,369,1
5179,7392,155,1
5180,7197,67,1
5181,1057,938,1
5182,2581,3,0
5183,3497,48,0
5184,7398,540,1
5185,1146,3,1
5186,7402,269,1
5187,7403,425,0
5188,7404,58,1
5189,2631,315,1
5190,7405,790,1
5191,3484,140,1
5192,7406,3,0
5193,7408,1474,0
5194,7409,157,1
5195,7411,72,1
5196,7413,148,1
5197,7416,446,1
5198,7417,67,1
5199,7419,818,0
5200,3497,0,0
5201,5400,575,0
5202,7422,169,1
5203,7424,41,0
5204,7426,67,1
5205,205,1501,0
5206,7427,121,1
5207,7428,348,1
5208,4266,3,0
5209,6424,991,1
5210,6483,67,1
5211,1472,3,0
5212,7147,32,0
5213,2436,3,0
5214,766,1502,1
5215,3308,14,0
5216,686,147,1
5217,7438,67,1
5218,1883,113,1
5219,2400,1503,0
5220,7440,39,1
5221,7443,365,0
5222,1403,675,1
5223,3475,44,0
5224,4230,26,0
5225,7448,77,0
5226,1104,118,1
5227,7452,67,1
5228,7454,128,0
5229,7455,1506,1
5230,7456,106,1
5231,7458,52,0
5232,7459,82,1
5233,7461,40,1
5234,7375,467,1
5235,7463,214,1
5236,7464,48,0
5237,688,546,1
5238,20,1509,1
5239,7465,546,1
5240,4122,28,1
5241,7467,1091,0
5242,2086,3,0
5243,7469,52,0
5244,1392,0,0
5245,7470,126,1
5246,432,137,0
5247,6630,82,1
5248,857,1510,0
5249,7408,654,1
5250,7472,35,1
5251,5400,60,0
5252,7473,79,0
5253,7474,690,1
5254,472,266,0
5255,2924,682,0
5256,7479,104,1
5257,156,242,1
5258,7480,240,1
5259,7481,77,0
5260,220,25,0
5261,7483,137,0
5262,7484,204,0
5263,7486,1512,1
5264,3568,67,1
5265,2963,3,0
5266,7488,46,1
5267,7489,43,1
5268,1640,344,0
5269,6668,658,0
5270,7491,588,1
5271,7493,77,0
5272,7495,200,0
5273,7496,52,0
5274,2105,9,0
5275,7323,495,1
5276,7501,41,0
5277,2846,78,1
5278,5037,7,0
5279,7505,107,1
5280,7440,7,0
5281,7507,7,1
5282,7509,115,0
5283,7514,210,1
5284,6653,149,0
5285,2518,148,1
5286,7516,52,0
5287,5604,562,0
5288,1375,1312,0
5289,2841,7,1
5290,2191,67,0
5291,7518,52,0
5292,7519,26,0
5293,7521,67,1
5294,7509,189,1
5295,7522,83,1
5296,5173,77,0
5297,7524,115,0
5298,7525,485,0
5299,7526,7,0
5300,7527,135,1
5301,7130,231,0
5302,5416,1060,1
5303,7528,566,1
5304,7530,75,1
5305,7532,412,0
5306,7534,35,1
5307,1303,200,0
5308,2798,182,0
5309,7538,3,0
5310,7539,67,1
5311,6845,24,0
5312,2772,1068,0
5313,1338,74,1
5314,846,3,0
5315,7542,32,0
5316,1671,813,1
5317,7546,77,0
5318,7548,119,0
5319,3471,122,0
5320,7551,77,0
5321,7552,399,0
5322,7553,86,0
5323,7554,209,0
5324,7555,7,0
5325,5953,369,1
5326,7556,609,0
5327,7208,196,0
5328,6521,220,1
5329,7560,425,1
5330,1789,38,1
5331,7562,518,0
5332,7563,40,1
5333,7564,149,0
5334,7565,207,1
5335,472,200,0
5336,4287,29,0
5337,7567,101,0
5338,7569,102,0
5339,1623,93,1
5340,1402,77,0
5341,4045,52,0
5342,1786,24,0
5343,404,267,0
5344,7576,210,1
5345,7577,3,0
5346,63,86,0
5347,7579,267,0
5348,7580,35,0
5349,7581,344,0
5350,2025,1063,1
5351,7583,40,1
5352,5738,83,1
5353,7585,409,1
5354,7586,86,1
5355,3620,39,1
5356,7587,155,0
5357,7588,39,1
5358,2119,297,0
5359,7589,40,1
5360,625,52,0
5361,849,26,1
5362,7591,857,1
5363,44,0,0
5364,1040,612,0
5365,4847,77,0
5366,7359,818,0
5367,7594,140,0
5368,7595,1000,1
5369,3315,3,0
5370,7346,8,1
5371,7597,26,1
5372,2190,443,1
5373,1977,25,0
5374,7598,181,0
5375,5724,83,1
5376,3751,418,0
5377,7603,35,1
5378,4930,157,1
5379,2321,407,0
5380,985,39,1
5381,2592,3,0
5382,6668,587,0
5383,2869,39,1
5384,7608,906,0
5385,7074,40,1
5386,728,242,1
5387,7229,0,0
5388,1565,1172,0
5389,7612,128,0
5390,7613,7,1
5391,6116,32,0
5392,995,52,0
5393,7616,91,1
5394,7618,67,1
5395,7620,770,1
5396,2560,214,0
5397,2246,615,0
5398,4539,39,1
5399,1945,118,0
5400,7625,204,0
5401,7626,1519,1
5402,4949,42,0
5403,7629,0,0
5404,7631,91,0
5405,524,1504,0
5406,4488,147,0
5407,7634,658,0
5408,7638,1520,1
5409,3742,1023,0
5410,7642,345,1
5411,1163,9,1
5412,7648,60,0
5413,1545,41,1
5414,3679,859,1
5415,2770,552,1
5416,7650,35,1
5417,7651,35,1
5418,5586,77,0
5419,7652,119,0
5420,5571,76,0
5421,7656,223,0
5422,7658,42,0
5423,7659,846,1
5424,7660,67,1
5425,6904,521,1
5426,1195,242,0
5427,7661,1522,0
5428,7662,204,0
5429,1549,818,0
5430,7665,26,0
5431,7666,41,0
5432,7667,75,1
5433,6941,77,0
5434,6432,442,0
5435,7668,242,1
5436,2110,844,0
5437,7670,106,1
5438,7465,246,0
5439,7672,67,1
5440,2115,392,0
5441,2799,579,0
5442,7673,91,0
5443,7674,965,1
5444,3314,25,0
5445,4070,25,0
5446,372,451,1
5447,5346,0,0
5448,4944,418,0
5449,7676,8,1
5450,7677,83,1
5451,2017,140,0
5452,7682,32,0
5453,3286,25,0
5454,7683,74,1
5455,7686,137,0
5456,7690,13,1
5457,2144,329,0
5458,1220,1527,0
5459,7691,173,1
5460,7693,3,0
5461,7694,813,1
5462,7696,52,0
5463,2944,771,1
5464,7697,405,0
5465,7698,892,1
5466,5711,351,0
5467,468,117,0
5468,7699,170,1
5469,7700,1095,1
5470,7701,593,1
5471,6013,101,0
5472,7702,160,1
5473,1999,90,0
5474,7704,40,1
5475,481,1002,1
5476,7706,794,0
5477,1456,39,1
5478,7707,48,0
5479,7708,269,1
5480,7710,1408,0
5481,7712,26,1
5482,7713,262,1
5483,7714,86,1
5484,7715,67,1
5485,7716,242,1
5486,6798,3,0
5487,7717,196,0
5488,7719,857,0
5489,7720,3,0
5490,2156,9,1
5491,498,1529,1
5492,7721,595,0
5493,7723,242,1
5494,7725,137,1
5495,69,1531,0
5496,7726,813,1
5497,5893,412,0
5498,3174,1532,0
5499,7606,818,0
5500,5517,86,1
5501,1168,200,1
5502,408,1533,1
5503,7730,67,1
5504,755,223,0
5505,1391,40,1
5506,7527,3,0
5507,7735,550,0
5508,7737,90,0
5509,3878,259,0
5510,4892,7,1
5511,7738,28,1
5512,2052,25,0
5513,10,155,0
5514,105,505,0
5515,7037,329,1
5516,7741,128,0
5517,6356,52,0
5518,7745,269,1
5519,4640,75,1
5520,1022,348,0
5521,7751,626,1
5522,7752,77,0
5523,7753,725,0
5524,2864,353,0
5525,7754,267,0
5526,942,405,0
5527,5098,1536,1
5528,7755,67,1
5529,7756,182,0
5530,7758,1538,0
5531,7759,3,0
5532,2430,297,0
5533,7723,74,0
5534,1226,102,0
5535,7761,93,1
5536,160,777,0
5537,7229,78,1
5538,246,481,1
5539,2246,19,0
5540,1363,40,1
5541,2904,242,1
5542,7764,119,0
5543,5925,7,0
5544,5194,13,0
5545,6031,35,1
5546,2029,227,1
5547,7701,771,0
5548,1296,67,1
5549,7766,21,1
5550,7767,3,0
5551,7768,247,1
5552,7770,758,1
5553,440,254,0
5554,7771,77,0
5555,5223,414,1
5556,7776,237,0
5557,2646,77,0
5558,672,204,0
5559,4634,35,0
5560,3532,115,0
5561,258,0,0
5562,3016,101,0
5563,6514,1540,0
5564,5463,149,1
5565,7783,374,0
5566,7784,67,1
5567,849,25,0
5568,7683,964,1
5569,2732,135,1
5570,7785,579,1
5571,7786,170,1
5572,5740,231,0
5573,3800,408,1
5574,126,0,0
5575,6383,220,1
5576,7799,3,0
5577,3421,527,0
5578,5063,115,1
5579,7801,1541,1
5580,7802,326,1
5581,921,41,0
5582,5330,562,0
5583,7803,242,0
5584,508,1544,0
5585,7807,546,1
5586,3630,48,0
5587,7808,9,1
5588,7809,60,0
5589,6388,223,0
5590,566,67,1
5591,69,886,0
5592,7426,3,0
5593,3792,52,0
5594,6075,48,0
5595,49,35,0
5596,7814,39,1
5597,7817,67,1
5598,3520,231,0
5599,7819,242,0
5600,4676,377,0
5601,7820,200,0
5602,6307,1545,0
5603,7570,74,0
5604,2372,35,1
5605,7822,211,1
5606,7084,259,1
5607,4106,237,1
5608,7827,42,0
5609,7828,77,0
5610,922,72,1
5611,7830,198,0
5612,7831,0,1
5613,2739,824,0
5614,371,223,0
5615,2169,409,1
5616,1456,35,0
5617,7834,224,1
5618,7835,77,0
5619,7836,48,0
5620,7837,42,0
5621,7838,126,1
5622,7839,1547,1
5623,7785,770,1
5624,7840,1548,1
5625,7844,22,0
5626,2004,165,1
5627,4252,148,1
5628,7848,1549,1
5629,6664,325,0
5630,7852,204,0
5631,4927,67,1
5632,1510,39,0
5633,719,1080,1
5634,5006,173,1
5635,1532,1550,0
5636,1650,491,0
5637,7856,242,0
5638,7857,189,1
5639,7858,8,1
5640,7863,33,0
5641,7864,242,1
5642,5279,770,1
5643,1445,86,1
5644,88,22,1
5645,7865,39,1
5646,7867,58,1
5647,7871,126,1
5648,7873,439,0
5649,6908,457,0
5650,7876,353,0
5651,1933,288,1
5652,7877,93,1
5653,1364,117,0
5654,2677,40,1
5655,7879,589,1
5656,7880,47,1
5657,1627,1135,0
5658,237,40,0
5659,3718,214,0
5660,7883,113,1
5661,2332,33,0
5662,7885,122,1
5663,2268,365,0
5664,7844,147,0
5665,4345,330,1
5666,7135,40,1
5667,1331,46,0
5668,7891,72,1
5669,6954,1095,1
5670,7893,91,0
5671,7895,22,0
5672,1578,189,1
5673,7896,26,0
5674,7898,77,0
5675,7900,83,1
5676,7901,90,1
5677,79,675,1
5678,7904,77,0
5679,7905,113,1
5680,1069,48,1
5681,7907,48,0
5682,5285,70,0
5683,3064,0,0
5684,7909,212,1
5685,1408,314,1
5686,7911,520,1
5687,797,3,0
5688,7913,8,1
5689,3733,353,0
5690,7914,3,0
5691,7915,47,1
5692,7916,67,1
5693,2371,433,0
5694,7424,310,1
5695,5064,77,0
5696,7919,262,1
5697,766,537,1
5698,7923,35,1
5699,7924,242,1
5700,3922,220,0
5701,7926,382,1
5702,4950,76,0
5703,7927,809,0
5704,4732,875,0
5705,7928,768,0
5706,7929,52,0
5707,5153,77,0
5708,7932,344,0
5709,6708,3,0
5710,4479,204,0
5711,7255,365,0
5712,7935,90,0
5713,6510,48,0
5714,7936,40,1
5715,1371,166,1
5716,7938,225,1
5717,2444,305,0
5718,2007,242,0
5719,7940,181,0
5720,3109,1211,0
5721,1144,135,1
5722,7942,374,0
5723,1758,692,1
5724,7945,32,0
5725,4453,40,0
5726,6565,476,0
5727,7952,369,1
5728,7953,546,1
5729,3084,1396,0
5730,1450,841,1
5731,7954,429,0
5732,4029,42,0
5733,7956,67,1
5734,7959,3,0
5735,4425,191,0
5736,677,1272,1
5737,1679,7,0
5738,7961,47,1
5739,7962,131,0
5740,7964,0,0
5741,7965,52,0
5742,3685,3,0
5743,325,77,0
5744,7967,7,0
5745,6969,3,0
5746,526,90,0
5747,7969,35,0
5748,7970,170,1
5749,7972,1555,0
5750,3652,52,0
5751,7973,82,1
5752,579,875,0
5753,7975,1063,1
5754,7976,396,0
5755,4201,460,1
5756,6069,35,1
5757,7977,19,1
5758,5956,537,0
5759,7978,77,0
5760,4952,226,0
5761,7980,77,0
5762,7982,35,0
5763,6673,58,1
5764,7983,813,1
5765,7984,32,0
5766,7985,67,1
5767,3553,8,1
5768,5890,534,1
5769,7986,867,1
5770,7989,140,0
5771,7017,326,0
5772,7992,77,0
5773,7993,102,0
5774,7995,485,0
5775,1578,1558,0
5776,7997,32,0
5777,7999,1559,1
5778,9,3,0
5779,8000,214,0
5780,2580,288,0
5781,5272,77,0
5782,8004,424,1
5783,1515,1560,0
5784,4886,566,1
5785,5653,357,1
5786,8010,48,0
5787,2110,32,0
5788,1448,3,0
5789,579,961,0
5790,368,1561,0
5791,4610,992,0
5792,8014,537,0
5793,8016,7,0
5794,182,324,0
5795,5860,93,1
5796,5768,35,1
5797,8018,35,1
5798,8020,864,1
5799,8021,1417,0
5800,7464,77,0
5801,4070,121,0
5802,4795,140,1
5803,7699,102,0
5804,8023,272,1
5805,8025,1562,0
5806,8026,119,0
5807,8028,269,1
5808,6147,1563,1
5809,1331,349,0
5810,8029,67,1
5811,7678,1293,1
5812,2580,592,0
5813,126,41,0
5814,2400,588,0
5815,8036,170,1
5816,145,122,0
5817,8038,406,1
5818,8040,155,0
5819,1331,52,0
5820,8042,126,1
5821,8043,77,0
5822,8045,290,0
5823,8046,583,0
5824,1344,41,0
5825,8047,242,1
5826,622,424,1
5827,6378,1565,1
5828,847,991,0
5829,2733,32,0
5830,8049,1050,1
5831,5136,38,1
5832,6220,60,0
5833,8050,412,0
5834,3264,701,0
5835,8051,32,0
5836,1508,39,1
5837,3084,155,0
5838,8054,425,0
5839,3654,52,0
5840,8057,861,1
5841,2661,169,0
5842,8058,214,0
5843,1314,1566,0
5844,7315,3,0
5845,158,86,0
5846,8060,91,1
5847,5112,67,0
5848,5857,0,0
5849,8063,148,1
5850,8067,170,1
5851,8068,42,0
5852,7298,460,0
5853,4910,1568,0
5854,8069,165,1
5855,8070,749,0
5856,8071,7,0
5857,8073,102,0
5858,8074,1569,0
5859,5411,412,0
5860,8075,1471,1
5861,113,645,0
5862,8082,615,0
5863,863,365,0
5864,2215,431,1
5865,8086,40,1
5866,5358,40,0
5867,8088,148,1
5868,8089,7,0
5869,7976,1272,0
5870,3652,223,0
5871,8090,518,0
5872,8091,163,0
5873,2110,227,0
5874,5153,169,1
5875,8093,93,1
5876,1116,40,1
5877,5238,0,0
5878,5697,0,0
5879,8094,40,1
5880,8095,77,0
5881,8097,149,0
5882,8098,0,0
5883,8100,96,0
5884,8102,157,1
5885,3884,77,0
5886,8103,3,0
5887,649,60,0
5888,1922,1345,0
5889,2460,38,1
5890,4196,52,0
5891,7237,396,0
5892,3669,844,0
5893,7498,67,1
5894,8113,782,0
5895,8117,125,1
5896,2993,126,1
5897,1690,1573,1
5898,8120,391,1
5899,8121,128,0
5900,8122,105,1
5901,1794,19,1
5902,8124,680,1
5903,4995,341,1
5904,7481,60,0
5905,8125,86,1
5906,8127,3,0
5907,5547,67,1
5908,1676,1086,1
5909,8128,19,0
5910,1946,60,0
5911,2198,48,0
5912,69,32,1
5913,6214,128,0
5914,8133,3,0
5915,8134,210,1
5916,268,1011,1
5917,7570,447,0
5918,2991,85,1
5919,8137,39,1
5920,8138,189,1
5921,49,476,0
5922,8140,439,0
5923,8141,269,0
5924,8143,374,0
5925,8144,405,0
5926,8145,126,1
5927,1854,447,1
5928,8148,365,0
5929,8149,160,0
5930,8151,254,0
5931,8152,77,0
5932,1120,77,0
5933,4885,446,1
5934,8156,125,1
5935,8158,160,1
5936,7659,3,0
5937,5808,223,0
5938,8159,67,1
5939,3529,3,0
5940,8161,67,1
5941,3152,300,1
5942,8162,1122,1
5943,623,22,1
5944,8164,196,0
5945,8166,212,1
5946,4148,7,0
5947,278,3,0
5948,7233,1577,0
5949,5366,521,1
5950,6659,1578,0
5951,8167,7,0
5952,8168,82,1
5953,6312,609,0
5954,4817,77,0
5955,650,1580,0
5956,7329,7,0
5957,2882,3,0
5958,1310,230,1
5959,8173,214,0
5960,8174,48,0
5961,8176,126,1
5962,3657,212,0
5963,84,344,0
5964,8177,460,0
5965,2176,944,0
5966,2475,1583,1
5967,8184,126,1
5968,8100,654,0
5969,8185,67,1
5970,8188,699,1
5971,919,668,1
5972,4156,52,0
5973,8189,148,1
5974,4489,67,1
5975,2264,25,0
5976,8191,1001,0
5977,4544,997,0
5978,2208,365,0
5979,8195,520,1
5980,8196,52,0
5981,8198,1299,0
5982,6151,374,0
5983,1331,588,0
5984,7104,19,0
5985,2998,486,0
5986,4895,41,0
5987,8200,52,0
5988,3118,48,0
5989,2016,640,0
5990,8203,149,1
5991,1539,13,0
5992,1032,809,0
5993,8205,0,0
5994,6194,0,0
5995,1197,1586,1
5996,8208,101,0
5997,8209,32,0
5998,8211,149,1
5999,6067,1588,0
6000,8213,86,1
6001,5240,35,1
6002,8216,93,1
6003,178,3,0
6004,615,1589,0
6005,8221,460,0
6006,8226,149,0
6007,3541,125,1
6008,6750,56,0
6009,8231,79,1
6010,6018,67,1
6011,1017,3,0
6012,8234,491,1
6013,6766,1114,1
6014,8235,189,1
6015,6361,1591,0
6016,2150,58,1
6017,1257,242,0
6018,1336,77,0
6019,653,803,0
6020,6194,615,0
6021,8238,86,0
6022,8239,217,1
6023,5526,617,0
6024,8240,128,0
6025,4561,67,1
6026,8241,52,0
6027,1047,77,0
6028,8242,326,1
6029,8243,588,1
6030,8246,204,0
6031,8248,3,0
6032,6350,692,1
6033,6323,634,0
6034,8249,86,1
6035,8250,0,0
6036,8251,0,0
6037,8252,1080,1
6038,2218,439,0
6039,8253,32,0
6040,8255,788,1
6041,1396,1592,0
6042,7720,612,0
6043,211,7,0
6044,8258,242,1
6045,8259,425,1
6046,3617,1453,1
6047,8260,271,1
6048,8261,3,0
6049,8262,1515,1
6050,8263,0,0
6051,2426,431,1
6052,8269,1594,0
6053,2284,242,1
6054,8271,93,1
6055,5903,172,0
6056,8274,60,0
6057,8275,739,1
6058,8276,8,1
6059,7282,349,0
6060,69,6,0
6061,8282,13,0
6062,743,458,0
6063,8283,237,1
6064,3457,179,1
6065,8289,343,0
6066,8290,344,0
6067,8291,189,1
6068,8292,47,1
6069,4980,48,1
6070,7351,32,0
6071,8293,445,1
6072,5806,0,0
6073,8295,52,0
6074,7641,149,0
6075,1128,41,0
6076,1994,225,1
6077,5039,668,1
6078,5275,1598,0
6079,8298,3,0
6080,8300,0,0
6081,4708,634,0
6082,8301,40,1
6083,8303,189,1
6084,3990,33,0
6085,5023,445,1
6086,8306,32,0
6087,8308,149,0
6088,658,1494,0
6089,8310,214,1
6090,8311,67,1
6091,1029,859,1
6092,1484,1564,0
6093,678,329,0
6094,8315,1133,0
6095,8316,262,1
6096,8317,284,1
6097,8318,67,1
6098,8319,67,1
6099,8320,343,1
6100,1800,425,1
6101,7904,961,0
6102,8324,1023,0
6103,8328,3,0
6104,8330,126,1
6105,3093,687,1
6106,5815,52,0
6107,8335,210,1
6108,3665,932,1
6109,324,48,0
6110,8337,125,1
6111,4242,41,0
6112,4755,459,0
6113,8338,653,1
6114,8339,588,1
6115,8340,3,0
6116,2882,0,0
6117,820,77,1
6118,8342,42,0
6119,8344,77,0
6120,8346,67,1
6121,8090,267,0
6122,8347,1126,1
6123,7523,67,1
6124,48,1607,0
6125,8352,83,1
6126,8355,170,1
6127,4778,547,0
6128,8356,135,1
6129,8357,32,0
6130,4750,58,1
6131,8358,40,1
6132,4685,157,0
6133,2280,223,0
6134,2481,201,1
6135,5843,35,0
6136,5573,155,0
6137,3626,41,0
6138,8361,163,0
6139,1329,60,0
6140,455,891,0
6141,8364,77,0
6142,2924,22,0
6143,8226,353,0
6144,5689,170,1
6145,4977,220,1
6146,621,3,0
6147,8365,42,0
6148,1570,39,0
6149,8366,26,1
6150,8367,7,0
6151,8368,67,1
6152,8369,48,0
6153,6364,204,0
6154,8370,39,0
6155,8371,0,0
6156,8372,409,1
6157,8373,128,0
6158,8374,40,1
6159,2771,77,0
6160,8379,310,0
6161,53,1610,0
6162,7440,35,0
6163,8380,102,0
6164,4888,60,0
6165,8383,3,0
6166,938,19,1
6167,7913,116,0
6168,288,1158,0
6169,1406,856,1
6170,1845,266,0
6171,1562,0,0
6172,3531,189,1
6173,8386,1311,1
6174,38,286,0
6175,960,234,0
6176,4977,128,1
6177,8391,626,1
6178,8393,155,1
6179,8394,343,1
6180,8395,89,0
6181,1490,3,0
6182,5077,148,1
6183,8396,269,1
6184,7547,84,1
6185,8398,35,1
6186,3365,1246,1
6187,8399,87,0
6188,8400,148,1
6189,5080,210,1
6190,8403,40,0
6191,7999,1613,0
6192,8404,412,0
6193,3407,52,0
6194,8408,805,1
6195,7371,294,1
6196,49,1026,1
6197,3451,547,0
6198,2858,67,1
6199,8409,283,1
6200,4238,41,0
6201,8410,67,1
6202,8411,408,1
6203,6103,891,0
6204,8413,79,0
6205,5367,1614,0
6206,8416,82,1
6207,6751,25,0
6208,8419,35,1
6209,8422,401,1
6210,643,1272,1
6211,8427,67,1
6212,387,1615,0
6213,8107,128,0
6214,7745,169,0
6215,8429,204,0
6216,6073,695,1
6217,8431,148,1
6218,8432,262,1
6219,8433,3,0
6220,3751,8,1
6221,5101,1616,1
6222,8434,224,1
6223,2215,119,0
6224,156,22,1
6225,8435,126,1
6226,789,1207,0
6227,4137,1060,1
6228,8436,149,0
6229,5909,330,0
6230,1900,1617,1
6231,8437,86,1
6232,8438,220,0
6233,8442,495,0
6234,5809,0,0
6235,5161,77,0
6236,8445,207,0
6237,7837,126,1
6238,8446,122,1
6239,8447,292,0
6240,228,457,0
6241,8449,77,0
6242,1582,77,0
6243,659,1618,1
6244,2364,208,0
6245,8450,128,0
6246,8451,937,1
6247,8452,198,0
6248,8455,67,1
6249,8457,446,0
6250,4665,3,0
6251,8459,35,1
6252,4939,56,0
6253,8460,77,0
6254,8461,83,1
6255,205,399,0
6256,5481,119,1
6257,8463,77,0
6258,8465,857,1
6259,8466,269,1
6260,475,1620,0
6261,8470,86,0
6262,1230,405,0
6263,268,67,0
6264,8472,3,0
6265,6137,46,1
6266,8473,77,0
6267,8475,118,1
6268,8375,212,1
6269,8476,148,1
6270,4585,442,0
6271,8478,39,1
6272,7526,35,1
6273,7726,634,0
6274,8479,9,1
6275,8483,40,0
6276,8484,91,1
6277,3247,77,0
6278,6930,520,1
6279,8485,128,0
6280,3365,7,1
6281,5641,458,1
6282,6095,22,1
6283,2592,0,0
6284,1482,52,0
6285,8491,3,0
6286,8492,47,1
6287,7036,407,0
6288,1396,1034,0
6289,8496,137,0
6290,8497,67,1
6291,8498,1622,0
6292,6201,40,1
6293,8499,542,0
6294,7102,326,0
6295,8500,90,1
6296,8502,214,1
6297,120,267,0
6298,1472,78,1
6299,8504,343,0
6300,8505,220,1
6301,6942,67,1
6302,8506,58,1
6303,2053,584,0
6304,3406,48,1
6305,8508,19,1
6306,1857,668,1
6307,7606,0,0
6308,58,204,0
6309,8509,119,0
6310,8510,56,0
6311,8511,60,0
6312,8512,485,0
6313,1910,39,1
6314,5782,86,0
6315,5333,1044,0
6316,8517,210,1
6317,205,1623,0
6318,5358,1247,0
6319,8518,349,1
6320,205,845,0
6321,8519,39,0
6322,8520,254,0
6323,8522,3,0
6324,8523,91,0
6325,8215,1317,0
6326,8524,210,1
6327,5840,149,0
6328,8527,38,1
6329,8076,1624,1
6330,3361,24,0
6331,8531,446,0
6332,6663,76,0
6333,8533,673,0
6334,7066,716,1
6335,8536,682,1
6336,1117,0,0
6337,4052,644,1
6338,2110,1625,0
6339,6967,424,1
6340,7349,200,1
6341,418,102,0
6342,5771,412,0
6343,8539,329,1
6344,8541,1626,0
6345,6954,41,0
6346,2836,932,1
6347,8542,1095,1
6348,8543,1063,1
6349,7349,3,0
6350,1314,1627,0
6351,2261,77,0
6352,8545,188,0
6353,5018,926,0
6354,1562,344,0
6355,8547,52,0
6356,8090,93,1
6357,7491,101,0
6358,1734,1630,0
6359,3340,40,1
6360,3878,208,0
6361,5199,223,0
6362,3421,771,1
6363,8552,276,0
6364,8553,1555,0
6365,8554,214,0
6366,703,220,0
6367,4962,25,0
6368,3835,445,1
6369,8555,19,0
6370,8558,424,1
6371,8559,91,1
6372,8561,204,0
6373,435,39,1
6374,6687,269,1
6375,2364,405,0
6376,742,1543,0
6377,2627,818,0
6378,4557,3,0
6379,863,1630,0
6380,8569,542,1
6381,32,459,0
6382,199,52,0
6383,8572,40,1
6384,8573,214,0
6385,6380,67,1
6386,1915,3,0
6387,188,60,0
6388,8576,19,1
6389,8577,74,0
6390,8581,908,0
6391,8583,39,1
6392,4533,547,0
6393,6266,958,1
6394,5513,67,1
6395,5427,60,0
6396,2110,220,0
6397,8589,374,0
6398,8590,125,1
6399,8591,77,0
6400,8592,369,1
6401,1303,1566,0
6402,6213,654,0
6403,125,1635,1
6404,8595,67,1
6405,8074,666,1
6406,7235,204,0
6407,5966,147,1
6408,7608,77,0
6409,6438,32,0
6410,935,846,1
6411,8599,87,1
6412,5900,242,0
6413,8602,77,0
6414,8605,485,0
6415,8608,588,1
6416,4121,369,1
6417,1018,314,1
6418,8611,1637,0
6419,8613,460,0
6420,7481,910,0
6421,6888,155,0
6422,8614,214,1
6423,5641,1513,0
6424,5956,0,0
6425,8618,9,1
6426,3531,3,0
6427,6259,269,1
6428,8620,42,0
6429,8622,121,1
6430,1527,149,0
6431,8626,464,0
6432,8627,126,1
6433,6783,3,0
6434,8630,83,1
6435,903,1579,1
6436,5418,1280,0
6437,1865,52,0
6438,3277,25,0
6439,4962,1060,1
6440,6498,0,0
6441,8639,736,1
6442,4180,292,0
6443,8643,107,1
6444,8644,126,1
6445,5689,148,1
6446,3963,1172,0
6447,5330,201,0
6448,8649,343,1
6449,2253,246,0
6450,4097,1584,1
6451,5332,210,0
6452,8076,762,0
6453,8651,7,1
6454,8654,196,0
6455,8655,891,0
6456,6321,829,1
6457,5639,261,0
6458,8657,35,0
6459,8659,40,1
6460,8664,1641,1
6461,49,579,0
6462,5745,131,0
6463,8665,831,1
6464,8666,132,0
6465,1029,641,0
6466,387,1643,0
6467,8672,126,1
6468,1094,555,0
6469,8504,654,1
6470,8675,67,1
6471,2394,1021,1
6472,8678,220,0
6473,6668,809,0
6474,8679,343,1
6475,8680,741,1
6476,8681,67,1
6477,8373,89,1
6478,8683,42,0
6479,8684,654,1
6480,6287,319,1
6481,7111,161,1
6482,3170,405,0
6483,8239,77,0
6484,8687,224,1
6485,2014,641,0
6486,4097,936,1
6487,8688,369,1
6488,297,52,0
6489,863,1644,0
6490,8689,41,0
6491,8691,923,1
6492,5179,418,0
6493,8692,90,0
6494,5044,41,0
6495,5671,91,0
6496,8694,220,1
6497,8695,163,1
6498,2989,1646,1
6499,8697,817,0
6500,1979,1010,0
6501,8700,7,0
6502,6315,196,0
6503,8702,964,1
6504,1191,77,0
6505,8703,1647,1
6506,8706,47,1
6507,5045,160,0
6508,3375,91,0
6509,1029,25,0
6510,327,1237,0
6511,8707,1145,0
6512,7146,458,1
6513,8708,8,1
6514,7940,392,0
6515,49,770,0
6516,49,22,0
6517,5142,0,0
6518,686,7,0
6519,8712,7,1
6520,7091,242,0
6521,2092,67,1
6522,8715,238,0
6523,8716,126,1
6524,7919,137,0
6525,8718,204,0
6526,659,1136,1
6527,1146,341,1
6528,5558,425,1
6529,8721,201,0
6530,3541,25,0
6531,5316,1079,0
6532,6743,891,0
6533,6551,196,0
6534,8729,140,0
6535,5909,1079,0
6536,3366,386,0
6537,3342,189,1
6538,3037,126,1
6539,8735,60,0
6540,8608,160,0
6541,8740,86,0
6542,8741,83,1
6543,13,1649,1
6544,8742,509,1
6545,3498,149,1
6546,1827,40,1
6547,3652,209,0
6548,8744,542,0
6549,880,762,0
6550,8746,1650,0
6551,8747,276,1
6552,8748,276,0
6553,6705,242,0
6554,8749,762,0
6555,5188,1651,0
6556,6217,173,1
6557,8457,283,0
6558,14,445,1
6559,8583,35,1
6560,8752,86,0
6561,8753,84,1
6562,800,254,0
6563,1574,1001,0
6564,8756,495,0
6565,8758,24,0
6566,4429,32,0
6567,2765,3,0
6568,8760,223,0
6569,8761,944,1
6570,5534,165,1
6571,5065,80,1
6572,8517,1637,0
6573,8763,210,1
6574,8765,35,1
6575,6839,38,0
6576,880,220,0
6577,617,343,1
6578,5796,52,0
6579,2922,148,1
6580,8766,39,1
6581,2905,67,1
6582,7156,357,0
6583,1963,126,1
6584,5534,189,1
6585,3260,200,0
6586,8770,128,0
6587,8771,1654,0
6588,6449,230,1
6589,2488,457,0
6590,352,26,1
6591,7651,7,0
6592,8776,242,1
6593,8779,3,0
6594,8780,60,0
6595,8781,52,0
6596,8782,369,1
6597,2202,275,0
6598,8783,35,1
6599,7565,42,0
6600,8785,533,0
6601,8787,137,0
6602,8789,224,1
6603,7538,189,1
6604,6576,254,0
6605,8791,41,0
6606,7904,879,1
6607,8792,67,1
6608,1146,41,1
6609,8189,170,1
6610,2611,7,1
6611,7597,67,0
6612,658,910,0
6613,8798,310,1
6614,8799,67,1
6615,8800,348,0
6616,8801,7,0
6617,8802,7,0
6618,5124,77,0
6619,8803,412,0
6620,8804,108,1
6621,942,365,0
6622,8435,42,0
6623,8809,269,1
6624,79,326,1
6625,8810,67,1
6626,4548,437,0
6627,7961,77,0
6628,8813,52,0
6629,8814,3,0
6630,8815,1657,0
6631,8816,549,1
6632,8818,269,1
6633,349,112,0
6634,7836,41,0
6635,8820,33,1
6636,475,1658,0
6637,8821,242,0
6638,8822,268,1
6639,781,242,0
6640,5242,42,0
6641,8823,77,0
6642,8824,77,0
6643,8825,39,1
6644,3433,25,0
6645,2675,77,0
6646,8826,163,1
6647,8829,204,1
6648,1658,796,1
6649,4422,155,0
6650,8830,1000,1
6651,8832,326,1
6652,8833,7,0
6653,4537,163,0
6654,8834,189,1
6655,2763,19,0
6656,3509,809,0
6657,8836,196,0
6658,357,58,1
6659,8837,52,0
6660,3148,910,0
6661,3380,39,1
6662,8841,200,0
6663,3761,25,0
6664,8543,91,0
6665,8843,67,1
6666,8844,653,1
6667,8774,3,0
6668,2802,679,0
6669,8849,67,1
6670,6456,39,0
6671,4357,60,0
6672,6148,102,0
6673,8851,232,1
6674,224,343,1
6675,8854,52,0
6676,8855,343,1
6677,8857,891,1
6678,8858,1662,0
6679,8862,471,1
6680,428,52,0
6681,8864,35,1
6682,2193,39,1
6683,835,85,1
6684,8866,813,1
6685,3583,3,0
6686,2415,25,0
6687,4065,189,1
6688,8308,374,0
6689,441,207,0
6690,1480,910,0
6691,2678,91,1
6692,8874,60,0
6693,8875,26,1
6694,8877,262,1
6695,5801,148,1
6696,1022,286,0
6697,7266,149,0
6698,8878,204,0
6699,4622,351,0
6700,8879,35,1
6701,6630,0,0
6702,5628,101,0
6703,8881,932,1
6704,8505,242,1
6705,8882,133,0
6706,5835,330,1
6707,286,0,0
6708,659,300,1
6709,1240,77,0
6710,8885,265,0
6711,2233,117,0
6712,8886,128,0
6713,8887,48,0
6714,8888,1113,0
6715,8889,1023,0
6716,8890,686,1
6717,8891,1667,1
6718,8895,198,0
6719,8900,153,1
6720,8902,67,1
6721,8903,48,0
6722,8703,155,1
6723,8904,813,1
6724,8905,1668,1
6725,2082,407,0
6726,3229,269,1
6727,3003,52,0
6728,6569,204,0
6729,3750,1669,1
6730,3254,102,0
6731,6361,22,1
6732,1481,160,1
6733,6546,262,1
6734,2121,1334,1
6735,2741,140,0
6736,4799,32,0
6737,8912,1602,1
6738,8915,52,0
6739,8917,8,1
6740,8919,220,1
6741,8195,48,0
6742,5307,86,0
6743,5926,460,0
6744,8924,38,1
6745,3655,101,0
6746,8083,240,1
6747,8930,35,1
6748,8931,736,1
6749,8933,1312,0
6750,8934,46,1
6751,4652,368,0
6752,1886,370,1
6753,8937,42,0
6754,4004,518,0
6755,8938,42,0
6756,4968,234,0
6757,8939,1650,0
6758,8940,1306,0
6759,5401,3,0
6760,2300,405,1
6761,658,1248,0
6762,6261,1638,1
6763,455,441,0
6764,8942,39,1
6765,8943,79,0
6766,8944,42,0
6767,3560,24,0
6768,8945,47,1
6769,6306,549,1
6770,2002,77,0
6771,1181,74,1
6772,7497,77,0
6773,8950,210,1
6774,1607,570,1
6775,8951,198,0
6776,7844,74,1
6777,8952,47,1
6778,5393,418,0
6779,2076,128,0
6780,8954,0,0
6781,2620,204,0
6782,7008,223,0
6783,8955,298,0
6784,8957,546,1
6785,415,39,1
6786,8959,83,1
6787,210,259,0
6788,5218,3,0
6789,735,35,1
6790,8962,7,0
6791,8966,32,0
6792,4422,9,1
6793,8969,86,0
6794,8970,3,0
6795,8971,242,0
6796,1049,1416,0
6797,8976,38,1
6798,8978,0,0
6799,8980,102,0
6800,8982,91,0
6801,7693,82,1
6802,2740,267,0
6803,355,314,1
6804,2455,149,0
6805,8984,149,0
6806,7628,230,1
6807,1197,1674,1
6808,7556,815,1
6809,1859,959,1
6810,3717,272,1
6811,1142,67,1
6812,8985,232,1
6813,1357,119,0
6814,7248,7,1
6815,8987,86,1
6816,2445,616,0
6817,7204,1114,1
6818,3044,1014,0
6819,8990,208,0
6820,8991,67,1
6821,8605,83,1
6822,6253,52,0
6823,8992,374,0
6824,8993,1051,1
6825,8721,405,0
6826,8994,1030,1
6827,161,3,0
6828,5654,246,0
6829,8995,149,0
6830,2052,63,0
6831,8996,220,1
6832,8997,595,0
6833,8683,247,1
6834,1871,265,1
6835,8255,13,0
6836,9003,1679,1
6837,5203,207,1
6838,6848,41,0
6839,3561,43,1
6840,2610,738,1
6841,9004,3,0
6842,2523,461,1
6843,9007,208,1
6844,4204,160,1
6845,857,25,0
6846,4452,1298,1
6847,9014,83,1
6848,9015,58,0
6849,9016,686,1
6850,9017,280,0
6851,56,0,0
6852,5146,1134,0
6853,9020,39,1
6854,1601,1558,0
6855,268,1166,0
6856,8293,13,0
6857,9022,485,0
6858,9026,7,0
6859,9027,269,0
6860,4821,52,0
6861,5021,230,1
6862,106,3,0
6863,3430,1407,0
6864,7245,329,0
6865,4596,35,1
6866,9030,330,0
6867,9031,102,0
6868,9033,77,0
6869,9034,348,0
6870,9035,753,0
6871,9036,19,1
6872,5716,46,1
6873,9038,204,1
6874,863,859,0
6875,3335,77,0
6876,6117,48,0
6877,9039,77,0
6878,9040,67,1
6879,6625,128,0
6880,9041,19,0
6881,2558,223,0
6882,9043,140,0
6883,9046,542,0
6884,9048,412,0
6885,5651,607,1
6886,728,1504,0
6887,9054,1267,1
6888,6699,75,1
6889,108,48,0
6890,9058,445,1
6891,1965,3,0
6892,1903,467,1
6893,1886,668,1
6894,9064,137,0
6895,403,204,0
6896,3365,0,0
6897,4953,1317,0
6898,8651,58,1
6899,9066,48,0
6900,9068,615,0
6901,9069,374,0
6902,4383,77,0
6903,9071,0,0
6904,2485,546,1
6905,9072,77,0
6906,9073,101,0
6907,9074,67,1
6908,79,3,0
6909,2815,35,1
6910,3943,1684,0
6911,5544,768,0
6912,3143,477,0
6913,1175,223,0
6914,6035,8,1
6915,1057,682,1
6916,2415,731,1
6917,7376,3,0
6918,377,358,0
6919,9078,343,1
6920,7541,1211,0
6921,9080,52,0
6922,228,101,0
6923,9081,77,0
6924,9083,460,0
6925,6818,718,1
6926,3170,428,0
6927,9085,1493,0
6928,1867,40,0
6929,5362,1504,0
6930,6450,3,0
6931,8514,246,0
6932,6535,1056,1
6933,2945,1196,1
6934,559,412,0
6935,8576,90,1
6936,7703,457,0
6937,5506,1186,0
6938,9089,148,1
6939,3144,60,0
6940,1089,341,0
6941,6066,1267,1
6942,9091,408,0
6943,5997,463,0
6944,8238,91,0
6945,9092,1369,1
6946,9093,149,1
6947,1545,48,1
6948,2364,1685,0
6949,9096,83,1
6950,7908,149,0
6951,9097,42,0
6952,7073,52,0
6953,3919,188,0
6954,9101,762,0
6955,481,926,1
6956,1210,7,0
6957,9103,101,0
6958,7967,35,1
6959,9105,409,1
6960,9106,286,1
6961,6057,1079,0
6962,4072,128,0
6963,8666,26,1
6964,9109,283,0
6965,9110,1687,1
6966,9111,857,1
6967,9112,431,1
6968,1556,25,0
6969,7180,261,0
6970,9113,39,1
6971,2585,0,0
6972,9114,3,0
6973,2782,83,1
6974,97,25,0
6975,9117,377,0
6976,904,48,0
6977,8163,546,1
6978,5180,405,0
6979,4915,41,0
6980,2972,82,1
6981,9120,269,1
6982,7481,348,1
6983,2311,223,0
6984,9122,324,1
6985,9123,40,1
6986,9125,374,0
6987,9126,104,1
6988,6940,430,0
6989,4209,595,0
6990,8174,0,0
6991,2508,40,1
6992,2359,39,1
6993,3658,7,0
6994,9131,3,0
6995,241,21,0
6996,3945,844,0
6997,813,1045,1
6998,7587,364,1
6999,2052,223,0
7000,3765,42,0
7001,1490,883,1
7002,3220,699,1
7003,3118,41,0
7004,723,518,0
7005,9136,170,1
7006,9137,86,0
7007,8282,445,1
7008,7760,91,0
7009,6872,442,0
7010,9139,160,1
7011,2138,242,0
7012,8296,813,1
7013,9141,8,1
7014,9143,25,0
7015,9145,67,1
7016,368,258,1
7017,615,223,0
7018,97,886,1
7019,5956,803,1
7020,9151,596,1
7021,9153,798,1
7022,94,427,1
7023,9155,170,1
7024,9156,101,0
7025,9159,680,1
7026,4688,60,1
7027,9163,504,1
7028,9165,687,1
7029,9166,225,1
7030,9167,269,1
7031,1975,467,1
7032,8498,1691,1
7033,2083,75,0
7034,545,1276,0
7035,7159,77,0
7036,9171,128,0
7037,9172,7,0
7038,5362,25,0
7039,6739,526,0
7040,1399,204,0
7041,9173,3,0
7042,8021,429,0
7043,49,1371,0
7044,9175,687,1
7045,9176,811,1
7046,2558,1226,0
7047,9179,189,1
7048,6125,41,0
7049,50,35,1
7050,4722,77,0
7051,9181,40,1
7052,4731,365,1
7053,2763,181,0
7054,3954,90,0
7055,7969,7,1
7056,9184,1694,0
7057,6639,148,0
7058,6096,122,0
7059,327,106,1
7060,6767,77,0
7061,4547,1696,0
7062,5753,412,0
7063,351,770,0
7064,9189,212,0
7065,5645,62,0
7066,8409,670,1
7067,1887,1023,0
7068,3614,3,0
7069,2738,492,0
7070,2728,552,1
7071,9192,926,0
7072,3773,443,1
7073,9193,562,0
7074,9194,67,1
7075,9195,42,0
7076,3103,463,0
7077,9196,0,0
7078,3800,48,0
7079,9197,1684,0
7080,5785,60,0
7081,1025,3,0
7082,9199,77,0
7083,9200,39,1
7084,409,353,0
7085,9204,224,1
7086,4421,343,1
7087,9205,148,1
7088,9206,343,1
7089,9207,694,0
7090,863,1699,0
7091,8679,56,0
7092,4465,259,1
7093,7496,204,0
7094,280,77,0
7095,4934,463,0
7096,6796,116,1
7097,9210,1700,1
7098,4777,230,1
7099,1000,0,0
7100,8093,254,0
7101,9211,351,1
7102,9214,0,0
7103,9215,155,1
7104,9217,98,1
7105,53,1241,1
7106,5660,78,1
7107,9218,654,0
7108,9219,411,1
7109,9220,267,0
7110,9221,521,1
7111,9222,163,1
7112,7632,1483,1
7113,9224,414,0
7114,6066,1183,1
7115,8761,374,0
7116,7959,60,0
7117,9225,3,0
7118,823,113,1
7119,3938,157,1
7120,8625,344,0
7121,3552,409,1
7122,1819,137,0
7123,9227,1099,1
7124,8774,67,1
7125,9231,310,1
7126,9232,104,1
7127,9233,447,1
7128,6068,196,0
7129,9236,182,0
7130,5840,429,0
7131,8946,391,0
7132,3522,41,0
7133,182,1504,0
7134,2997,91,0
7135,1975,663,0
7136,3299,67,1
7137,9189,200,0
7138,6162,3,0
7139,6088,47,1
7140,9239,42,0
7141,305,964,0
7142,9241,224,1
7143,2508,32,0
7144,7082,694,0
7145,1481,457,0
7146,9243,588,1
7147,9244,504,1
7148,9245,98,1
7149,6237,102,0
7150,9246,128,1
7151,3148,74,1
7152,8622,87,0
7153,9247,77,0
7154,9249,32,0
7155,9250,211,0
7156,9251,39,0
7157,9252,3,0
7158,481,447,1
7159,9253,562,0
7160,9254,200,0
7161,9256,364,1
7162,9259,42,0
7163,3708,209,1
7164,766,1476,1
7165,6549,3,0
7166,9265,521,1
7167,9266,428,1
7168,9267,69,0
7169,9269,56,0
7170,9270,84,1
7171,9271,126,1
7172,4873,122,1
7173,846,48,0
7174,8592,198,0
7175,9273,139,1
7176,3856,93,1
7177,9274,93,1
7178,4920,488,0
7179,9275,148,1
7180,6096,13,0
7181,9276,32,0
7182,9277,128,0
7183,9278,653,1
7184,9279,122,1
7185,9280,1709,1
7186,3111,204,0
7187,9284,77,0
7188,4621,200,0
7189,9286,1710,0
7190,1197,1711,1
7191,9288,119,0
7192,3308,480,0
7193,9290,265,0
7194,9292,859,1
7195,9293,56,0
7196,5179,48,0
7197,9294,163,1
7198,6220,196,0
7199,9064,224,1
7200,8989,601,0
7201,9297,196,0
7202,9298,67,1
7203,6492,3,0
7204,4717,54,1
7205,9300,1191,1
7206,9302,300,1
7207,9304,86,1
7208,9305,7,1
7209,1589,941,1
7210,9306,536,0
7211,2021,196,0
7212,9308,67,1
7213,8609,269,1
7214,9310,1712,0
7215,9311,741,1
7216,641,0,0
7217,9313,991,1
7218,9314,973,0
7219,652,1513,0
7220,601,477,0
7221,846,0,0
7222,9318,148,1
7223,5820,42,0
7224,7466,1713,1
7225,9322,91,0
7226,9323,77,0
7227,9324,558,0
7228,7337,148,1
7229,4114,7,0
7230,7854,67,1
7231,3692,41,0
7232,9328,265,0
7233,9330,170,1
7234,6320,33,0
7235,7165,72,0
7236,9333,3,0
7237,9334,443,0
7238,4293,908,0
7239,6915,204,0
7240,9335,431,1
7241,7159,115,0
7242,1000,3,0
7243,9339,86,1
7244,9341,265,1
7245,6708,0,0
7246,9342,39,1
7247,6239,734,0
7248,405,91,0
7249,3150,0,0
7250,9343,35,1
7251,9344,60,0
7252,6829,991,1
7253,28,457,0
7254,9345,147,1
7255,9346,562,0
7256,4761,418,0
7257,9347,67,1
7258,9349,82,1
7259,2991,542,0
7260,6605,88,0
7261,5435,272,1
7262,9351,35,1
7263,9352,782,1
7264,5248,140,0
7265,9354,3,0
7266,5619,77,0
7267,9355,1152,1
7268,255,21,0
7269,5993,267,0
7270,5945,132,0
7271,8445,42,0
7272,4471,428,1
7273,9357,133,0
7274,9358,521,1
7275,1556,3,0
7276,196,220,0
7277,9359,7,1
7278,9360,949,1
7279,4731,409,1
7280,394,77,0
7281,7629,48,0
7282,1676,223,0
7283,9362,126,1
7284,1742,101,0
7285,9300,570,1
7286,49,1072,0
7287,9364,725,0
7288,9365,149,0
7289,2731,223,0
7290,8162,48,0
7291,9367,198,0
7292,9368,344,0
7293,9252,482,1
7294,1601,157,0
7295,2360,195,1
7296,9370,121,1
7297,9275,102,0
7298,9371,163,0
7299,9372,101,0
7300,4328,47,1
7301,790,56,0
7302,9373,262,1
7303,9374,583,0
7304,9375,98,1
7305,8341,220,1
7306,182,1719,1
7307,1208,1106,1
7308,658,1720,1
7309,4569,196,0
7310,1701,220,1
7311,3280,41,0
7312,942,172,0
7313,4106,584,0
7314,7942,149,0
7315,7638,1721,0
7316,878,33,1
7317,9387,67,1
7318,614,77,0
7319,6712,1483,0
7320,1975,220,0
7321,7234,91,1
7322,9393,343,1
7323,9394,562,0
7324,9395,102,0
7325,7277,362,0
7326,7105,288,1
7327,7193,189,1
7328,3269,48,0
7329,5480,992,0
7330,7021,211,1
7331,4272,21,0
7332,3642,59,0
7333,9109,242,0
7334,5867,3,0
7335,6560,91,0
7336,9397,67,1
7337,2377,265,0
7338,6435,128,0
7339,8773,22,0
7340,9402,258,0
7341,9403,493,0
7342,4491,85,1
7343,49,1096,0
7344,1497,788,0
7345,2187,0,0
7346,2581,212,1
7347,8943,211,1
7348,9404,155,0
7349,9405,1063,1
7350,9407,3,0
7351,4503,88,0
7352,9408,1453,0
7353,9409,1651,0
7354,3619,48,1
7355,9410,210,1
7356,9411,160,1
7357,6827,348,1
7358,5248,204,0
7359,7807,246,0
7360,2977,615,0
7361,1045,91,1
7362,6963,1723,0
7363,8071,39,1
7364,9414,3,0
7365,5249,140,0
7366,3775,439,0
7367,3502,58,1
7368,205,259,0
7369,9418,126,1
7370,2746,266,0
7371,9420,19,1
7372,9068,196,0
7373,8166,214,0
7374,1173,1725,0
7375,5448,35,1
7376,548,926,0
7377,1572,52,0
7378,9424,198,0
7379,9425,330,0
7380,9426,8,1
7381,9428,67,1
7382,7584,77,0
7383,6194,135,1
7384,9286,25,0
7385,6131,0,0
7386,9429,1065,0
7387,9430,0,0
7388,2533,1504,0
7389,9431,944,1
7390,7106,125,1
7391,9433,32,0
7392,9232,182,0
7393,9435,220,0
7394,284,48,0
7395,3266,77,0
7396,5153,0,0
7397,1314,22,1
7398,4722,3,0
7399,1420,189,1
7400,953,25,0
7401,9437,42,0
7402,8152,1206,1
7403,9439,52,0
7404,9026,35,1
7405,7914,612,0
7406,9440,220,1
7407,9445,1727,0
7408,5673,1728,1
7409,9446,1687,1
7410,1771,343,1
7411,9447,166,1
7412,9448,56,0
7413,9449,83,1
7414,7708,77,0
7415,9451,67,1
7416,2598,149,0
7417,4201,196,0
7418,6592,813,1
7419,9455,67,1
7420,9457,74,0
7421,9458,19,0
7422,5415,126,1
7423,9460,1729,1
7424,48,412,0
7425,9461,224,1
7426,1484,1605,0
7427,489,160,0
7428,9463,258,1
7429,5783,3,0
7430,4252,170,1
7431,7091,74,0
7432,3427,1730,0
7433,9465,1002,0
7434,9466,67,1
7435,800,267,1
7436,9468,7,0
7437,9470,200,0
7438,9471,200,0
7439,3231,58,0
7440,9243,1432,0
7441,2087,128,0
7442,9475,35,1
7443,9476,3,0
7444,9477,67,1
7445,7472,7,0
7446,9480,0,0
7447,4921,242,1
7448,9481,521,1
7449,8520,93,1
7450,9483,0,0
7451,9484,568,0
7452,9487,447,1
7453,5957,537,0
7454,2699,694,0
7455,6972,482,1
7456,8938,126,1
7457,218,1733,0
7458,9490,412,0
7459,2448,392,0
7460,6885,749,0
7461,9491,292,0
7462,6673,397,1
7463,1838,164,1
7464,7959,818,0
7465,5333,1631,0
7466,2518,102,0
7467,1796,41,0
7468,9496,204,1
7469,9497,7,0
7470,9498,67,1
7471,49,409,0
7472,8288,699,1
7473,2580,1021,0
7474,9504,195,0
7475,2085,35,1
7476,9507,35,1
7477,9508,326,0
7478,9509,200,0
7479,9510,1272,1
7480,9511,669,0
7481,9512,26,0
7482,1744,902,0
7483,9513,443,1
7484,9484,70,1
7485,8399,1306,1
7486,210,128,0
7487,411,3,0
7488,1347,823,0
7489,4516,997,0
7490,4427,67,1
7491,7448,163,1
7492,9521,3,0
7493,9524,102,0
7494,13,753,1
7495,1659,399,1
7496,5358,762,0
7497,4515,453,1
7498,288,426,0
7499,5138,22,1
7500,2241,48,0
7501,9526,242,0
7502,5355,48,0
7503,9527,599,0
7504,8510,343,1
7505,9529,410,1
7506,9530,67,1
7507,9531,770,1
7508,5526,87,1
7509,9534,813,1
7510,5814,425,0
7511,2288,13,1
7512,9131,427,1
7513,9536,3,0
7514,3487,3,0
7515,3956,460,0
7516,9539,56,0
7517,479,7,0
7518,9540,1736,1
7519,3684,1737,0
7520,2347,246,0
7521,9544,48,0
7522,1002,495,0
7523,4286,9,1
7524,9549,242,1
7525,9552,374,0
7526,9553,67,1
7527,9554,1738,0
7528,267,724,0
7529,5780,1684,0
7530,8076,25,0
7531,2246,1407,1
7532,7650,39,0
7533,8499,75,1
7534,6161,42,0
7535,3470,41,0
7536,9557,492,1
7537,4812,157,1
7538,2053,48,0
7539,8429,52,0
7540,7865,7,0
7541,5558,0,0
7542,6172,284,1
7543,9562,35,1
7544,7407,504,0
7545,9564,242,0
7546,611,306,0
7547,7682,40,1
7548,9319,67,1
7549,9566,3,0
7550,268,894,0
7551,9567,237,1
7552,4675,815,1
7553,9568,680,1
7554,6595,77,0
7555,590,1011,1
7556,9571,439,0
7557,9572,429,1
7558,9574,457,0
7559,9575,505,0
7560,2574,1187,0
7561,9576,1580,0
7562,4626,407,0
7563,9577,149,0
7564,6690,207,0
7565,9578,1739,0
7566,2873,428,0
7567,2492,645,1
7568,1981,3,0
7569,9584,771,0
7570,5039,3,0
7571,1176,266,0
7572,9585,3,0
7573,8618,155,0
7574,6749,85,1
7575,5965,220,1
7576,3774,0,0
7577,6319,944,1
7578,9594,771,1
7579,5986,72,1
7580,9595,3,0
7581,9598,26,1
7582,9601,3,0
7583,2558,25,0
7584,1562,41,0
7585,621,918,0
7586,4176,345,0
7587,783,654,0
7588,9603,834,1
7589,122,38,1
7590,6108,935,1
7591,7695,230,1
7592,1480,0,0
7593,9608,1113,0
7594,9609,26,0
7595,9610,189,1
7596,9611,280,0
7597,9612,200,0
7598,4511,98,0
7599,9613,105,1
7600,4583,85,1
7601,553,1740,1
7602,9614,534,1
7603,9615,82,1
7604,2727,15,1
7605,4012,108,0
7606,332,265,1
7607,268,762,0
7608,4647,1742,1
7609,1168,172,0
7610,5858,680,1
7611,9618,6,1
7612,387,25,0
7613,9619,471,0
7614,9620,518,0
7615,9464,818,0
7616,9622,0,0
7617,5679,77,1
7618,9624,1744,0
7619,9625,56,0
7620,8866,634,0
7621,9629,0,0
7622,8253,40,1
7623,5338,1051,1
7624,9635,3,0
7625,9637,177,0
7626,3617,1745,1
7627,1308,733,0
7628,9642,83,1
7629,3059,259,1
7630,7018,89,1
7631,2664,348,1
7632,53,615,0
7633,9123,1746,0
7634,3471,445,1
7635,9646,439,1
7636,3690,41,0
7637,3606,179,1
7638,3823,39,1
7639,28,1565,1
7640,9648,43,0
7641,2207,160,1
7642,3630,89,1
7643,9650,242,1
7644,8990,220,0
7645,6938,77,0
7646,9652,93,1
7647,9653,40,1
7648,9654,831,1
7649,6044,758,1
7650,9656,405,0
7651,9659,60,0
7652,4755,1481,0
7653,6648,9,1
7654,2449,155,0
7655,1929,3,0
7656,5987,83,1
7657,6194,3,0
7658,2590,41,0
7659,9663,195,1
7660,2148,1023,0
7661,9668,259,1
7662,6170,244,0
7663,9669,588,1
7664,703,33,1
7665,1302,41,0
7666,9672,67,1
7667,1887,0,0
7668,7940,19,0
7669,4989,149,0
7670,4767,281,0
7671,9676,813,1
7672,3897,329,0
7673,1168,926,0
7674,8999,155,0
7675,9681,3,0
7676,9524,170,1
7677,4324,204,0
7678,48,689,0
7679,7911,3,0
7680,9684,102,1
7681,9685,200,0
7682,4885,7,0
7683,3870,765,0
7684,9686,41,0
7685,5702,286,1
7686,6458,1750,1
7687,387,1751,0
7688,4796,149,0
7689,9656,7,1
7690,9688,3,0
7691,8239,770,1
7692,9689,626,1
7693,4319,934,0
7694,9695,3,1
7695,1347,1666,0
7696,9698,96,0
7697,9701,1311,1
7698,2092,3,0
7699,6,43,1
7700,9703,101,0
7701,3784,101,0
7702,9704,75,0
7703,615,1752,0
7704,9707,1094,1
7705,9708,40,0
7706,49,259,0
7707,6507,391,1
7708,6758,1437,0
7709,9709,102,0
7710,9710,1520,1
7711,2752,40,1
7712,9712,86,1
7713,9713,113,1
7714,4622,220,0
7715,1739,0,0
7716,1095,40,0
7717,9716,91,1
7718,9510,96,1
7719,9718,42,0
7720,4959,220,1
7721,684,862,1
7722,9720,284,1
7723,9721,1216,0
7724,4234,82,1
7725,9724,1011,1
7726,2055,1755,1
7727,9725,74,0
7728,9727,891,0
7729,9730,137,0
7730,6067,1757,0
7731,4195,629,1
7732,9733,891,0
7733,6598,670,1
7734,9734,686,1
7735,9737,1759,1
7736,6471,242,1
7737,9214,41,0
7738,5496,265,0
7739,6215,941,1
7740,9743,77,0
7741,3323,418,0
7742,631,77,0
7743,9744,77,0
7744,9745,326,1
7745,455,645,0
7746,1302,0,0
7747,3020,122,0
7748,9747,128,0
7749,2508,622,0
7750,9751,247,1
7751,2756,48,0
7752,9265,749,0
7753,9753,242,1
7754,1522,1760,0
7755,659,1437,1
7756,9754,188,0
7757,1038,82,1
7758,3028,86,0
7759,9756,829,1
7760,2761,3,0
7761,9757,42,0
7762,9758,954,1
7763,3264,22,1
7764,8951,369,1
7765,9764,776,0
7766,9765,232,1
7767,5380,220,0
7768,5640,758,0
7769,9769,208,0
7770,2415,0,0
7771,888,48,0
7772,5921,427,1
7773,9771,725,0
7774,9772,56,0
7775,414,1764,0
7776,5663,1161,1
7777,9775,35,1
7778,9776,1765,1
7779,9779,60,0
7780,9781,1766,1
7781,5740,653,1
7782,9782,126,1
7783,3486,1667,1
7784,9784,137,0
7785,5921,135,1
7786,4704,26,0
7787,4775,467,1
7788,9787,1099,1
7789,9788,67,1
7790,1981,377,0
7791,9789,431,1
7792,9791,87,0
7793,9698,1272,0
7794,1870,926,0
7795,8046,480,0
7796,9521,48,0
7797,5452,115,0
7798,6577,140,0
7799,9445,1767,1
7800,8758,149,0
7801,2755,72,0
7802,7771,89,1
7803,5779,83,1
7804,1744,344,1
7805,9799,314,0
7806,9800,39,1
7807,6433,1086,0
7808,7175,3,0
7809,9803,60,0
7810,835,75,1
7811,2561,115,0
7812,2230,869,0
7813,9805,32,0
7814,9153,43,0
7815,5328,618,0
7816,9807,329,0
7817,2012,1219,1
7818,9808,15,1
7819,6196,892,1
7820,2560,33,0
7821,665,172,0
7822,8078,67,1
7823,3088,813,1
7824,9812,1030,1
7825,9136,102,0
7826,9813,254,0
7827,9814,89,0
7828,9815,122,1
7829,9816,626,1
7830,9817,86,0
7831,9818,133,0
7832,4617,101,0
7833,3988,67,1
7834,37,7,0
7835,1632,1770,1
7836,2316,223,0
7837,9449,485,0
7838,1495,77,0
7839,532,1771,0
7840,9821,996,0
7841,9822,300,1
7842,6956,1080,1
7843,9824,67,1
7844,675,48,0
7845,9825,113,0
7846,4977,365,1
7847,781,239,0
7848,6553,29,0
7849,3516,223,0
7850,2368,163,1
7851,2632,1447,1
7852,4134,119,0
7853,9828,200,0
7854,9830,3,0
7855,2129,593,1
7856,8502,77,0
7857,8355,102,0
7858,20,392,1
7859,1493,67,1
7860,9833,47,1
7861,8144,7,1
7862,106,0,0
7863,9837,813,1
7864,9838,67,1
7865,9839,3,1
7866,1772,399,0
7867,9841,1667,1
7868,4555,91,0
7869,666,35,1
7870,9844,1385,1
7871,9845,1541,1
7872,9846,3,0
7873,1397,209,1
7874,8372,113,1
7875,9847,798,1
7876,9848,200,0
7877,371,25,0
7878,9849,91,1
7879,9851,3,0
7880,9852,1774,1
7881,6337,220,1
7882,7076,1503,0
7883,9854,67,1
7884,8315,0,0
7885,9855,106,1
7886,6046,457,0
7887,9856,1408,0
7888,9857,873,0
7889,9858,3,0
7890,9859,1775,0
7891,2194,204,0
7892,9862,997,0
7893,9866,269,1
7894,1157,447,1
7895,9867,198,0
7896,5956,3,0
7897,9868,796,1
7898,2508,223,0
7899,2924,1009,1
7900,3289,242,1
7901,1944,60,0
7902,6387,91,0
7903,9550,3,0
7904,6,1776,1
7905,9870,242,0
7906,9872,82,1
7907,3350,1311,1
7908,7036,365,0
7909,5572,546,0
7910,6824,242,1
7911,9874,485,0
7912,9875,77,0
7913,548,447,0
7914,6824,964,1
7915,3498,374,1
7916,833,220,1
7917,9879,21,0
7918,4018,204,0
7919,468,77,0
7920,6131,992,0
7921,917,364,1
7922,3117,1246,1
7923,1870,279,0
7924,6910,620,1
7925,3130,35,1
7926,1018,153,0
7927,9886,412,0
7928,6446,48,0
7929,4562,785,0
7930,1366,447,1
7931,1811,1107,0
7932,9890,204,0
7933,9891,91,1
7934,9892,210,1
7935,9893,67,1
7936,9895,163,1
7937,160,201,1
7938,4463,160,0
7939,9897,1275,1
7940,9898,920,0
7941,178,1778,1
7942,9899,857,1
7943,9667,200,0
7944,9901,47,1
7945,9903,77,0
7946,623,476,0
7947,9905,128,0
7948,9906,82,1
7949,4694,1779,1
7950,4994,443,0
7951,9907,944,1
7952,8438,208,0
7953,3657,200,0
7954,9908,1340,1
7955,9909,1712,0
7956,9099,106,0
7957,430,122,1
7958,1426,48,0
7959,863,1780,0
7960,6764,615,0
7961,4549,1211,1
7962,8169,315,1
7963,9917,445,1
7964,6960,719,0
7965,6897,101,0
7966,481,1781,1
7967,9921,77,0
7968,9922,19,1
7969,2761,99,1
7970,8970,283,1
7971,9923,33,0
7972,9580,67,1
7973,9925,908,0
7974,7993,170,1
7975,9927,182,0
7976,6187,242,0
7977,9928,67,1
7978,1695,1782,0
7979,1684,1783,0
7980,9930,67,1
7981,5087,0,0
7982,3132,926,0
7983,2802,1784,0
7984,9932,7,0
7985,1384,809,1
7986,9934,67,1
7987,5336,60,0
7988,2150,196,0
7989,9456,348,1
7990,9936,164,1
7991,5247,530,1
7992,421,337,0
7993,2081,77,0
7994,2420,106,1
7995,9937,48,0
7996,9938,77,0
7997,9939,13,0
7998,4253,1065,0
7999,9568,407,0
8000,9068,60,0
8001,189,3,0
8002,7128,457,0
8003,733,1786,0
8004,9943,505,0
8005,9946,15,1
8006,4910,3,0
8007,9947,82,1
8008,9948,1787,1
8009,9333,82,1
8010,1161,329,1
8011,9952,148,1
8012,8646,67,1
8013,5113,67,1
8014,9954,77,0
8015,8896,1687,1
8016,9957,67,1
8017,743,609,0
8018,9960,86,0
8019,9961,7,0
8020,9962,42,0
8021,9963,126,1
8022,3117,128,1
8023,9703,160,1
8024,9964,39,0
8025,75,280,0
8026,8687,137,0
8027,1981,41,0
8028,9965,32,0
8029,1193,126,1
8030,2205,39,1
8031,9124,246,0
8032,1578,653,0
8033,6373,949,1
8034,9970,60,0
8035,6776,7,0
8036,9972,44,0
8037,9974,3,0
8038,9975,77,0
8039,5722,392,0
8040,5130,196,0
8041,1416,117,1
8042,640,108,0
8043,8177,405,0
8044,9205,170,1
8045,1548,22,0
8046,9980,7,0
8047,1787,1488,1
8048,2121,1513,0
8049,4520,3,0
8050,9981,22,0
8051,8451,765,0
8052,9982,214,1
8053,6002,89,0
8054,8833,39,1
8055,3619,41,1
8056,9985,148,1
8057,1640,112,0
8058,105,326,1
8059,9987,67,1
8060,7467,522,0
8061,9221,749,0
8062,8521,212,0
8063,5326,542,0
8064,9988,288,0
8065,6052,891,0
8066,5642,7,0
8067,9993,32,0
8068,288,25,0
8069,9996,3,0
8070,1359,1791,1
8071,9999,60,0
8072,10000,220,1
8073,10001,212,1
8074,10004,492,0
8075,2110,920,0
8076,10008,908,0
8077,10009,86,0
8078,10010,163,1
8079,63,48,0
8080,9189,22,0
8081,803,460,1
8082,3723,267,0
8083,8767,128,0
8084,10013,267,0
8085,1801,3,0
8086,2009,198,0
8087,10015,67,1
8088,10018,354,0
8089,3953,588,1
8090,1655,1028,0
8091,8149,588,1
8092,5249,204,0
8093,8169,366,1
8094,5753,40,1
8095,1199,42,0
8096,6611,262,1
8097,10023,40,1
8098,9286,223,0
8099,8434,137,0
8100,1526,1089,1
8101,10026,412,0
8102,4253,276,0
8103,3025,464,0
8104,3552,113,1
8105,10029,91,1
8106,581,351,0
8107,8602,101,0
8108,3581,77,1
8109,10030,254,0
8110,10031,148,1
8111,4580,3,0
8112,10032,482,1
8113,7407,43,0
8114,3684,41,0
8115,10034,344,0
8116,10035,67,1
8117,2958,19,1
8118,10038,229,1
8119,10041,42,0
8120,3469,77,0
8121,7969,39,1
8122,6157,1796,1
8123,1641,43,1
8124,10046,673,0
8125,10047,35,1
8126,3750,25,0
8127,4463,1483,1
8128,10048,398,1
8129,10049,77,0
8130,3272,38,1
8131,5550,56,0
8132,6866,25,0
8133,1085,33,1
8134,10052,204,0
8135,2115,0,0
8136,10054,89,1
8137,10056,300,1
8138,10057,67,1
8139,4780,231,0
8140,10058,3,0
8141,10060,35,1
8142,10061,204,0
8143,7802,125,0
8144,10062,42,0
8145,10063,32,0
8146,3362,77,0
8147,7398,77,0
8148,10067,125,1
8149,5428,982,1
8150,4755,268,1
8151,10069,56,0
8152,10070,3,0
8153,3362,910,0
8154,3792,463,0
8155,6772,254,0
8156,4433,3,0
8157,6545,189,1
8158,8603,575,0
8159,5199,25,0
8160,10072,204,0
8161,10073,666,1
8162,10074,7,0
8163,9964,7,0
8164,658,809,0
8165,10077,675,0
8166,5423,1799,1
8167,5408,101,0
8168,2999,267,0
8169,6668,947,1
8170,4687,40,1
8171,120,254,0
8172,10083,60,0
8173,10084,195,0
8174,7111,549,0
8175,4638,133,0
8176,10088,39,0
8177,10089,42,0
8178,800,291,1
8179,5234,139,1
8180,2716,140,0
8181,10091,39,1
8182,6057,330,0
8183,10092,347,1
8184,387,1801,0
8185,7402,169,0
8186,8569,75,0
8187,1950,1021,1
8188,7002,135,1
8189,8993,832,0
8190,455,992,0
8191,10096,1370,1
8192,10097,7,0
8193,6541,254,0
8194,10102,547,0
8195,10103,77,0
8196,6488,3,0
8197,601,442,0
8198,6535,363,0
8199,10104,67,1
8200,5325,126,1
8201,10107,39,0
8202,10108,67,1
8203,10109,944,0
8204,10110,77,0
8205,6824,3,0
8206,10111,562,0
8207,10112,669,0
8208,4388,240,1
8209,8547,204,0
8210,5241,284,1
8211,1099,224,1
8212,10117,701,0
8213,9193,397,1
8214,8409,536,0
8215,3872,76,1
8216,10118,166,1
8217,10119,269,1
8218,10120,3,0
8219,6498,77,0
8220,7238,220,1
8221,931,405,1
8222,2150,7,1
8223,10125,32,0
8224,10126,32,0
8225,10127,89,1
8226,10128,115,0
8227,10129,39,1
8228,6589,56,0
8229,2011,306,0
8230,1422,75,1
8231,10131,77,0
8232,3929,1079,0
8233,2552,39,1
8234,766,429,0
8235,7357,39,1
8236,10137,48,0
8237,10139,113,1
8238,9990,242,0
8239,1950,1473,0
8240,10141,77,0
8241,660,678,0
8242,10142,1095,1
8243,1393,104,1
8244,8448,67,1
8245,10144,326,0
8246,10146,48,0
8247,10148,149,0
8248,49,1807,0
8249,5122,3,0
8250,2847,584,0
8251,5621,687,1
8252,5245,446,1
8253,49,845,0
8254,1975,1149,0
8255,7642,851,1
8256,10152,67,1
8257,10154,77,0
8258,1570,358,0
8259,10155,108,0
8260,4276,125,0
8261,10156,13,0
8262,49,1256,0
8263,10158,39,0
8264,3619,1808,1
8265,10159,56,0
8266,8458,67,1
8267,9917,13,0
8268,10162,231,0
8269,10163,405,0
8270,10164,210,1
8271,10165,40,1
8272,8308,353,0
8273,839,997,0
8274,4734,412,0
8275,10171,52,0
8276,10172,3,0
8277,6955,719,0
8278,797,0,0
8279,9326,25,0
8280,10178,86,0
8281,1962,1260,0
8282,10181,98,0
8283,10182,77,0
8284,3540,77,0
8285,10184,546,1
8286,10091,7,0
8287,6880,562,0
8288,4072,208,0
8289,1331,166,0
8290,106,60,0
8291,7096,40,1
8292,5226,189,1
8293,10189,131,0
8294,10190,115,0
8295,9558,0,0
8296,10192,343,1
8297,8980,148,1
8298,8949,52,0
8299,5204,140,0
8300,10193,101,0
8301,2767,90,1
8302,1224,40,1
8303,1952,48,0
8304,4425,491,0
8305,863,1685,0
8306,10195,269,0
8307,10196,254,0
8308,10197,189,1
8309,1650,719,0
8310,10199,77,0
8311,9658,52,0
8312,1040,78,1
8313,10200,69,0
8314,10201,128,0
8315,2621,242,0
8316,10202,932,1
8317,8999,9,1
8318,10204,41,1
8319,10205,3,0
8320,158,91,1
8321,10209,3,0
8322,8950,345,0
8323,10210,26,1
8324,10211,7,0
8325,743,1462,0
8326,48,157,0
8327,7911,77,0
8328,3782,32,0
8329,9561,41,0
8330,5785,0,0
8331,10214,374,0
8332,10215,633,1
8333,3813,169,0
8334,10217,682,1
8335,10222,460,0
8336,268,733,0
8337,6513,495,0
8338,1928,3,0
8339,7077,15,1
8340,6617,116,0
8341,8670,1816,1
8342,10225,3,0
8343,2461,297,0
8344,5039,0,0
8345,10226,86,0
8346,1450,1768,1
8347,2882,48,0
8348,10228,518,0
8349,10230,1818,1
8350,10232,67,1
8351,1291,128,0
8352,6235,991,1
8353,10233,267,0
8354,4047,89,0
8355,1018,830,0
8356,6346,67,1
8357,10236,7,1
8358,9958,1536,1
8359,5402,467,0
8360,2707,7,0
8361,7214,189,1
8362,10238,148,1
8363,10239,39,0
8364,4095,831,0
8365,3310,24,0
8366,1240,986,1
8367,10240,211,1
8368,4300,198,0
8369,10241,48,0
8370,5385,214,0
8371,10242,77,0
8372,10245,7,0
8373,6388,3,0
8374,8204,60,0
8375,3763,851,1
8376,10247,210,1
8377,3906,441,0
8378,2924,1822,0
8379,3011,26,0
8380,2004,115,0
8381,10252,26,0
8382,4822,424,1
8383,7613,405,0
8384,10255,626,0
8385,10256,626,1
8386,5342,612,0
8387,3053,204,0
8388,8560,918,0
8389,9801,101,0
8390,10261,122,1
8391,496,424,1
8392,10262,1158,0
8393,53,1719,1
8394,3935,40,1
8395,2292,170,1
8396,10265,67,1
8397,768,1293,1
8398,2207,101,0
8399,10268,126,1
8400,10269,771,0
8401,2218,305,0
8402,1218,583,0
8403,5028,910,0
8404,6322,160,1
8405,10241,41,0
8406,5238,891,0
8407,5396,115,0
8408,5597,42,0
8409,49,676,0
8410,2533,0,0
8411,4817,46,1
8412,332,399,1
8413,10272,220,1
8414,10273,126,1
8415,5969,1825,1
8416,1984,223,0
8417,766,730,1
8418,9363,3,0
8419,6648,155,0
8420,534,204,0
8421,2897,701,0
8422,2044,1208,1
8423,1928,203,1
8424,10274,607,1
8425,4466,357,0
8426,10276,126,1
8427,10277,1786,0
8428,8343,67,1
8429,10278,1118,0
8430,10280,447,1
8431,2445,809,1
8432,1885,77,0
8433,7754,93,1
8434,10282,368,0
8435,10283,161,1
8436,8174,269,1
8437,7457,0,0
8438,3617,1154,1
8439,1761,78,1
8440,377,1256,0
8441,178,0,0
8442,10285,67,1
8443,2587,344,0
8444,3119,491,0
8445,10289,305,0
8446,1022,658,0
8447,10291,770,1
8448,5030,436,1
8449,3049,481,0
8450,10295,310,1
8451,3170,952,1
8452,5000,208,0
8453,4554,391,0
8454,7901,297,0
8455,10298,189,1
8456,7594,204,0
8457,9299,91,1
8458,2415,3,0
8459,10302,1011,1
8460,10303,87,1
8461,2780,74,0
8462,9782,42,0
8463,1695,790,0
8464,9467,3,0
8465,4404,149,1
8466,8678,991,1
8467,2580,160,1
8468,10305,521,1
8469,10306,1826,1
8470,10308,460,0
8471,1889,3,0
8472,6270,1332,0
8473,10310,0,0
8474,3898,991,0
8475,1058,1299,0
8476,663,67,1
8477,10313,3,0
8478,9799,269,1
8479,10315,1158,0
8480,5411,72,0
8481,5018,265,0
8482,314,1510,0
8483,1643,67,1
8484,10317,1028,1
8485,6386,86,0
8486,8557,48,0
8487,2036,22,0
8488,3522,979,1
8489,2347,547,0
8490,10319,224,1
8491,10320,77,0
8492,10322,56,0
8493,3242,67,1
8494,8950,382,0
8495,3854,701,0
8496,3943,910,0
8497,268,1495,0
8498,1441,189,1
8499,10325,301,1
8500,4101,42,0
8501,10327,482,1
8502,8454,67,1
8503,10328,3,0
8504,10329,1032,0
8505,2621,98,0
8506,1132,8,1
8507,10333,35,1
8508,6073,48,0
8509,5857,3,0
8510,2508,54,1
8511,10335,77,0
8512,10337,42,0
8513,2415,547,1
8514,603,77,0
8515,182,153,0
8516,10339,546,1
8517,10340,52,0
8518,10341,149,1
8519,10342,40,0
8520,10343,546,1
8521,9897,0,0
8522,1987,405,0
8523,10344,442,0
8524,612,91,0
8525,481,214,0
8526,10346,113,0
8527,6684,67,1
8528,3707,584,0
8529,2621,0,0
8530,2733,1831,1
8531,4885,351,0
8532,10348,77,0
8533,10349,3,0
8534,8120,38,0
8535,6512,26,1
8536,8760,25,0
8537,1984,690,1
8538,3660,40,1
8539,6327,829,0
8540,9988,592,0
8541,10353,67,1
8542,2422,200,0
8543,5746,41,0
8544,10356,155,0
8545,9614,77,0
8546,3891,326,0
8547,10357,163,1
8548,10358,204,0
8549,2841,460,1
8550,7303,35,1
8551,4825,806,1
8552,10359,91,0
8553,10360,439,0
8554,10362,281,0
8555,2121,815,1
8556,5768,7,0
8557,2507,788,1
8558,7222,170,1
8559,8138,3,0
8560,10367,407,0
8561,2752,412,0
8562,6115,48,0
8563,1979,1531,0
8564,6164,1468,0
8565,8383,48,0
8566,10373,77,0
8567,7770,149,0
8568,10375,7,1
8569,10376,52,0
8570,7411,443,0
8571,2528,3,0
8572,1700,3,0
8573,4960,86,0
8574,10378,788,1
8575,1480,615,0
8576,6627,1151,1
8577,3653,831,1
8578,10379,246,0
8579,6786,653,0
8580,1701,212,1
8581,10380,149,0
8582,10381,265,0
8583,189,77,0
8584,6213,343,1
8585,5416,87,1
8586,10130,33,1
8587,7369,91,0
8588,10383,3,0
8589,10384,196,0
8590,10385,137,0
8591,6329,405,0
8592,10386,1405,0
8593,9645,297,0
8594,2429,234,0
8595,2481,1835,1
8596,10389,116,0
8597,197,48,0
8598,1901,357,0
8599,10390,131,0
8600,1644,149,0
8601,1129,670,1
8602,7626,223,0
8603,9720,368,0
8604,2965,897,1
8605,9687,52,0
8606,2187,122,1
8607,10394,429,1
8608,2779,48,0
8609,4165,813,1
8610,3799,165,1
8611,5724,485,0
8612,10395,460,0
8613,10396,56,0
8614,1998,771,1
8615,6767,60,0
8616,2110,1371,0
8617,10397,99,1
8618,4457,3,0
8619,4341,28,1
8620,765,62,0
8621,5029,518,0
8622,9758,47,0
8623,8729,52,0
8624,5410,60,0
8625,10278,825,1
8626,1981,25,0
8627,998,612,0
8628,1089,1136,0
8629,5424,818,0
8630,4548,1837,0
8631,10404,86,1
8632,10405,242,1
8633,10020,77,0
8634,10406,595,0
8635,3510,189,1
8636,8693,220,1
8637,6067,1839,0
8638,9867,369,1
8639,10408,170,1
8640,10411,1500,0
8641,10413,32,0
8642,1492,83,1
8643,10416,116,0
8644,10417,7,0
8645,9231,831,0
8646,9969,242,1
8647,9131,78,1
8648,3829,39,1
8649,49,212,0
8650,10419,546,1
8651,1369,716,1
8652,10420,82,1
8653,3619,0,0
8654,579,1082,0
8655,10423,548,1
8656,10424,77,0
8657,10344,348,0
8658,4665,135,1
8659,3943,817,1
8660,10428,128,0
8661,6037,52,0
8662,10429,995,0
8663,1977,1109,1
8664,8143,360,1
8665,9491,944,1
8666,10434,405,1
8667,10435,102,0
8668,10436,35,0
8669,9103,1021,1
8670,2300,460,1
8671,10438,200,0
8672,10439,209,1
8673,8729,463,0
8674,1885,41,0
8675,10205,1799,1
8676,658,1455,1
8677,6708,615,0
8678,4265,113,1
8679,863,172,0
8680,10442,230,1
8681,5682,9,1
8682,6959,77,0
8683,6489,1040,1
8684,10444,156,1
8685,10445,1051,1
8686,10447,56,0
8687,3743,33,0
8688,5467,67,1
8689,4557,41,0
8690,9290,242,0
8691,4794,58,1
8692,9327,91,0
8693,3170,242,0
8694,2522,1666,0
8695,4407,818,0
8696,7526,39,1
8697,10454,166,1
8698,7018,77,0
8699,10455,137,0
8700,10456,60,0
8701,4679,1247,0
8702,10458,47,1
8703,10459,77,0
8704,9300,133,1
8705,9295,60,0
8706,4083,1272,0
8707,10461,19,1
8708,10462,137,0
8709,3852,0,0
8710,9703,315,1
8711,10464,382,0
8712,2733,0,1
8713,3143,77,0
8714,9123,25,0
8715,4756,3,0
8716,10466,122,1
8717,6277,374,0
8718,864,137,0
8719,10469,207,0
8720,9785,391,0
8721,554,84,1
8722,10470,93,1
8723,2873,122,0
8724,10472,212,0
8725,1695,102,0
8726,10473,15,1
8727,5219,439,1
8728,2612,713,0
8729,798,286,1
8730,8228,52,0
8731,10192,56,0
8732,6121,926,0
8733,2558,1848,0
8734,8267,699,1
8735,10477,56,0
8736,10478,1849,0
8737,2739,583,0
8738,10479,1850,0
8739,5569,196,0
8740,160,239,0
8741,5065,314,1
8742,4488,242,1
8743,10480,60,0
8744,4741,148,1
8745,372,1024,0
8746,190,48,0
8747,10481,15,1
8748,9169,19,1
8749,10483,326,0
8750,6796,41,0
8751,1821,658,0
8752,9134,223,0
8753,2471,424,1
8754,10165,32,0
8755,10485,90,0
8756,10486,242,1
8757,10488,209,1
8758,10282,284,1
8759,10491,43,1
8760,10492,77,0
8761,5691,101,0
8762,10047,7,0
8763,230,286,0
8764,10495,39,1
8765,10496,521,1
8766,9031,148,1
8767,10497,35,0
8768,7285,369,1
8769,305,208,0
8770,5016,237,1
8771,2246,25,0
8772,3123,392,1
8773,2779,72,0
8774,4343,244,0
8775,6073,794,1
8776,6321,310,0
8777,8691,7,0
8778,1089,495,0
8779,10501,91,1
8780,1592,254,0
8781,10505,242,0
8782,9857,374,0
8783,2007,926,0
8784,8755,91,0
8785,798,809,0
8786,1770,292,0
8787,5314,196,0
8788,10508,3,1
8789,7926,41,0
8790,5393,3,0
8791,10509,1063,1
8792,2534,1118,0
8793,10510,67,1
8794,10511,3,0
8795,2651,431,1
8796,1831,242,1
8797,8100,396,0
8798,8665,310,0
8799,2224,0,0
8800,10513,741,1
8801,10515,533,0
8802,10516,39,1
8803,6270,935,1
8804,6514,347,1
8805,3641,1854,1
8806,577,147,1
8807,5652,1000,1
8808,414,1855,0
8809,10520,7,0
8810,6654,230,1
8811,8338,231,0
8812,10522,91,0
8813,621,140,0
8814,49,536,0
8815,4923,369,1
8816,2175,196,0
8817,10523,3,0
8818,10524,1857,1
8819,863,1858,0
8820,5218,1859,1
8821,6474,48,0
8822,10528,237,1
8823,8300,3,0
8824,10501,86,0
8825,10529,189,1
8826,10530,67,1
8827,5275,537,0
8828,9821,548,1
8829,5277,518,0
8830,8543,86,0
8831,10533,560,1
8832,9420,90,0
8833,4052,60,0
8834,7407,265,0
8835,10146,418,0
8836,10535,443,1
8837,4173,844,0
8838,5499,242,0
8839,79,25,0
8840,5122,48,0
8841,10537,7,0
8842,9521,189,1
8843,10538,1555,0
8844,314,1795,0
8845,566,1311,0
8846,1152,48,0
8847,4663,15,1
8848,1701,476,0
8849,5408,588,0
8850,10484,518,0
8851,686,220,1
8852,4458,443,1
8853,10541,126,1
8854,10542,67,1
8855,10543,204,0
8856,7971,67,1
8857,1548,844,0
8858,2399,115,0
8859,34,1427,1
8860,10469,42,0
8861,2910,272,1
8862,10545,715,1
8863,4446,441,1
8864,10546,284,1
8865,10548,418,0
8866,7155,1502,1
8867,267,113,0
8868,651,160,1
8869,6569,52,0
8870,3819,58,1
8871,10552,77,0
8872,9781,317,0
8873,9949,19,1
8874,4259,979,1
8875,1406,1126,1
8876,3790,204,0
8877,10558,118,1
8878,8645,90,0
8879,6618,230,1
8880,2169,407,0
8881,681,1369,1
8882,10561,301,1
8883,8791,3,0
8884,10562,445,1
8885,10563,259,1
8886,10564,224,1
8887,6369,48,0
8888,305,259,0
8889,62,343,1
8890,5837,558,0
8891,6009,353,0
8892,10567,408,0
8893,10568,343,1
8894,49,1866,0
8895,10569,343,1
8896,665,214,0
8897,8289,200,0
8898,7355,409,1
8899,5937,3,0
8900,9043,52,0
8901,3980,588,0
8902,9974,1478,1
8903,472,89,0
8904,1758,1668,1
8905,10571,7,1
8906,10256,439,1
8907,9545,407,1
8908,10572,67,1
8909,544,418,0
8910,10574,67,1
8911,7012,1867,1
8912,10576,518,0
8913,6365,382,1
8914,6356,140,0
8915,8557,41,0
8916,10577,42,0
8917,726,39,1
8918,6508,353,0
8919,5525,41,0
8920,10578,542,0
8921,10579,132,0
8922,10581,35,1
8923,8531,128,0
8924,472,399,1
8925,6927,77,0
8926,10583,0,0
8927,880,72,0
8928,10525,365,0
8929,6103,3,0
8930,10586,149,0
8931,806,410,0
8932,1975,200,0
8933,10476,269,1
8934,10137,242,1
8935,10587,131,0
8936,4295,149,1
8937,9086,768,0
8938,10590,210,1
8939,8020,1017,0
8940,10592,173,1
8941,10593,198,0
8942,2314,629,1
8943,6898,148,1
8944,10596,13,0
8945,10597,341,0
8946,5808,36,0
8947,2542,220,0
8948,288,424,0
8949,1603,25,0
8950,8822,1156,0
8951,10598,8,1
8952,9126,26,1
8953,1400,399,1
8954,10599,155,1
8955,6819,52,0
8956,372,1869,0
8957,10602,101,0
8958,1233,588,1
8959,1729,1870,0
8960,10604,52,0
8961,6973,225,1
8962,10605,52,1
8963,9650,265,0
8964,10607,1382,1
8965,3591,247,1
8966,3805,3,0
8967,10608,464,0
8968,10610,735,1
8969,5240,7,0
8970,4072,1871,0
8971,3614,48,0
8972,6973,464,1
8973,6556,52,1
8974,3579,196,0
8975,10617,7,0
8976,7269,269,1
8977,819,1873,0
8978,10618,77,0
8979,10619,926,1
8980,9358,1744,0
8981,6365,269,1
8982,3754,1874,0
8983,2621,43,0
8984,4574,102,0
8985,7782,220,1
8986,6038,52,0
8987,6320,242,0
8988,10622,42,0
8989,3579,0,0
8990,10623,204,0
8991,10624,67,1
8992,5065,1861,1
8993,10112,113,1
8994,10627,1176,0
8995,6558,444,1
8996,4834,0,0
8997,9182,1876,0
8998,3784,288,1
8999,6835,208,0
9000,8164,534,1
9001,9169,181,1
9002,6785,230,1
9003,10487,267,0
9004,863,1877,0
9005,10630,3,0
9006,2054,985,0
9007,4132,1878,0
9008,7662,52,0
9009,8639,77,0
9010,8275,0,0
9011,1186,48,0
9012,7174,39,0
9013,6588,220,1
9014,9566,89,1
9015,10636,39,0
9016,888,41,0
9017,8962,39,1
9018,10637,52,0
9019,10638,401,1
9020,10639,60,0
9021,5171,24,0
9022,10640,67,1
9023,10643,224,0
9024,7319,39,1
9025,10644,22,1
9026,4877,48,0
9027,10645,954,0
9028,10646,447,0
9029,2203,262,1
9030,5564,1432,0
9031,10648,697,0
9032,10332,72,0
9033,4458,8,1
9034,355,1881,0
9035,5052,1094,0
9036,10650,67,1
9037,8749,157,0
9038,9557,88,0
9039,2748,125,1
9040,10653,818,0
9041,5884,149,1
9042,10655,220,0
9043,1208,77,0
9044,9707,1065,0
9045,3750,537,0
9046,10658,35,0
9047,4335,102,0
9048,7090,58,1
9049,10661,269,1
9050,49,488,0
9051,345,412,0
9052,3709,200,1
9053,2743,472,1
9054,2621,220,1
9055,788,60,0
9056,2473,405,0
9057,7255,459,0
9058,4580,169,1
9059,10662,39,1
9060,10663,0,0
9061,10408,148,1
9062,1833,1580,0
9063,10666,969,1
9064,10351,3,0
9065,2841,0,0
9066,5817,137,0
9067,385,38,0
9068,776,82,1
9069,3009,237,1
9070,10669,595,0
9071,10670,436,1
9072,10671,40,1
9073,7294,67,1
9074,10672,135,1
9075,8781,62,0
9076,10673,368,0
9077,10676,391,0
9078,10677,170,1
9079,9227,77,0
9080,6433,961,0
9081,10678,102,0
9082,7383,52,0
9083,8409,1883,0
9084,169,1122,1
9085,10680,3,0
9086,10446,932,1
9087,10682,7,0
9088,10683,1884,0
9089,1030,0,0
9090,9137,91,1
9091,220,3,0
9092,6077,495,0
9093,7990,41,0
9094,5907,40,1
9095,849,223,0
9096,3458,198,0
9097,10011,128,0
9098,10685,77,0
9099,7030,457,0
9100,10686,113,1
9101,2250,3,0
9102,4516,1051,1
9103,10687,3,0
9104,126,1364,1
9105,7937,813,1
9106,9874,83,1
9107,8787,224,1
9108,10688,35,1
9109,1773,935,0
9110,10689,0,1
9111,10690,225,1
9112,10645,229,1
9113,4877,0,0
9114,10693,42,0
9115,4163,74,0
9116,4885,1072,0
9117,10694,686,1
9118,398,818,0
9119,7467,1885,1
9120,10695,343,1
9121,5631,254,0
9122,2336,246,0
9123,10696,301,1
9124,10697,188,0
9125,10111,201,0
9126,10698,408,1
9127,2761,1886,0
9128,6164,1484,0
9129,8207,689,0
9130,305,365,0
9131,4692,0,0
9132,9366,0,0
9133,9272,83,1
9134,10700,77,0
9135,10701,40,1
9136,8643,261,0
9137,10703,207,0
9138,9839,0,1
9139,2602,926,0
9140,10705,74,1
9141,6167,52,0
9142,10663,48,0
9143,6,370,1
9144,2246,214,0
9145,7700,190,0
9146,9718,126,1
9147,600,196,0
9148,3820,211,1
9149,10709,19,1
9150,1793,122,0
9151,3890,35,1
9152,205,358,0
9153,387,89,1
9154,2250,954,1
9155,10712,93,1
9156,2924,1237,0
9157,6271,805,1
9158,10713,166,1
9159,7131,91,0
9160,10714,1774,1
9161,10715,443,1
9162,3860,1050,1
9163,658,587,0
9164,10717,91,0
9165,6877,196,0
9166,4899,78,1
9167,10720,330,0
9168,10721,809,0
9169,6963,998,0
9170,10723,164,1
9171,6021,7,0
9172,9499,1050,0
9173,2053,382,1
9174,9073,315,1
9175,7456,1890,0
9176,559,25,0
9177,10724,148,1
9178,5057,214,0
9179,1844,265,1
9180,10725,908,0
9181,10726,52,0
9182,7349,22,1
9183,4095,310,0
9184,993,790,0
9185,7565,0,0
9186,4140,189,1
9187,8470,91,1
9188,8505,405,0
9189,10729,39,0
9190,7042,242,1
9191,6173,102,0
9192,7716,668,1
9193,856,348,0
9194,318,272,1
9195,10734,271,1
9196,2053,345,1
9197,160,223,0
9198,6922,1068,0
9199,10736,3,0
9200,7643,195,0
9201,6510,0,0
9202,803,58,1
9203,10738,673,0
9204,9988,588,0
9205,9131,135,1
9206,10740,86,0
9207,10741,39,1
9208,10742,505,0
9209,10743,126,1
9210,10745,1405,0
9211,10198,3,0
9212,2415,157,0
9213,305,220,0
9214,289,0,0
9215,10747,15,1
9216,4825,48,0
9217,2696,35,1
9218,1939,52,0
9219,2011,1892,0
9220,5515,405,1
9221,3480,41,0
9222,10001,242,0
9223,10752,626,0
9224,10754,102,0
9225,615,762,0
9226,10755,288,1
9227,6272,1893,0
9228,7656,269,1
9229,408,1894,0
9230,988,74,0
9231,4483,102,0
9232,6358,1895,0
9233,27,675,1
9234,10759,77,0
9235,4512,1060,1
9236,10760,60,0
9237,3672,396,0
9238,6866,304,1
9239,5955,809,0
9240,325,579,1
9241,10763,52,0
9242,2985,534,1
9243,10764,246,0
9244,322,269,1
9245,7428,19,0
9246,748,947,1
9247,7955,72,1
9248,10579,98,1
9249,385,242,1
9250,656,200,0
9251,160,3,0
9252,652,609,1
9253,2188,909,1
9254,3798,48,0
9255,10769,341,1
9256,7303,7,0
9257,10770,82,1
9258,2662,0,0
9259,577,43,0
9260,10771,67,1
9261,1355,22,0
9262,7814,7,0
9263,591,139,1
9264,8321,518,0
9265,38,1470,0
9266,1870,1067,0
9267,3110,91,0
9268,10772,40,1
9269,10773,259,1
9270,10775,32,0
9271,2901,418,0
9272,10777,13,0
9273,6219,112,1
9274,10779,196,0
9275,3246,155,0
9276,9481,749,0
9277,762,38,0
9278,2255,77,0
9279,10780,82,1
9280,883,148,1
9281,1791,237,1
9282,7704,32,0
9283,10784,99,1
9284,659,43,1
9285,10724,102,0
9286,4106,25,0
9287,10785,91,0
9288,10068,149,0
9289,2533,223,0
9290,10767,279,0
9291,9300,1502,1
9292,8400,102,0
9293,4830,131,0
9294,3898,447,1
9295,3084,869,0
9296,3449,35,1
9297,8514,546,1
9298,7622,149,0
9299,6822,135,1
9300,2446,3,0
9301,5279,77,0
9302,7146,815,1
9303,2402,67,1
9304,949,139,1
9305,5840,292,0
9306,5095,369,1
9307,10799,77,0
9308,10320,7,0
9309,2966,229,0
9310,1169,749,0
9311,10247,1637,0
9312,1434,595,0
9313,10803,829,1
9314,7656,25,0
9315,7964,3,0
9316,9595,369,1
9317,10806,67,1
9318,10807,39,1
9319,7894,26,0
9320,10808,491,0
9321,10811,447,1
9322,3774,818,0
9323,10812,86,0
9324,10284,212,1
9325,1086,86,0
9326,49,729,0
9327,9914,195,1
9328,9841,699,0
9329,10813,39,1
9330,10814,19,0
9331,6148,148,1
9332,9835,83,1
9333,3790,77,0
9334,942,446,0
9335,2640,1133,0
9336,1952,615,1
9337,1114,1011,1
9338,9510,654,1
9339,2245,203,1
9340,1556,48,0
9341,5129,204,0
9342,7935,19,1
9343,6261,815,1
9344,9305,405,0
9345,10325,119,0
9346,5292,641,0
9347,4742,43,1
9348,5393,329,1
9349,8320,56,0
9350,2785,429,1
9351,10820,3,0
9352,9540,164,1
9353,10243,1063,0
9354,284,3,0
9355,10824,7,0
9356,4095,1040,1
9357,267,964,0
9358,10827,67,1
9359,6513,237,0
9360,7279,75,1
9361,1038,3,0
9362,9429,1094,1
9363,7585,113,1
9364,1184,35,1
9365,2151,300,1
9366,6266,1578,0
9367,595,25,0
9368,7464,520,1
9369,10836,770,1
9370,2908,118,0
9371,3241,33,1
9372,1191,0,0
9373,10837,196,0
9374,5003,212,1
9375,6169,35,1
9376,4512,223,0
9377,10500,1786,0
9378,3822,60,0
9379,3108,482,1
9380,9354,82,1
9381,10840,42,0
9382,10548,41,1
9383,8919,77,0
9384,10841,60,0
9385,3791,3,0
9386,2082,365,0
9387,2814,77,0
9388,1866,929,1
9389,10295,25,0
9390,7719,118,1
9391,10845,0,0
9392,10846,122,1
9393,9167,77,0
9394,2300,391,1
9395,10155,76,0
9396,1426,41,0
9397,3567,200,1
9398,2576,997,0
9399,10849,43,1
9400,1237,386,0
9401,10851,214,0
9402,10853,491,0
9403,10854,47,1
9404,10856,208,0
9405,10857,170,1
9406,9828,89,1
9407,6476,3,0
9408,1572,204,0
9409,6350,1207,0
9410,10227,19,0
9411,9974,0,0
9412,10858,343,1
9413,10859,91,0
9414,6203,40,1
9415,10141,210,1
9416,10862,220,1
9417,6343,86,0
9418,10863,77,0
9419,115,392,1
9420,10867,89,1
9421,10868,1902,1
9422,10871,1206,0
9423,8513,204,0
9424,1975,476,0
9425,2882,1903,0
9426,10872,735,1
9427,3750,72,1
9428,7293,944,1
9429,5997,140,0
9430,2468,137,0
9431,10852,442,0
9432,840,1775,0
9433,1182,297,0
9434,9432,86,0
9435,10880,91,0
9436,1359,3,0
9437,10881,442,0
9438,4655,924,1
9439,9906,3,0
9440,9688,615,0
9441,9988,315,1
9442,2590,1905,1
9443,1847,211,1
9444,10883,343,1
9445,7165,8,1
9446,6652,7,0
9447,10884,67,1
9448,1809,52,0
9449,9030,272,1
9450,1977,223,0
9451,105,1011,1
9452,1734,1908,0
9453,3825,457,0
9454,10887,399,0
9455,653,1816,1
9456,10890,126,1
9457,2728,132,0
9458,9611,1580,0
9459,10892,26,0
9460,4532,32,0
9461,10895,40,0
9462,9839,857,1
9463,9175,89,0
9464,10896,42,0
9465,8758,353,0
9466,6363,56,0
9467,5018,33,0
9468,10898,431,1
9469,3599,818,0
9470,2059,566,0
9471,5203,42,0
9472,7786,102,0
9473,2294,67,1
9474,8654,67,1
9475,6062,77,0
9476,10900,86,1
9477,475,0,0
9478,10901,3,0
9479,2131,39,0
9480,10902,42,0
9481,10906,3,0
9482,7174,35,1
9483,10229,85,1
9484,10908,77,0
9485,5285,568,0
9486,1371,77,0
9487,8259,286,0
9488,2364,257,0
9489,9284,382,1
9490,4381,67,1
9491,876,77,0
9492,10911,13,0
9493,9273,48,0
9494,7865,35,1
9495,6388,1617,1
9496,10913,204,0
9497,105,26,0
9498,1022,947,1
9499,1973,262,1
9500,1336,286,0
9501,9612,687,1
9502,4505,122,0
9503,7225,40,1
9504,10916,77,0
9505,5898,32,0
9506,7176,818,0
9507,3383,271,1
9508,10917,189,1
9509,9371,341,1
9510,10918,634,0
9511,2713,6,1
9512,10920,210,1
9513,10921,224,1
9514,2580,1022,0
9515,8395,687,1
9516,1962,22,0
9517,10922,3,0
9518,8721,397,1
9519,1596,1038,1
9520,1220,25,0
9521,4106,495,1
9522,9974,296,1
9523,3878,446,0
9524,10928,699,0
9525,4608,653,1
9526,10929,7,0
9527,1468,1912,0
9528,4986,204,0
9529,10930,99,1
9530,10933,52,0
9531,4221,467,1
9532,5314,0,0
9533,498,212,1
9534,10934,272,1
9535,2425,26,0
9536,257,77,0
9537,2108,0,0
9538,10935,42,0
9539,10937,42,0
9540,10938,276,0
9541,688,246,0
9542,2694,1914,0
9543,10939,588,1
9544,10608,225,1
9545,2699,300,1
9546,5802,427,1
9547,9274,267,0
9548,2039,28,1
9549,1556,269,1
9550,1194,98,1
9551,10942,301,1
9552,9395,170,1
9553,2322,91,1
9554,372,1510,0
9555,3,112,1
9556,2601,588,1
9557,10945,56,0
9558,766,982,1
9559,5309,39,1
9560,4928,276,1
9561,3889,77,0
9562,4496,128,0
9563,368,1915,1
9564,1986,1637,0
9565,7132,204,0
9566,10950,1211,0
9567,10951,280,0
9568,1592,93,1
9569,10255,439,1
9570,10952,67,1
9571,7207,77,0
9572,6596,112,0
9573,475,1917,0
9574,8167,39,1
9575,7722,204,0
9576,106,715,1
9577,5405,42,0
9578,9880,74,0
9579,10959,310,0
9580,10960,0,1
9581,4943,1484,0
9582,10961,687,1
9583,6451,266,0
9584,10962,39,1
9585,1598,818,0
9586,3695,480,1
9587,10371,28,1
9588,857,106,1
9589,10965,1919,1
9590,8011,91,1
9591,10966,412,0
9592,10967,86,0
9593,10968,67,1
9594,8572,32,0
9595,75,696,1
9596,5438,42,0
9597,4822,0,0
9598,817,204,0
9599,494,220,1
9600,10971,1332,0
9601,10972,101,0
9602,10515,690,1
9603,10973,276,0
9604,7876,374,0
9605,3948,351,1
9606,10976,112,1
9607,481,265,1
9608,6310,148,1
9609,8457,887,1
9610,1758,40,0
9611,10978,7,1
9612,1275,615,1
9613,5660,77,0
9614,10982,77,0
9615,737,1920,0
9616,1810,169,1
9617,553,265,1
9618,10985,231,0
9619,890,67,1
9620,10987,412,0
9621,5265,547,0
9622,6580,148,1
9623,10988,891,0
9624,10989,0,0
9625,7670,1484,0
9626,244,223,0
9627,604,22,1
9628,10638,26,0
9629,1350,857,1
9630,7204,654,0
9631,155,77,0
9632,10687,1922,1
9633,10994,369,1
9634,8313,52,0
9635,10996,1493,0
9636,10997,204,0
9637,1787,798,1
9638,6312,815,1
9639,10999,3,0
9640,11002,295,0
9641,907,0,0
9642,843,1483,1
9643,8011,86,1
9644,2408,77,0
9645,4728,1114,1
9646,7524,189,1
9647,5864,969,1
9648,11003,0,0
9649,10326,77,0
9650,3674,91,1
9651,5770,418,0
9652,9981,200,0
9653,6293,132,0
9654,11006,670,1
9655,9921,1030,1
9656,6574,689,1
9657,11007,1924,1
9658,11008,7,0
9659,5237,606,1
9660,4253,617,0
9661,3630,41,0
9662,1712,204,0
9663,11009,204,0
9664,4248,607,1
9665,298,46,0
9666,10795,83,1
9667,11012,128,1
9668,11013,7,0
9669,116,157,0
9670,8277,268,1
9671,11014,77,0
9672,7282,153,1
9673,4091,443,1
9674,4633,52,0
9675,11017,654,1
9676,38,1028,0
9677,493,1618,1
9678,11020,259,1
9679,11022,67,1
9680,7213,891,0
9681,7527,427,1
9682,2375,32,0
9683,11023,1927,0
9684,9487,74,0
9685,11025,67,1
9686,7100,67,1
9687,477,0,0
9688,548,964,1
9689,8201,122,0
9690,11026,101,0
9691,8312,204,0
9692,1913,19,0
9693,1701,1149,1
9694,7105,315,1
9695,7879,1930,0
9696,11032,343,1
9697,10721,442,0
9698,11035,67,1
9699,7581,429,0
9700,1670,1210,1
9701,11036,3,0
9702,11037,1295,0
9703,11039,137,0
9704,1941,3,0
9705,1627,480,0
9706,3086,77,0
9707,3469,22,1
9708,6737,0,0
9709,7885,13,0
9710,475,948,0
9711,5612,77,0
9712,9099,26,0
9713,1962,536,0
9714,126,48,0
9715,11042,747,0
9716,7072,3,0
9717,4874,1172,0
9718,5221,67,1
9719,4533,32,0
9720,2922,102,0
9721,11045,67,1
9722,9730,262,1
9723,11046,1613,0
9724,11047,86,0
9725,6683,607,1
9726,2882,377,0
9727,1698,242,0
9728,11050,687,1
9729,3723,254,0
9730,726,7,0
9731,3922,208,0
9732,4543,169,0
9733,8621,818,0
9734,8657,7,0
9735,11053,534,1
9736,3021,329,0
9737,46,89,1
9738,11058,77,0
9739,11059,41,0
9740,11060,344,0
9741,11062,128,0
9742,5863,48,0
9743,4499,42,0
9744,3670,127,0
9745,6001,1733,0
9746,11067,1474,0
9747,11068,369,1
9748,11069,937,0
9749,8035,813,1
9750,722,242,1
9751,1472,615,0
9752,11072,460,0
9753,8224,52,0
9754,11074,1591,0
9755,4546,19,0
9756,11076,98,1
9757,11078,897,1
9758,7699,148,1
9759,628,1811,1
9760,11079,343,1
9761,11080,269,0
9762,11081,457,0
9763,2430,90,1
9764,11083,443,1
9765,11085,401,1
9766,10172,82,1
9767,11086,149,0
9768,11087,1407,1
9769,819,118,0
9770,2225,407,0
9771,5780,77,0
9772,1889,67,1
9773,11088,262,1
9774,7450,237,1
9775,10807,7,0
9776,9367,369,1
9777,8802,35,1
9778,11091,163,1
9779,3658,39,1
9780,11093,86,0
9781,9780,0,0
9782,648,39,1
9783,11096,237,0
9784,11097,188,0
9785,11098,83,1
9786,1092,112,1
9787,9269,343,1
9788,2999,93,1
9789,10422,54,0
9790,11102,271,1
9791,7040,21,0
9792,11104,126,1
9793,11105,104,1
9794,3090,119,0
9795,8978,189,1
9796,1640,46,1
9797,1331,1432,0
9798,6580,170,1
9799,7707,3,0
9800,205,89,0
9801,557,60,0
9802,10367,680,1
9803,2613,48,0
9804,11111,98,1
9805,5638,3,1
9806,11113,873,0
9807,10048,1936,0
9808,863,257,0
9809,4857,1937,1
9810,11120,271,1
9811,3389,587,0
9812,5860,254,0
9813,6046,533,0
9814,957,101,0
9815,3155,267,0
9816,11123,3,0
9817,2813,91,1
9818,5711,208,0
9819,11124,424,1
9820,4062,25,0
9821,7975,86,0
9822,8242,125,0
9823,11125,26,1
9824,11126,353,0
9825,423,155,1
9826,957,160,1
9827,4508,38,0
9828,3991,634,0
9829,2574,847,0
9830,11131,305,0
9831,11132,67,1
9832,1025,0,0
9833,11133,24,0
9834,11134,1460,1
9835,11135,40,1
9836,11136,1836,1
9837,1715,633,1
9838,11137,7,0
9839,8054,442,0
9840,534,140,0
9841,7926,824,1
9842,11139,122,1
9843,7872,3,0
9844,11140,166,1
9845,1886,214,0
9846,11142,878,1
9847,1194,48,0
9848,11143,122,0
9849,11145,67,1
9850,1886,22,1
9851,11146,343,1
9852,4759,694,0
9853,11147,189,1
9854,2053,1109,1
9855,2389,220,1
9856,516,181,1
9857,3149,99,1
9858,6072,419,1
9859,1026,926,0
9860,7391,793,0
9861,2300,7,1
9862,7676,116,0
9863,11150,592,1
9864,3070,101,0
9865,3102,52,1
9866,6388,41,0
9867,11151,67,1
9868,10968,3,0
9869,10128,189,1
9870,1145,433,0
9871,11152,242,1
9872,10182,47,1
9873,9026,39,1
9874,7565,247,1
9875,9982,77,0
9876,11156,91,0
9877,7895,107,0
9878,11157,40,1
9879,3632,475,0
9880,6391,3,0
9881,1331,1939,0
9882,6576,518,0
9883,7720,98,1
9884,996,131,0
9885,7076,588,0
9886,11159,79,0
9887,8536,770,1
9888,450,9,1
9889,11161,944,0
9890,8847,3,0
9891,9507,7,0
9892,267,1149,0
9893,11162,99,1
9894,3724,0,0
9895,11163,77,0
9896,911,101,0
9897,1784,74,0
9898,324,0,0
9899,1336,425,0
9900,621,0,0
9901,11166,87,0
9902,11167,288,1
9903,11170,77,0
9904,11171,431,1
9905,4898,204,0
9906,7331,155,0
9907,7686,224,1
9908,4685,762,0
9909,11172,897,1
9910,3055,3,0
9911,11104,42,0
9912,11173,149,1
9913,11174,442,0
9914,4533,40,0
9915,4098,140,0
9916,2716,52,1
9917,5199,1924,1
9918,8749,1944,1
9919,11179,542,0
9920,11180,52,0
9921,10153,3,0
9922,3901,77,0
9923,10618,98,1
9924,11183,445,1
9925,10116,38,0
9926,11157,32,0
9927,11184,126,1
9928,1886,910,0
9929,11185,449,1
9930,11186,0,0
9931,11113,360,1
9932,11188,67,1
9933,11189,52,0
9934,1182,181,0
9935,5411,32,0
9936,11190,43,1
9937,11191,170,1
9938,11195,173,1
9939,205,669,0
9940,8472,242,1
9941,1438,1945,1
9942,11196,210,1
9943,8911,67,1
9944,11200,687,1
9945,11201,91,0
9946,2202,77,0
9947,7514,270,1
9948,11202,802,0
9949,9695,418,0
9950,11203,52,0
9951,7374,101,0
9952,8298,82,1
9953,8211,374,0
9954,11204,13,0
9955,5598,1950,0
9956,880,1951,0
9957,10770,482,1
9958,11205,67,1
9959,907,418,0
9960,1532,77,0
9961,11208,181,1
9962,547,155,0
9963,2183,77,0
9964,6036,648,0
9965,11209,35,1
9966,9964,35,1
9967,8301,32,0
9968,10759,163,1
9969,1534,1952,1
9970,5342,98,1
9971,11047,91,0
9972,615,1643,0
9973,11211,102,0
9974,11212,405,0
9975,1286,48,0
9976,3583,41,0
9977,5916,214,0
9978,6658,653,0
9979,9087,52,0
9980,6722,1028,1
9981,11215,420,1
9982,11216,211,1
9983,10592,24,0
9984,8462,344,1
9985,4885,1953,0
9986,3791,0,0
9987,7036,409,1
9988,5200,48,0
9989,10763,204,0
9990,8905,411,0
9991,10462,224,1
9992,9346,1413,0
9993,1553,56,0
9994,557,80,1
9995,11162,0,0
9996,11225,77,0
9997,11226,715,1
9998,3221,189,1
9999,11227,60,0
10000,157,165,1
10001,7062,1954,0
10002,7211,67,1
10003,7237,654,0
10004,2494,981,1
10005,4767,3,0
10006,11229,32,0
10007,11230,32,0
10008,11231,32,0
10009,7496,77,0
10010,3818,224,1
10011,9936,0,0
10012,7233,226,0
10013,6106,1723,0
10014,3897,1955,0
10015,9375,851,0
10016,6087,67,1
10017,4070,87,1
10018,2329,67,1
10019,11235,464,0
10020,559,40,1
10021,10661,169,0
10022,3470,48,0
10023,3291,128,0
10024,2738,88,0
10025,4885,259,0
10026,2244,442,0
10027,11239,77,0
10028,145,13,0
10029,11242,56,0
10030,934,107,0
10031,1128,0,0
10032,11243,90,0
10033,8182,230,1
10034,3111,140,0
10035,4461,210,1
10036,968,48,0
10037,1962,214,0
10038,49,964,0
10039,10189,115,0
10040,10519,283,0
10041,10613,67,1
10042,11248,345,0
10043,9679,813,1
10044,11250,1896,1
10045,3985,77,0
10046,9183,155,1
10047,1870,1371,0
10048,7907,0,0
10049,69,271,0
10050,11253,77,0
10051,5857,41,0
10052,4653,208,0
10053,5799,60,0
10054,7677,485,0
10055,11256,1725,0
10056,6209,164,1
10057,1903,1051,0
10058,6806,137,0
10059,4033,126,1
10060,11258,464,0
10061,4984,52,0
10062,3255,269,1
10063,9948,846,1
10064,9375,48,0
10065,11260,77,0
10066,11261,105,1
10067,2881,25,0
10068,11262,8,1
10069,2165,546,1
10070,6555,1432,1
10071,2912,113,1
10072,6324,40,1
10073,11265,3,0
10074,1603,1960,1
10075,11268,82,1
10076,11269,344,1
10077,9791,314,1
10078,5455,40,0
10079,4242,0,0
10080,11270,1048,0
10081,11271,39,1
10082,5814,442,0
10083,2415,1962,0
10084,38,587,0
10085,9129,741,1
10086,11273,82,1
10087,11274,214,0
10088,11275,622,0
10089,11276,242,1
10090,11277,89,1
10091,7003,3,0
10092,1683,588,0
10093,3724,3,0
10094,5007,242,0
10095,11279,964,1
10096,9899,3,1
10097,11280,7,0
10098,3416,301,1
10099,857,961,0
10100,11285,140,0
10101,2621,405,0
10102,10558,692,1
10103,9545,409,1
10104,11288,42,0
10105,9598,86,0
10106,5396,77,0
10107,3280,3,0
10108,4921,405,0
10109,5042,1965,0
10110,11295,32,0
10111,7255,1156,0
10112,1152,3,0
10113,7297,39,0
10114,10272,1001,0
10115,5827,343,1
10116,11297,40,1
10117,11298,3,0
10118,10371,3,0
10119,6941,534,1
10120,11299,464,0
10121,3368,198,0
10122,11300,200,0
10123,5249,52,0
10124,511,259,1
10125,11301,343,1
10126,7375,669,1
10127,3198,41,0
10128,11302,32,0
10129,3059,22,0
10130,9323,1030,1
10131,546,0,0
10132,4078,82,1
10133,1262,1786,0
10134,863,363,0
10135,5009,135,1
10136,3112,125,1
10137,4359,242,1
10138,11305,1966,0
10139,6676,149,0
10140,3380,35,1
10141,516,90,1
10142,1729,1395,0
10143,9664,242,1
10144,11308,117,1
10145,5571,344,0
10146,268,91,0
10147,11309,1000,1
10148,6690,42,0
10149,11312,3,0
10150,10099,67,1
10151,596,1730,0
10152,11314,1317,0
10153,9099,223,0
10154,6940,431,0
10155,4491,426,0
10156,1695,32,0
10157,7839,106,0
10158,9335,119,0
10159,2381,315,1
10160,11316,77,0
10161,10475,239,0
10162,11317,445,1
10163,8903,0,0
10164,11065,67,1
10165,11068,198,0
10166,11318,653,1
10167,10729,35,1
10168,11319,128,0
10169,658,77,0
10170,1885,446,1
10171,3491,537,0
10172,11324,369,1
10173,2786,99,1
10174,11325,204,0
10175,6928,588,1
10176,6479,112,0
10177,11327,607,1
10178,5711,128,0
10179,1772,242,0
10180,8244,60,0
10181,6799,3,0
10182,6292,583,0
10183,7831,60,0
10184,11329,326,1
10185,2016,1275,1
10186,196,3,0
10187,8602,160,1
10188,8049,1970,0
10189,5580,214,0
10190,11330,39,0
10191,8070,1744,0
10192,11333,40,1
10193,11334,19,1
10194,3541,223,0
10195,11335,47,1
10196,9147,1109,1
10197,11339,343,1
10198,5454,242,1
10199,4944,48,0
10200,11341,330,1
10201,11342,19,0
10202,9304,91,0
10203,11344,715,1
10204,6451,1971,0
10205,11345,326,1
10206,8124,407,0
10207,11346,67,1
10208,6794,41,0
10209,11349,148,1
10210,3062,0,0
10211,11351,42,0
10212,11352,374,0
10213,11353,77,0
10214,5493,891,0
10215,11355,75,1
10216,5916,536,1
10217,3475,15,1
10218,11356,67,1
10219,3512,48,0
10220,11357,77,0
10221,1432,83,1
10222,11358,1481,0
10223,8887,189,1
10224,8046,694,0
10225,11361,32,0
10226,2621,77,0
10227,944,412,1
10228,7558,139,1
10229,9475,39,1
10230,11363,658,0
10231,7419,60,0
10232,2098,48,0
10233,797,8,1
10234,11364,52,0
10235,1784,959,1
10236,4913,0,0
10237,9152,374,0
10238,8391,237,0
10239,169,891,0
10240,10590,77,0
10241,11369,1972,1
10242,2178,344,1
10243,11370,91,0
10244,10943,125,1
10245,11371,91,0
10246,1072,223,0
10247,11373,7,0
10248,3529,77,0
10249,11376,615,0
10250,1352,91,0
10251,8363,195,0
10252,1518,1974,0
10253,11377,1729,1
10254,1787,1041,1
10255,11379,52,0
10256,11380,86,0
10257,10662,7,0
10258,11381,412,0
10259,11382,42,0
10260,10922,189,1
10261,3853,15,1
10262,11384,116,0
10263,11385,469,0
10264,11386,60,0
10265,2802,935,0
10266,708,22,1
10267,9374,300,1
10268,6713,128,0
10269,2669,1977,1
10270,1515,1859,1
10271,1089,906,0
10272,7416,214,0
10273,11392,654,1
10274,2547,834,0
10275,7012,1979,1
10276,11397,365,0
10277,4146,353,0
10278,2637,220,0
10279,4571,813,1
10280,11400,431,1
10281,11401,67,1
10282,10672,78,1
10283,10535,116,0
10284,9214,48,0
10285,11405,43,1
10286,11406,1354,1
10287,4329,452,0
10288,4999,169,1
10289,2034,0,0
10290,189,0,0
10291,11407,369,1
10292,3269,25,0
10293,8308,24,0
10294,11409,39,1
10295,11086,549,1
10296,11410,771,1
10297,1331,944,0
10298,11214,189,1
10299,3553,3,0
10300,7159,3,0
10301,11411,35,1
10302,11412,719,0
10303,3643,42,0
10304,11413,230,1
10305,839,1957,0
10306,5916,405,1
10307,1117,3,0
10308,4546,181,0
10309,1167,3,0
10310,7273,200,1
10311,6159,3,0
10312,11420,324,1
10313,11287,230,1
10314,4533,762,0
10315,5910,1562,1
10316,11422,77,0
10317,4264,377,0
10318,6936,476,0
10319,2637,236,1
10320,11425,40,1
10321,11150,288,1
10322,3820,79,0
10323,11427,86,1
10324,8404,40,1
10325,863,1355,0
10326,11429,74,1
10327,4860,645,1
10328,11430,247,1
10329,11431,77,0
10330,2847,226,1
10331,6494,79,0
10332,963,39,0
10333,4910,1295,0
10334,11432,1267,1
10335,2415,1564,0
10336,8761,149,0
10337,11434,40,0
10338,7399,83,1
10339,11437,1277,1
10340,285,670,1
10341,11438,122,1
10342,5142,3,0
10343,11439,33,1
10344,2295,7,0
10345,8692,19,0
10346,7764,805,1
10347,2005,19,1
10348,11244,67,1
10349,9932,39,1
10350,11444,56,0
10351,559,223,0
10352,2988,62,0
10353,3930,518,0
10354,4492,1746,0
10355,11445,460,0
10356,10709,196,0
10357,20,223,0
10358,11448,148,1
10359,3206,80,1
10360,1013,8,1
10361,3594,283,1
10362,10828,91,1
10363,11450,169,0
10364,2924,1986,1
10365,11451,22,0
10366,6187,74,0
10367,11453,595,0
10368,11454,126,1
10369,2839,149,0
10370,8881,1551,1
10371,7415,128,0
10372,5583,1161,0
10373,10423,996,0
10374,8097,353,0
10375,11459,210,1
10376,10481,44,0
10377,11460,77,0
10378,1865,1990,0
10379,3948,214,0
10380,3958,405,0
10381,11461,112,1
10382,11462,343,1
10383,1900,223,0
10384,11463,89,0
10385,1957,52,0
10386,11464,1322,1
10387,5717,74,1
10388,1765,101,0
10389,4954,77,0
10390,1248,269,1
10391,3632,77,0
10392,10961,41,0
10393,11468,409,1
10394,10107,35,1
10395,1170,60,0
10396,11469,310,1
10397,9253,397,1
10398,10379,32,0
10399,11472,77,0
10400,8000,446,1
10401,7334,615,0
10402,49,405,0
10403,1661,1991,0
10404,2631,457,0
10405,9363,48,0
10406,11474,67,1
10407,9207,300,1
10408,1744,335,0
10409,3854,242,0
10410,2547,1191,1
10411,11476,242,0
10412,6194,77,0
10413,8718,52,0
10414,10695,56,0
10415,8117,91,1
10416,5314,48,0
10417,11478,518,0
10418,5308,3,0
10419,11479,77,0
10420,1925,7,0
10421,10708,33,1
10422,2576,1051,1
10423,5558,41,0
10424,7242,155,0
10425,400,0,0
10426,10245,35,1
10427,9464,3,0
10428,11483,485,0
10429,7832,90,1
10430,605,77,0
10431,5368,40,1
10432,9826,242,1
10433,11485,343,1
10434,4693,56,0
10435,11486,629,1
10436,7245,38,1
10437,9016,1555,0
10438,581,257,0
10439,11447,77,0
10440,11487,77,0
10441,7133,128,0
10442,11488,93,1
10443,10300,0,0
10444,8821,74,0
10445,1285,133,1
10446,1240,41,0
10447,11492,547,0
10448,10516,7,0
10449,11493,204,0
10450,7470,42,0
10451,10184,246,0
10452,10371,0,0
10453,2823,682,1
10454,5872,3,0
10455,11496,204,0
10456,1578,1471,0
10457,11499,236,1
10458,1291,22,0
10459,10635,0,0
10460,9808,44,0
10461,9373,137,0
10462,8980,170,1
10463,10300,370,1
10464,11173,374,0
10465,11505,91,1
10466,7942,292,0
10467,11510,43,1
10468,2166,60,0
10469,11512,39,0
10470,7069,67,1
10471,3381,22,0
10472,11023,1272,1
10473,6246,32,0
10474,10655,208,0
10475,11513,52,0
10476,11514,220,1
10477,11516,77,0
10478,11517,102,0
10479,5248,463,0
10480,5911,562,0
10481,11519,67,1
10482,8297,128,0
10483,7296,269,0
10484,1791,305,1
10485,11520,229,1
10486,3556,204,0
10487,4685,69,0
10488,8396,77,0
10489,11522,508,0
10490,4818,128,0
10491,1173,93,0
10492,372,188,0
10493,2492,48,0
10494,11523,83,1
10495,11524,1415,1
10496,3059,1997,0
10497,8438,536,1
10498,5966,265,1
10499,2253,271,0
10500,11525,93,0
10501,7413,102,0
10502,7945,40,1
10503,1078,992,0
10504,7027,7,0
10505,11529,7,0
10506,6570,269,1
10507,1787,290,0
10508,11530,0,0
10509,11531,204,0
10510,3285,48,0
10511,7387,1119,0
10512,10962,7,0
10513,3314,1998,1
10514,11533,170,1
10515,840,1051,0
10516,11534,113,1
10517,3148,447,1
10518,3854,405,1
10519,6652,39,1
10520,11535,26,1
10521,2707,39,1
10522,10088,7,0
10523,495,204,0
10524,3396,3,0
10525,11536,229,1
10526,1940,33,0
10527,11537,269,1
10528,2860,90,0
10529,3044,1058,0
10530,5753,15,1
10531,938,77,0
10532,7806,267,0
10533,706,198,0
10534,11543,77,0
10535,11544,7,0
10536,5911,397,1
10537,11546,104,1
10538,7474,533,0
10539,8355,148,1
10540,4452,196,0
10541,3695,859,1
10542,11549,284,1
10543,3560,374,0
10544,4859,7,0
10545,2787,3,0
10546,8912,932,0
10547,2592,67,1
10548,1018,87,1
10549,5968,626,1
10550,3561,1608,1
10551,11551,166,1
10552,6769,7,1
10553,11214,3,0
10554,3553,244,0
10555,553,22,1
10556,11555,3,0
10557,3704,102,0
10558,11557,212,0
10559,6232,818,1
10560,7484,52,0
10561,3499,1496,0
10562,1194,132,0
10563,11558,220,0
10564,11559,47,1
10565,11560,77,0
10566,6195,25,0
10567,4251,3,0
10568,11561,35,1
10569,145,0,0
10570,11562,140,0
10571,6857,3,0
10572,11566,67,1
10573,4053,106,1
10574,11271,7,0
10575,5562,35,1
10576,11056,118,1
10577,20,2001,1
10578,10434,77,0
10579,11568,276,0
10580,11572,353,0
10581,4390,439,0
10582,7264,41,1
10583,10683,2002,1
10584,7109,300,1
10585,2474,1136,0
10586,1359,266,0
10587,10914,140,0
10588,5845,148,1
10589,10706,67,1
10590,11578,77,0
10591,11579,169,1
10592,11580,122,1
10593,5360,242,1
10594,11581,128,0
10595,8948,549,1
10596,5723,67,1
10597,11582,593,0
10598,1009,485,0
10599,10488,204,0
10600,11583,374,0
10601,6659,958,1
10602,7445,77,0
10603,11585,246,0
10604,789,1412,0
10605,49,1384,0
10606,11586,38,1
10607,11071,547,0
10608,8844,231,0
10609,11588,93,1
10610,7391,160,1
10611,2412,101,0
10612,11589,1400,1
10613,5349,310,0
10614,11590,35,1
10615,9487,964,1
10616,5902,1861,1
10617,11593,52,0
10618,115,297,1
10619,11595,58,1
10620,3114,431,1
10621,11596,89,0
10622,10178,91,1
10623,49,991,0
10624,2233,279,1
10625,4742,504,1
10626,7867,460,0
10627,3794,366,1
10628,9318,170,1
10629,3630,0,1
10630,7266,24,0
10631,9263,52,0
10632,5361,429,1
10633,5910,554,1
10634,5042,0,0
10635,2240,217,1
10636,8781,196,0
10637,9283,67,1
10638,377,212,0
10639,11603,460,0
10640,6570,379,1
10641,11606,149,0
10642,217,2007,0
10643,11608,381,1
10644,11609,214,0
10645,11610,77,0
10646,8944,207,1
10647,11611,39,0
10648,3886,77,0
10649,3165,1028,1
10650,159,386,0
10651,5637,284,1
10652,7162,369,1
10653,6537,1211,1
10654,6917,353,0
10655,1078,1161,0
10656,11616,7,0
10657,11617,3,0
10658,11279,447,1
10659,6157,2008,0
10660,7082,583,0
10661,2338,3,0
10662,3405,1437,0
10663,9105,407,0
10664,2227,40,0
10665,1348,15,0
10666,11623,232,1
10667,11624,32,1
10668,3154,562,0
10669,11169,139,1
10670,11626,116,0
10671,2558,2009,0
10672,11628,83,1
10673,2319,786,0
10674,11104,207,0
10675,11632,1885,1
10676,11636,77,0
10677,5685,137,0
10678,11637,42,0
10679,5557,377,0
10680,2533,1241,1
10681,11113,24,0
10682,11638,42,0
10683,4539,7,0
10684,11639,189,1
10685,6023,15,1
10686,2241,46,1
10687,863,2010,0
10688,3559,0,0
10689,6628,357,0
10690,11530,1668,1
10691,6435,33,1
10692,3537,72,0
10693,6706,1483,1
10694,11645,56,0
10695,6479,166,1
10696,4006,115,0
10697,2229,207,1
10698,6451,3,0
10699,7997,40,1
10700,1859,242,0
10701,8082,821,1
10702,11651,1520,1
10703,5171,149,0
10704,11653,160,1
10705,11398,741,1
10706,10181,552,1
10707,4685,22,0
10708,5360,926,1
10709,11655,208,0
10710,4204,315,1
10711,11656,77,0
10712,2035,329,0
10713,3381,0,0
10714,11657,224,1
10715,10270,112,0
10716,11658,60,0
10717,355,369,0
10718,1020,1371,0
10719,13,1267,1
10720,8101,3,1
10721,11660,149,0
10722,4842,266,0
10723,11662,2012,1
10724,5057,212,1
10725,3515,9,1
10726,50,7,0
10727,11663,194,1
10728,11664,191,1
10729,9733,1863,1
10730,11665,39,0
10731,11666,549,1
10732,11667,8,1
10733,1317,779,1
10734,11668,148,1
10735,10548,724,0
10736,11670,126,1
10737,4117,198,0
10738,1632,77,0
10739,9418,42,0
10740,8540,67,1
10741,8961,269,1
10742,9235,67,1
10743,6182,224,1
10744,1770,429,0
10745,5362,233,1
10746,5159,67,1
10747,3140,52,0
10748,5245,849,0
10749,659,1369,1
10750,2377,33,0
10751,3464,428,0
10752,8095,164,1
10753,11675,198,0
10754,11676,242,0
10755,4550,505,0
10756,8248,82,1
10757,1946,8,1
10758,5028,314,1
10759,3504,725,0
10760,926,348,0
10761,8975,204,0
10762,5123,132,0
10763,11681,675,0
10764,6266,1091,1
10765,6474,2013,0
10766,6021,35,1
10767,1844,447,1
10768,11683,449,1
10769,9816,439,0
10770,5050,1113,0
10771,6727,35,0
10772,6446,645,1
10773,11688,77,0
10774,613,441,0
10775,9690,997,1
10776,2895,3,0
10777,9217,132,0
10778,11690,77,0
10779,8106,67,1
10780,11691,1432,0
10781,11692,58,1
10782,6795,232,1
10783,7541,330,1
10784,11333,32,0
10785,3269,3,0
10786,11693,77,0
10787,205,257,0
10788,11694,42,0
10789,10803,310,0
10790,207,35,1
10791,11696,101,0
10792,8412,329,0
10793,11698,32,0
10794,5914,22,0
10795,344,149,0
10796,5429,1237,0
10797,3469,107,1
10798,11702,431,1
10799,15,300,1
10800,10495,7,0
10801,4224,220,0
10802,1173,54,0
10803,11704,442,0
10804,2475,1864,1
10805,11705,42,0
10806,868,24,0
10807,11707,758,0
10808,5417,149,0
10809,4047,365,0
10810,10964,77,0
10811,1844,242,1
10812,8251,380,1
10813,10960,48,1
10814,10125,40,1
10815,2694,2019,0
10816,11711,115,0
10817,2882,269,1
10818,11712,77,0
10819,10211,35,1
10820,1729,1095,1
10821,161,164,1
10822,11715,149,1
10823,1629,117,0
10824,3208,59,0
10825,11717,102,0
10826,2300,58,1
10827,7954,46,1
10828,6709,149,0
10829,11160,200,0
10830,2857,834,1
10831,7260,267,0
10832,11722,424,1
10833,9352,276,1
10834,155,0,0
10835,10089,126,1
10836,3794,457,0
10837,10951,1580,0
10838,3323,0,0
10839,6098,7,0
10840,11724,26,1
10841,1807,1975,0
10842,3930,267,0
10843,3936,884,0
10844,11726,52,0
10845,11727,2021,0
10846,3277,41,0
10847,2652,9,1
10848,288,2023,0
10849,11026,160,1
10850,2067,412,0
10851,11729,237,0
10852,10571,405,0
10853,4451,137,0
10854,4650,269,1
10855,11731,269,0
10856,5166,2024,1
10857,11732,242,1
10858,11733,7,0
10859,1601,484,0
10860,4523,495,0
10861,3878,122,0
10862,7548,301,1
10863,7852,52,0
10864,1018,1135,1
10865,451,77,0
10866,4698,818,1
10867,5367,602,0
10868,7407,74,0
10869,9787,1736,0
10870,5049,1099,1
10871,3808,39,0
10872,11739,54,0
10873,8533,1050,1
10874,11740,343,1
10875,6290,220,1
10876,10133,122,1
10877,6418,758,0
10878,274,1095,1
10879,6594,126,1
10880,11741,873,0
10881,6665,135,1
10882,5345,91,0
10883,4994,8,1
10884,11743,56,0
10885,11745,102,0
10886,2438,131,0
10887,1593,2025,1
10888,8903,189,1
10889,4683,157,1
10890,11748,1471,1
10891,9163,196,0
10892,2637,399,0
10893,11749,77,0
10894,3401,67,1
10895,2491,392,0
10896,10379,546,1
10897,6864,969,1
10898,6075,41,0
10899,8076,3,0
10900,11632,666,0
10901,11753,262,1
10902,11755,204,0
10903,5046,86,0
10904,6994,140,0
10905,10183,77,0
10906,7049,343,1
10907,2364,1067,0
10908,11758,200,0
10909,11759,809,0
10910,11760,128,0
10911,10102,546,1
10912,4039,41,0
10913,11764,214,0
10914,5493,0,0
10915,8071,35,1
10916,10782,67,1
10917,11765,809,0
10918,11767,35,1
10919,5049,223,0
10920,4222,220,0
10921,10257,467,1
10922,2599,399,1
10923,4820,692,1
10924,11772,741,1
10925,544,724,0
10926,3894,56,0
10927,3230,242,0
10928,892,119,0
10929,8322,762,1
10930,8315,2027,0
10931,1886,223,0
10932,9591,33,0
10933,2429,223,0
10934,4735,0,0
10935,9690,41,0
10936,7033,1684,0
10937,9179,48,0
10938,7577,224,1
10939,4984,62,0
10940,904,183,1
10941,9773,77,0
10942,4702,196,0
10943,9200,7,0
10944,7542,40,1
10945,11040,26,1
10946,53,25,0
10947,4782,47,1
10948,11778,353,0
10949,1695,1247,0
10950,10208,67,1
10951,8762,1000,1
10952,11779,39,1
10953,161,48,0
10954,4842,41,0
10955,6498,135,1
10956,7223,1637,0
10957,3719,3,0
10958,11780,242,1
10959,11781,40,1
10960,9698,396,0
10961,8985,908,0
10962,417,1036,1
10963,960,1427,1
10964,6664,521,1
10965,11175,369,1
10966,1275,63,1
10967,3801,230,1
10968,9020,35,1
10969,11782,588,1
10970,4990,1564,0
10971,6802,242,0
10972,10384,43,1
10973,152,490,0
10974,11784,1063,1
10975,11274,212,1
10976,11786,77,0
10977,2846,3,0
10978,6451,19,1
10979,1280,511,1
10980,9092,3,0
10981,5490,1200,1
10982,8889,0,0
10983,8330,42,0
10984,11787,446,0
10985,1213,926,1
10986,11503,13,0
10987,11788,128,0
10988,11789,67,1
10989,9822,583,0
10990,1331,490,1
10991,11790,40,1
10992,8371,77,0
10993,11792,39,0
10994,11793,86,0
10995,579,48,0
10996,9620,93,1
10997,11794,242,0
10998,2646,0,0
10999,8460,210,1
11000,10135,196,0
11001,591,3,0
11002,11798,67,1
11003,180,19,1
11004,11799,240,1
11005,3958,0,0
11006,8241,204,0
11007,11804,119,0
11008,9149,337,0
11009,11178,169,1
11010,6504,3,0
11011,10060,39,1
11012,11806,126,1
11013,10113,204,0
11014,1266,133,0
11015,11807,112,0
11016,11808,258,0
11017,6659,555,0
11018,11809,42,0
11019,1343,546,1
11020,7582,365,1
11021,2491,3,0
11022,2783,155,0
11023,711,230,1
11024,11817,343,1
11025,10229,25,0
11026,372,2031,1
11027,6174,547,0
11028,5901,7,0
11029,11819,620,1
11030,8250,189,1
11031,1413,1632,1
11032,2793,24,0
11033,1182,19,0
11034,3350,2032,1
11035,40,329,0
11036,11823,43,1
11037,11824,194,1
11038,11825,128,0
11039,3510,115,0
11040,4607,926,0
11041,5684,870,1
11042,777,67,1
11043,2897,565,0
11044,11828,258,0
11045,11580,1032,0
11046,11829,460,0
11047,99,204,0
11048,49,279,0
11049,11834,511,1
11050,11835,52,0
11051,5459,0,0
11052,1516,329,1
11053,11277,200,1
11054,9035,1183,1
11055,152,196,0
11056,11837,2035,0
11057,1627,80,0
11058,457,1079,0
11059,11838,562,0
11060,1089,566,0
11061,1813,47,1
11062,11840,42,0
11063,3897,2036,0
11064,11841,77,0
11065,11842,272,1
11066,11843,290,0
11067,48,2037,0
11068,7187,67,1
11069,5200,226,0
11070,5244,48,0
11071,5812,0,0
11072,6369,3,0
11073,5956,678,0
11074,3291,1246,1
11075,828,102,0
11076,2389,3,0
11077,10854,77,0
11078,6976,102,0
11079,935,290,0
11080,1638,1045,1
11081,3508,52,0
11082,10023,412,0
11083,11847,3,0
11084,5057,1246,0
11085,11848,1317,0
11086,2924,26,0
11087,6444,77,0
11088,4503,3,0
11089,11849,262,1
11090,11850,2038,1
11091,11851,77,0
11092,4005,101,0
11093,5746,48,0
11094,9313,208,0
11095,4957,77,0
11096,2702,204,0
11097,3955,115,0
11098,9511,214,1
11099,9447,196,0
11100,11183,13,0
11101,11853,52,0
11102,3965,33,1
11103,11854,67,1
11104,11016,52,0
11105,11855,284,1
11106,11856,447,1
11107,11858,741,1
11108,1012,0,0
11109,606,447,0
11110,8611,210,1
11111,3710,540,1
11112,11861,91,0
11113,925,62,0
11114,10701,412,0
11115,2861,3,0
11116,11863,99,1
11117,11864,137,0
11118,10343,547,0
11119,4581,39,1
11120,3403,7,0
11121,183,195,1
11122,6354,204,0
11123,5458,2041,0
11124,11711,131,0
11125,11867,60,0
11126,11868,40,1
11127,630,223,0
11128,5424,615,0
11129,372,41,0
11130,11870,208,1
11131,3978,3,0
11132,11871,343,1
11133,9048,40,1
11134,6516,1063,1
11135,8315,196,0
11136,348,428,0
11137,7193,115,0
11138,7376,0,0
11139,335,3,0
11140,653,2043,1
11141,11873,67,1
11142,11874,67,1
11143,642,9,1
11144,8459,39,1
11145,11875,429,0
11146,1161,91,0
11147,2088,48,0
11148,9169,90,1
11149,577,33,0
11150,2130,0,0
11151,11881,67,1
11152,11882,542,0
11153,108,220,1
11154,7626,54,1
11155,8299,52,0
11156,3955,3,0
11157,7690,77,0
11158,4341,48,0
11159,11885,1766,1
11160,1778,201,0
11161,5744,2046,0
11162,11886,304,1
11163,10129,35,1
11164,10047,39,1
11165,6138,482,1
11166,11889,593,1
11167,10746,813,1
11168,10277,550,0
11169,679,39,1
11170,11722,546,0
11171,48,2047,1
11172,10392,67,1
11173,960,223,0
11174,10408,102,0
11175,6665,3,0
11176,267,242,0
11177,11890,32,0
11178,7588,35,1
11179,11893,60,0
11180,3940,204,0
11181,1962,365,0
11182,571,77,0
11183,6451,1536,0
11184,9510,1114,0
11185,606,504,1
11186,3750,1598,0
11187,11895,43,0
11188,7970,148,1
11189,20,2050,1
11190,11896,654,1
11191,7133,43,0
11192,11898,504,1
11193,11899,900,0
11194,11074,936,0
11195,4944,3,0
11196,596,0,0
11197,1234,189,1
11198,11280,35,1
11199,11900,155,0
11200,11901,1400,1
11201,6889,77,0
11202,7527,0,0
11203,1069,223,0
11204,8670,1719,0
11205,11212,7,1
11206,6675,3,0
11207,856,987,0
11208,3282,223,0
11209,7429,21,0
11210,11903,645,0
11211,2901,211,1
11212,11905,739,1
11213,8259,658,0
11214,5315,242,1
11215,11906,954,1
11216,7512,67,1
11217,11908,562,0
11218,9780,3,0
11219,759,2052,1
11220,10950,330,1
11221,11910,1107,0
11222,10145,1515,1
11223,4562,374,0
11224,11912,224,1
11225,2355,209,0
11226,76,46,1
11227,11914,1068,0
11228,11057,128,0
11229,2756,447,1
11230,10911,122,0
11231,8857,25,0
11232,2081,269,1
11233,11919,431,0
11234,8621,0,0
11235,880,91,0
11236,3636,35,1
11237,11920,3,0
11238,3512,3,0
11239,11921,592,1
11240,11652,67,1
11241,1077,13,0
11242,3838,1788,0
11243,9558,3,0
11244,11924,1605,0
11245,11013,39,1
11246,8398,7,0
11247,577,447,1
11248,3533,119,0
11249,11492,546,1
11250,7625,52,0
11251,5179,41,0
11252,11927,35,0
11253,2621,113,0
11254,11928,869,0
11255,5099,699,0
11256,5179,160,1
11257,11929,369,1
11258,3929,1299,0
11259,10491,77,0
11260,6930,0,0
11261,8801,35,0
11262,9381,67,1
11263,4761,41,0
11264,1620,52,0
11265,5744,508,0
11266,4458,0,0
11267,8347,1783,1
11268,10497,39,1
11269,2076,89,0
11270,3430,33,0
11271,9801,160,0
11272,11933,67,1
11273,8141,77,0
11274,5341,0,0
11275,8825,7,0
11276,3917,813,1
11277,11935,237,1
11278,11939,67,1
11279,10356,949,1
11280,2930,624,0
11281,7517,297,0
11282,124,343,1
11283,11944,43,1
11284,8948,149,0
11285,349,344,0
11286,2429,702,0
11287,4132,2037,0
11288,2201,270,1
11289,4826,126,1
11290,11946,200,0
11291,11949,170,1
11292,1771,48,0
11293,11950,428,1
11294,3662,329,0
11295,8252,286,0
11296,8383,344,0
11297,11952,690,1
11298,11953,548,1
11299,2535,24,0
11300,11491,33,0
11301,4040,42,0
11302,11136,1382,1
11303,11956,42,0
11304,3567,391,0
11305,9427,418,0
11306,11960,77,0
11307,3079,0,0
11308,11962,214,1
11309,5006,2057,0
11310,11963,3,0
11311,5009,427,1
11312,351,894,0
11313,11965,89,1
11314,748,587,0
11315,1093,242,0
11316,11966,128,0
11317,5921,3,0
11318,7088,39,0
11319,3247,149,0
11320,10163,7,1
11321,652,815,1
11322,827,3,0
11323,11972,41,0
11324,10859,1760,1
11325,11973,170,1
11326,3967,716,1
11327,10682,58,1
11328,1520,1660,1
11329,6816,211,1
11330,11976,2060,1
11331,553,89,1
11332,11977,77,0
11333,11978,155,0
11334,11980,101,0
11335,11561,39,0
11336,7297,35,1
11337,10233,93,1
11338,5050,1429,0
11339,11982,401,1
11340,8801,39,1
11341,2763,90,0
11342,2711,2061,1
11343,9135,67,1
11344,498,627,1
11345,4528,35,1
11346,11876,2062,1
11347,9737,48,0
11348,7555,39,1
11349,11985,52,0
11350,11380,91,0
11351,1690,1462,0
11352,11986,40,1
11353,8340,0,0
11354,4761,48,0
11355,734,2065,1
11356,11060,67,1
11357,7110,1576,1
11358,4215,220,1
11359,8511,575,0
11360,4921,220,1
11361,11990,52,0
11362,8082,968,1
11363,6327,1040,1
11364,475,2066,0
11365,3550,3,0
11366,658,286,0
11367,11946,687,1
11368,11992,169,1
11369,4439,246,0
11370,11995,204,0
11371,7105,1021,1
11372,10858,56,0
11373,2368,41,0
11374,2422,172,0
11375,4022,234,0
11376,11020,77,0
11377,11822,133,0
11378,305,242,0
11379,1369,809,1
11380,1291,399,0
11381,12002,21,0
11382,305,128,0
11383,1686,33,1
11384,2520,262,1
11385,65,460,0
11386,5557,1891,0
11387,6563,270,1
11388,12004,77,0
11389,6526,77,0
11390,875,29,0
11391,893,2069,0
11392,1904,200,0
11393,12006,851,1
11394,1359,803,0
11395,475,230,1
11396,12008,214,0
11397,5681,431,1
11398,4759,480,0
11399,8316,137,0
11400,1804,204,0
11401,3361,549,1
11402,314,1816,1
11403,12012,77,0
11404,9355,1467,0
11405,12013,242,0
11406,10453,67,1
11407,12014,809,0
11408,12015,40,1
11409,9261,431,1
11410,7505,261,0
11411,2871,140,0
11412,2786,240,0
11413,7360,457,0
11414,12017,77,0
11415,10030,93,1
11416,8519,35,1
11417,734,1571,0
11418,2912,365,1
11419,7229,3,0
11420,12019,91,1
11421,12020,67,1
11422,7606,615,0
11423,1168,849,0
11424,7633,101,0
11425,4906,1826,1
11426,8476,102,0
11427,6682,200,0
11428,8822,1481,0
11429,10189,189,1
11430,3126,39,0
11431,83,35,1
11432,9698,1114,1
11433,1902,77,0
11434,12024,8,1
11435,12025,91,0
11436,9141,443,0
11437,9847,43,0
11438,5293,19,1
11439,7517,19,1
11440,6082,1439,1
11441,3733,374,0
11442,12027,220,1
11443,7871,42,0
11444,3579,48,0
11445,5212,3,0
11446,8782,198,0
11447,11102,412,0
11448,12031,39,1
11449,12032,83,1
11450,8140,237,1
11451,5776,137,0
11452,1435,67,1
11453,8212,741,1
11454,2316,546,0
11455,2037,223,0
11456,5666,242,0
11457,7761,254,0
11458,1570,259,0
11459,9219,1293,0
11460,6220,21,1
11461,12035,40,1
11462,4170,2073,1
11463,865,67,1
11464,2048,108,0
11465,6011,1760,1
11466,12038,211,1
11467,12039,223,0
11468,5253,267,0
11469,481,2074,1
11470,1596,2075,1
11471,9464,77,0
11472,3289,74,0
11473,12040,137,0
11474,12042,161,1
11475,12044,132,0
11476,5019,72,0
11477,3199,1272,1
11478,12045,269,1
11479,4438,457,0
11480,1977,410,1
11481,12046,195,0
11482,9898,41,1
11483,7830,369,1
11484,12047,0,0
11485,11515,60,0
11486,5930,155,1
11487,12048,3,0
11488,1085,242,0
11489,7128,160,1
11490,4248,207,0
11491,606,113,0
11492,9330,102,0
11493,12051,40,1
11494,2666,3,0
11495,12054,67,1
11496,11003,3,0
11497,9207,583,0
11498,6411,149,0
11499,1361,2076,0
11500,5926,58,1
11501,9702,0,0
11502,11637,126,1
11503,568,374,0
11504,1985,196,0
11505,10587,165,1
11506,4314,0,0
11507,4579,40,1
11508,897,944,0
11509,7008,1026,1
11510,12061,284,1
11511,2599,1454,1
11512,2432,33,1
11513,2475,133,0
11514,12065,326,1
11515,1821,947,1
11516,1230,58,1
11517,10312,254,0
11518,178,2077,1
11519,10988,1023,1
11520,2663,813,1
11521,6257,155,1
11522,12067,126,1
11523,595,234,0
11524,12068,348,1
11525,12069,3,0
11526,12070,1454,1
11527,12071,653,0
11528,611,2078,1
11529,12072,257,1
11530,12074,32,0
11531,3803,67,1
11532,12076,204,0
11533,10736,0,0
11534,12078,220,0
11535,1309,842,1
11536,6374,505,0
11537,11843,220,1
11538,12081,74,1
11539,5562,7,0
11540,5757,24,0
11541,12082,99,1
11542,12083,7,0
11543,3878,991,0
11544,2001,7,0
11545,11103,692,1
11546,10120,41,0
11547,12087,155,0
11548,268,329,0
11549,2703,530,1
11550,9690,3,0
11551,12090,442,0
11552,3216,785,0
11553,12091,749,0
11554,10825,52,1
11555,12093,370,1
11556,12094,997,1
11557,205,212,0
11558,4259,41,0
11559,2364,391,0
11560,12097,67,1
11561,2319,1909,0
11562,615,1723,0
11563,12099,7,0
11564,10178,234,0
11565,12101,210,1
11566,12103,562,0
11567,1889,41,0
11568,12104,3,0
11569,2585,41,0
11570,11412,697,0
11571,5829,1317,0
11572,10746,634,0
11573,8942,35,1
11574,12107,269,0
11575,4047,212,1
11576,9959,3,0
11577,2319,2083,1
11578,11507,128,0
11579,11101,204,0
11580,3541,86,0
11581,6767,1465,1
11582,3448,93,1
11583,9773,2084,0
11584,10587,115,0
11585,12112,357,0
11586,11101,52,0
11587,4830,115,0
11588,8174,3,0
11589,12117,128,1
11590,4337,211,1
11591,3878,220,0
11592,1095,207,0
11593,3750,3,1
11594,12119,2085,1
11595,2821,749,0
11596,4980,0,0
11597,9244,627,1
11598,12120,40,1
11599,6661,77,0
11600,2039,3,0
11601,12122,149,0
11602,9507,39,1
11603,2640,437,0
11604,12123,908,1
11605,2523,786,0
11606,10992,815,1
11607,12124,259,1
11608,10214,149,1
11609,4398,52,0
11610,2446,612,0
11611,488,204,0
11612,12125,412,0
11613,12126,77,0
11614,12127,542,1
11615,12128,126,1
11616,9668,295,0
11617,355,1237,0
11618,12129,77,1
11619,3778,91,0
11620,12131,52,0
11621,1962,89,0
11622,12132,39,0
11623,6627,813,1
11624,12133,0,0
11625,3163,0,0
11626,5013,79,0
11627,11014,269,1
11628,12135,7,0
11629,1040,3,0
11630,12136,104,1
11631,11278,77,0
11632,5992,35,1
11633,12138,947,1
11634,4655,259,1
11635,12139,276,1
11636,332,200,1
11637,8934,77,0
11638,12141,326,0
11639,6405,3,0
11640,6487,3,0
11641,6446,41,0
11642,684,2086,1
11643,12144,1954,1
11644,4554,89,1
11645,5294,46,1
11646,12145,90,0
11647,10715,72,0
11648,7407,399,0
11649,11800,2087,0
11650,12148,195,0
11651,3427,967,0
11652,12150,607,1
11653,9066,41,0
11654,1563,1719,0
11655,11906,3,0
11656,11003,139,1
11657,11416,52,0
11658,12154,155,0
11659,7514,77,0
11660,6384,947,1
11661,1282,77,0
11662,11007,2089,1
11663,12155,106,1
11664,12156,116,0
11665,2919,467,1
11666,12158,232,1
11667,10009,91,1
11668,12159,259,0
11669,10179,48,0
11670,3948,220,0
11671,6205,288,1
11672,12162,480,0
11673,3323,3,0
11674,3940,52,0
11675,2494,716,1
11676,11312,891,0
11677,4713,126,1
11678,8589,149,0
11679,1975,446,0
11680,12163,412,0
11681,5806,196,1
11682,2567,32,0
11683,9390,296,1
11684,9225,41,0
11685,9472,3,0
11686,8249,91,0
11687,1161,1488,1
11688,912,237,0
11689,10390,189,1
11690,12167,67,1
11691,12169,148,1
11692,12170,126,1
11693,10119,77,0
11694,4547,224,1
11695,145,41,0
11696,9241,137,0
11697,4512,87,1
11698,3906,88,0
11699,7276,26,0
11700,10357,897,1
11701,11032,56,0
11702,942,952,1
11703,9497,39,1
11704,3800,77,0
11705,12172,3,0
11706,8140,626,1
11707,12173,813,1
11708,157,189,1
11709,1475,32,0
11710,6665,78,1
11711,1175,25,0
11712,8961,77,0
11713,12176,77,0
11714,6505,2092,0
11715,12178,304,1
11716,1331,1353,0
11717,12181,441,1
11718,2743,0,0
11719,326,223,0
11720,5359,481,0
11721,2446,0,0
11722,5400,3,0
11723,2654,91,1
11724,12185,77,0
11725,4273,224,1
11726,49,1407,0
11727,10577,126,1
11728,7066,1536,0
11729,12189,343,1
11730,2770,98,0
11731,2081,169,0
11732,8375,1142,0
11733,764,90,1
11734,12190,108,0
11735,5553,3,0
11736,10006,77,0
11737,12191,464,0
11738,508,2093,0
11739,4825,3,0
11740,11815,67,1
11741,6522,242,0
11742,7184,2094,1
11743,689,849,0
11744,12193,82,1
11745,3190,102,0
11746,12194,276,0
11747,5721,52,0
11748,1636,1322,1
11749,12197,32,0
11750,5350,379,1
11751,6918,19,1
11752,11475,149,0
11753,10960,41,0
11754,12198,620,1
11755,12199,35,1
11756,1871,964,1
11757,12200,47,1
11758,10564,1132,1
11759,6705,926,0
11760,11749,464,1
11761,12201,231,0
11762,2032,44,0
11763,9290,33,1
11764,8137,7,0
11765,9784,262,1
11766,2841,405,1
11767,12202,634,0
11768,847,32,0
11769,6709,758,1
11770,827,0,0
11771,12203,25,0
11772,4071,2095,0
11773,8867,575,0
11774,7151,374,0
11775,6180,204,0
11776,7191,58,0
11777,8121,214,0
11778,4503,441,0
11779,1428,269,1
11780,12206,13,0
11781,675,0,0
11782,8765,39,1
11783,1561,1698,0
11784,12208,1183,1
11785,1573,131,0
11786,12211,119,0
11787,11231,40,1
11788,4910,155,1
11789,12212,188,0
11790,4689,2097,0
11791,5186,443,1
11792,10569,56,0
11793,12214,15,1
11794,9456,19,0
11795,9214,164,1
11796,9092,77,0
11797,12216,77,0
11798,12217,3,0
11799,11376,910,0
11800,11094,41,0
11801,5277,267,0
11802,4973,24,0
11803,4442,208,0
11804,12220,122,1
11805,12221,170,1
11806,5065,1082,0
11807,5355,3,0
11808,12223,412,0
11809,267,476,0
11810,12225,82,1
11811,5305,204,0
11812,7118,992,0
11813,122,3,0
11814,12228,126,1
11815,11417,677,1
11816,8969,91,1
11817,12229,67,1
11818,5955,425,1
11819,411,98,1
11820,12232,47,1
11821,12233,3,0
11822,3871,86,0
11823,12234,739,1
11824,12235,232,1
11825,12236,122,0
11826,12237,67,1
11827,847,399,0
11828,7027,35,1
11829,3861,0,0
11830,1762,90,0
11831,12239,86,0
11832,4251,189,1
11833,12240,19,1
11834,3325,3,0
11835,11877,93,1
11836,3397,86,0
11837,10120,0,0
11838,3656,52,0
11839,12245,770,1
11840,2641,89,0
11841,4072,407,0
11842,9350,67,1
11843,8347,1456,0
11844,7086,834,0
11845,12247,82,1
11846,12248,137,0
11847,10375,39,0
11848,1520,789,1
11849,4345,272,1
11850,4492,40,1
11851,8691,536,1
11852,5362,154,0
11853,4992,214,1
11854,12251,67,1
11855,1744,1331,0
11856,5353,208,0
11857,948,89,1
11858,12253,35,1
11859,12254,2100,0
11860,12193,3,0
11861,1336,2101,1
11862,348,446,0
11863,12256,1051,1
11864,5017,77,0
11865,12257,242,1
11866,1701,128,1
11867,1655,77,1
11868,10479,2007,0
11869,12259,0,0
11870,7339,8,1
11871,12260,3,0
11872,9095,135,1
11873,53,484,0
11874,6050,654,0
11875,614,41,0
11876,8651,405,1
11877,4129,588,1
11878,4397,3,0
11879,8815,125,0
11880,132,200,1
11881,11385,548,1
11882,3861,41,0
11883,2805,897,1
11884,1900,234,0
11885,9046,75,1
11886,3103,52,0
11887,4193,126,1
11888,922,964,1
11889,4792,42,0
11890,4776,297,0
11891,10360,626,1
11892,12268,568,1
11893,12011,67,1
11894,12269,43,1
11895,8761,785,0
11896,411,612,0
11897,10520,35,1
11898,6760,48,0
11899,7724,0,0
11900,6577,52,0
11901,9251,35,1
11902,9856,54,0
11903,5853,60,0
11904,9078,56,0
11905,986,52,0
11906,6073,0,0
11907,4202,3,0
11908,12277,40,1
11909,7090,7,1
11910,4775,428,1
11911,5290,21,0
11912,12278,495,0
11913,12279,91,0
11914,12280,32,0
11915,1089,1276,0
11916,3117,212,1
11917,11053,77,0
11918,11711,165,1
11919,12283,200,0
11920,12284,67,1
11921,1423,0,0
11922,12285,533,0
11923,12286,259,1
11924,12287,39,1
11925,12288,242,0
11926,212,2104,0
11927,12285,1050,1
11928,9388,172,0
11929,1095,918,0
11930,5421,329,0
11931,176,42,0
11932,12291,77,0
11933,1024,56,0
11934,10609,149,1
11935,3235,2105,0
11936,12292,609,1
11937,10030,518,0
11938,6585,2106,0
11939,380,67,1
11940,12293,26,0
11941,988,33,1
11942,2382,534,1
11943,12296,1562,0
11944,8638,374,0
11945,9411,288,0
11946,802,200,0
11947,7658,126,1
11948,2992,196,0
11949,5227,405,0
11950,12298,412,0
11951,10993,41,0
11952,3035,189,1
11953,7495,22,0
11954,10217,212,0
11955,12299,908,0
11956,9758,196,0
11957,10300,380,1
11958,6536,230,1
11959,3405,0,0
11960,4649,126,1
11961,12302,198,0
11962,5382,344,0
11963,11036,48,0
11964,1380,3,0
11965,4920,770,0
11966,904,223,0
11967,5432,223,0
11968,9405,91,0
11969,12306,687,1
11970,4035,588,0
11971,835,1552,1
11972,2846,427,1
11973,12307,196,0
11974,11143,329,1
11975,3464,220,0
11976,4276,326,0
11977,9531,217,1
11978,12309,189,1
11979,3546,310,0
11980,6742,52,0
11981,12313,771,1
11982,12315,7,0
11983,10928,1667,1
11984,4932,427,1
11985,4686,768,0
11986,10087,344,1
11987,6101,1051,1
11988,12316,412,0
11989,11162,3,0
11990,12317,126,1
11991,12318,52,0
11992,12319,3,0
11993,5278,106,0
11994,12321,67,1
11995,2469,458,0
11996,12324,32,0
11997,2528,135,1
11998,4685,72,1
11999,472,153,0
12000,3181,48,0
12001,4489,196,0
12002,20,3,0
12003,9716,785,0
12004,1159,39,1
12005,12175,593,1
12006,2208,446,0
12007,2311,25,0
12008,12328,3,0
12009,1275,77,0
12010,4023,472,1
12011,9601,60,0
12012,4984,0,0
12013,12329,83,1
12014,7119,369,1
12015,4731,467,1
12016,9196,3,0
12017,3163,699,1
12018,7776,495,0
12019,12330,753,0
12020,308,8,1
12021,12333,77,0
12022,5954,875,0
12023,12332,442,0
12024,5424,77,0
12025,12334,0,0
12026,5568,770,0
12027,9375,41,0
12028,12336,3,0
12029,8538,1493,0
12030,12337,101,0
12031,3465,1127,1
12032,53,2111,1
12033,91,22,1
12034,12339,140,0
12035,7834,137,0
12036,2605,1173,1
12037,10339,547,0
12038,9230,77,0
12039,48,40,0
12040,2313,1663,1
12041,12340,40,1
12042,4273,3,0
12043,12342,52,0
12044,12343,476,0
12045,12345,148,1
12046,12346,43,0
12047,9327,86,0
12048,12347,908,0
12049,3074,214,0
12050,1089,1577,0
12051,12349,341,0
12052,2105,869,0
12053,2618,200,0
12054,5808,26,0
12055,348,242,0
12056,8199,220,0
12057,12351,67,1
12058,6512,25,0
12059,12352,2112,1
12060,6822,0,0
12061,4944,196,0
12062,12353,3,0
12063,9029,214,0
12064,4158,137,0
12065,3226,115,0
12066,8001,52,0
12067,5355,77,0
12068,12360,43,1
12069,377,261,1
12070,12362,188,0
12071,544,329,1
12072,9708,424,1
12073,10905,60,0
12074,5935,254,0
12075,5445,189,1
12076,387,1540,0
12077,990,47,1
12078,11924,533,1
12079,7054,0,0
12080,3229,77,0
12081,7595,3,0
12082,2533,3,0
12083,7995,83,1
12084,11135,15,0
12085,7831,3,0
12086,1344,40,0
12087,5491,980,1
12088,1969,52,0
12089,49,936,0
12090,144,76,0
12091,5657,1011,1
12092,12369,242,1
12093,4106,223,0
12094,10593,369,1
12095,6887,63,0
12096,12370,67,1
12097,3149,41,0
12098,1254,38,0
12099,11833,1113,0
12100,451,210,1
12101,3163,77,0
12102,12371,108,0
12103,6854,326,1
12104,12373,89,0
12105,1771,77,0
12106,6261,458,1
12107,5419,189,1
12108,4968,25,0
12109,12377,288,1
12110,12378,1972,1
12111,7633,588,0
12112,846,492,0
12113,4672,128,0
12114,4675,609,1
12115,475,1354,1
12116,249,33,0
12117,12381,189,1
12118,12382,442,0
12119,12383,1028,1
12120,12384,32,1
12121,3059,1149,0
12122,2950,40,1
12123,475,398,0
12124,8609,169,0
12125,5609,163,0
12126,8208,315,1
12127,3632,67,0
12128,2326,140,0
12129,11248,851,0
12130,12387,341,1
12131,6190,200,1
12132,4015,343,1
12133,5149,67,1
12134,11229,40,1
12135,11991,52,0
12136,12390,719,0
12137,9826,22,1
12138,12392,163,0
12139,12393,77,0
12140,7876,149,0
12141,1984,25,0
12142,3500,40,1
12143,12394,405,0
12144,7186,67,1
12145,9687,204,0
12146,2108,3,0
12147,7374,160,0
12148,12395,547,0
12149,10775,40,1
12150,12397,148,1
12151,8340,48,0
12152,69,54,0
12153,11379,912,1
12154,6272,2116,0
12155,6455,1744,0
12156,10435,170,1
12157,9,244,0
12158,5200,41,0
12159,11497,52,0
12160,11017,343,0
12161,9114,818,0
12162,7406,212,1
12163,566,2117,0
12164,12400,549,1
12165,6673,562,0
12166,8807,266,0
12167,9758,1792,1
12168,9899,32,0
12169,1128,48,0
12170,8536,762,0
12171,1609,0,0
12172,7507,405,0
12173,665,1584,0
12174,9776,2118,0
12175,4249,2120,0
12176,5057,2121,0
12177,9066,67,1
12178,9200,35,1
12179,9263,204,0
12180,5697,3,0
12181,6595,78,1
12182,8827,8,1
12183,7864,77,0
12184,8955,1063,1
12185,372,1010,0
12186,5171,374,0
12187,664,77,0
12188,12404,170,1
12189,8371,411,1
12190,867,1255,1
12191,5034,397,1
12192,10215,0,0
12193,12405,629,1
12194,607,7,0
12195,6217,149,0
12196,4631,91,0
12197,12406,8,1
12198,4446,492,1
12199,158,125,1
12200,1903,407,0
12201,2947,246,0
12202,6498,78,1
12203,7481,615,0
12204,1779,67,1
12205,2475,2124,0
12206,12409,82,1
12207,8827,0,0
12208,11627,26,0
12209,5362,19,0
12210,5086,267,0
12211,5211,19,1
12212,2121,458,1
12213,2014,300,1
12214,2474,121,1
12215,11838,397,1
12216,9935,242,1
12217,7684,67,1
12218,10723,41,0
12219,5366,749,0
12220,10436,39,1
12221,4741,102,0
12222,10330,21,0
12223,8715,796,1
12224,10700,269,1
12225,419,414,1
12226,7371,1077,0
12227,6174,546,1
12228,10336,2126,1
12229,8560,22,0
12230,2621,446,0
12231,12416,26,0
12232,4847,52,0
12233,11262,0,0
12234,6166,269,1
12235,10343,246,0
12236,7342,7,0
12237,12418,40,1
12238,387,2023,0
12239,12420,7,1
12240,9433,40,1
12241,6277,24,0
12242,2391,77,0
12243,10487,254,0
12244,4122,0,0
12245,2626,3,0
12246,2924,1029,0
12247,12422,3,0
12248,1130,86,1
12249,85,443,1
12250,5365,2127,0
12251,1591,304,1
12252,9407,82,1
12253,9092,41,0
12254,10029,86,0
12255,7976,654,0
12256,2087,1142,0
12257,814,60,0
12258,12424,2108,1
12259,20,196,0
12260,4180,353,0
12261,12429,48,0
12262,12430,272,1
12263,1759,736,1
12264,3582,857,1
12265,12431,67,1
12266,12432,214,0
12267,7136,3,0
12268,2316,25,0
12269,12433,609,0
12270,318,596,0
12271,12434,83,1
12272,11626,8,1
12273,960,584,0
12274,12435,67,1
12275,10483,125,1
12276,8670,2129,1
12277,1590,207,1
12278,7151,353,0
12279,11960,259,1
12280,6675,224,1
12281,5220,540,1
12282,1900,63,0
12283,5365,234,0
12284,11903,88,1
12285,2544,653,1
12286,12439,26,1
12287,1121,7,0
12288,12441,77,0
12289,1683,2130,1
12290,12443,716,1
12291,12444,25,0
12292,10509,91,0
12293,5910,366,1
12294,2230,812,0
12295,12445,52,0
12296,12446,128,0
12297,5734,506,0
12298,12448,511,1
12299,581,1953,0
12300,5799,1275,1
12301,12451,119,0
12302,550,831,0
12303,11475,758,1
12304,4250,126,1
12305,2364,128,0
12306,6832,60,0
12307,12452,60,0
12308,5868,104,1
12309,4001,492,0
12310,9464,60,0
12311,11905,220,0
12312,12453,102,0
12313,12455,262,1
12314,12456,19,1
12315,10754,170,1
12316,12457,2134,0
12317,12458,1029,1
12318,2331,846,1
12319,6358,2135,0
12320,12459,35,1
12321,3692,67,1
12322,12214,44,0
12323,3437,77,0
12324,49,351,0
12325,8221,58,1
12326,754,91,0
12327,12464,343,1
12328,421,2136,0
12329,12465,63,1
12330,2364,7,0
12331,12064,67,1
12332,5365,223,0
12333,9832,133,0
12334,12467,758,0
12335,12470,67,1
12336,8356,427,1
12337,12473,908,0
12338,743,1104,0
12339,10619,242,0
12340,5464,195,0
12341,10485,19,1
12342,11913,46,1
12343,8490,155,1
12344,9015,405,0
12345,2261,41,0
12346,5867,257,1
12347,12477,46,0
12348,9561,77,0
12349,3264,365,0
12350,12478,653,0
12351,12480,104,1
12352,7226,747,0
12353,12260,82,1
12354,12481,262,1
12355,9640,67,1
12356,12483,126,1
12357,11616,35,1
12358,1018,3,0
12359,10380,173,1
12360,12429,0,0
12361,2165,547,0
12362,8783,39,1
12363,8235,3,0
12364,9772,343,1
12365,2063,3,0
12366,11597,41,0
12367,5365,1208,1
12368,6151,353,0
12369,3185,351,1
12370,4671,91,0
12371,12489,39,1
12372,332,447,1
12373,12492,140,0
12374,7179,204,0
12375,12493,381,0
12376,12495,3,0
12377,2343,32,0
12378,4406,288,1
12379,12380,9,1
12380,3927,201,0
12381,1674,719,0
12382,8438,446,0
12383,10369,242,0
12384,9124,546,1
12385,2278,769,0
12386,8205,8,1
12387,12498,286,0
12388,590,33,0
12389,481,2140,1
12390,4580,0,0
12391,2132,2141,0
12392,12499,439,0
12393,4011,926,0
12394,158,326,0
12395,1527,2142,0
12396,9864,83,1
12397,6073,41,0
12398,1532,879,1
12399,4656,344,0
12400,9698,654,0
12401,11978,949,1
12402,3971,412,0
12403,10109,360,1
12404,6835,220,0
12405,11792,35,1
12406,12501,77,0
12407,11818,506,0
12408,5514,343,1
12409,3362,224,1
12410,12503,326,0
12411,12504,35,1
12412,6897,160,1
12413,6660,149,0
12414,5295,67,1
12415,10916,1206,1
12416,4982,1483,1
12417,4520,229,1
12418,1468,54,1
12419,3170,446,0
12420,8952,77,0
12421,4137,196,0
12422,9576,696,1
12423,12507,431,1
12424,3610,1637,0
12425,3675,40,1
12426,9980,35,1
12427,12509,29,0
12428,2479,209,0
12429,4525,733,0
12430,11039,224,1
12431,5557,25,0
12432,9903,788,1
12433,4643,101,0
12434,12512,3,0
12435,5057,128,0
12436,6489,310,0
12437,5676,77,0
12438,3357,102,0
12439,3583,267,0
12440,3314,1819,1
12441,4432,862,0
12442,862,40,0
12443,10487,93,1
12444,11846,83,1
12445,12513,749,0
12446,12514,67,1
12447,5770,3,0
12448,9431,292,0
12449,2592,41,0
12450,11202,452,0
12451,12515,276,1
12452,5362,223,0
12453,11362,284,1
12454,4518,77,0
12455,863,2144,0
12456,12199,7,0
12457,11168,242,0
12458,2719,3,0
12459,6745,26,1
12460,5168,436,1
12461,12518,292,0
12462,2110,899,0
12463,1949,43,1
12464,3464,351,0
12465,12519,237,1
12466,7626,25,0
12467,12520,195,0
12468,2998,1246,0
12469,12521,224,1
12470,12087,9,1
12471,7769,607,1
12472,12523,242,1
12473,2924,1323,0
12474,12524,67,1
12475,2558,775,1
12476,9962,126,1
12477,1049,1301,0
12478,4861,442,0
12479,12525,7,0
12480,6758,1321,0
12481,562,834,1
12482,7552,847,0
12483,4671,86,0
12484,2110,153,0
12485,3113,1135,0
12486,7852,140,1
12487,5039,282,1
12488,2859,269,1
12489,11201,86,1
12490,7552,958,1
12491,9734,1555,0
12492,8764,242,0
12493,8566,77,0
12494,12530,3,0
12495,4709,189,1
12496,12249,588,1
12497,5569,724,0
12498,1,491,1
12499,12404,148,1
12500,305,535,0
12501,8046,14,0
12502,12531,104,1
12503,3204,29,0
12504,12534,101,0
12505,10824,35,1
12506,11488,254,0
12507,3978,48,0
12508,97,2146,1
12509,12535,40,1
12510,566,733,0
12511,12537,204,0
12512,1966,90,1
12513,12162,300,1
12514,8042,42,0
12515,304,259,1
12516,12538,348,1
12517,1763,1811,0
12518,10923,236,1
12519,6067,533,1
12520,9965,40,1
12521,4754,2000,0
12522,3386,242,1
12523,2793,360,1
12524,7608,1106,1
12525,12539,128,0
12526,1491,427,1
12527,12540,148,1
12528,3484,52,1
12529,4370,276,1
12530,1763,1109,1
12531,4685,41,0
12532,9648,798,1
12533,12546,1317,0
12534,2305,7,1
12535,12547,137,0
12536,1023,189,1
12537,12549,464,0
12538,8369,418,0
12539,6194,78,1
12540,4169,91,1
12541,3358,86,0
12542,12552,67,1
12543,2064,26,1
12544,12162,583,0
12545,1111,1030,1
12546,9508,125,1
12547,1082,1050,0
12548,7199,52,0
12549,12554,771,1
12550,9710,231,0
12551,6389,0,0
12552,6124,344,0
12553,8700,39,1
12554,12557,208,1
12555,11917,52,0
12556,7257,246,0
12557,12332,809,0
12558,12559,1243,0
12559,10363,52,0
12560,12561,26,1
12561,12563,91,0
12562,12564,464,0
12563,6463,1755,1
12564,12565,74,1
12565,5688,3,0
12566,2902,269,1
12567,931,1566,0
12568,9713,409,1
12569,9114,60,0
12570,10272,952,1
12571,621,77,0
12572,6833,547,0
12573,11497,204,0
12574,6007,35,1
12575,1661,2150,0
12576,3586,464,0
12577,1303,1246,0
12578,12569,47,1
12579,7758,2033,0
12580,5009,3,0
12581,5966,242,1
12582,2205,7,0
12583,12571,90,0
12584,4910,0,0
12585,12572,3,0
12586,7419,615,0
12587,6758,220,0
12588,8046,641,0
12589,12576,947,1
12590,12577,983,1
12591,5804,155,0
12592,372,266,0
12593,12028,428,1
12594,414,1849,0
12595,6967,0,0
12596,6635,67,1
12597,12580,189,1
12598,12581,56,0
12599,3611,770,1
12600,12209,83,1
12601,12582,242,0
12602,8751,220,1
12603,10567,1453,0
12604,12583,82,1
12605,12024,116,1
12606,12584,3,0
12607,12585,26,1
12608,12586,40,1
12609,5185,344,0
12610,12588,42,0
12611,9845,2152,0
12612,7164,345,1
12613,12334,48,0
12614,9246,214,1
12615,11123,67,1
12616,10411,107,1
12617,3287,39,1
12618,2924,2154,0
12619,4208,374,0
12620,4977,1750,1
12621,7046,242,0
12622,11579,48,0
12623,3880,973,0
12624,3941,418,0
12625,7582,113,1
12626,3261,35,1
12627,7305,344,0
12628,12594,790,1
12629,12595,39,1
12630,332,3,0
12631,11698,40,1
12632,10138,204,0
12633,12599,77,0
12634,8158,101,1
12635,882,1369,1
12636,11624,40,0
12637,3107,9,1
12638,4831,163,1
12639,12601,128,0
12640,8024,1450,0
12641,7962,189,1
12642,2234,52,0
12643,6266,1890,1
12644,2805,77,0
12645,11465,77,0
12646,6613,41,0
12647,1176,233,1
12648,4685,1014,0
12649,10736,19,1
12650,10390,115,0
12651,6838,77,0
12652,12606,67,1
12653,571,52,0
12654,7016,1483,1
12655,3750,1313,0
12656,5223,0,0
12657,12607,39,1
12658,12608,77,0
12659,10111,397,1
12660,1484,1323,0
12661,11579,3,0
12662,12301,617,1
12663,10893,67,1
12664,1347,329,1
12665,9409,1885,1
12666,1887,992,0
12667,11312,1023,0
12668,268,149,0
12669,12614,547,0
12670,399,818,0
12671,4386,47,1
12672,5901,39,1
12673,12618,620,1
12674,12619,381,0
12675,12620,506,0
12676,12621,39,0
12677,1740,32,0
12678,6195,223,0
12679,12624,242,0
12680,6082,2155,0
12681,1999,19,0
12682,1516,242,0
12683,1386,353,0
12684,10883,56,0
12685,9328,22,1
12686,3404,52,0
12687,11208,90,1
12688,8888,1429,0
12689,6151,24,0
12690,389,86,1
12691,7984,15,1
12692,6219,429,0
12693,12625,170,1
12694,508,429,0
12695,931,220,1
12696,12626,47,1
12697,12627,546,1
12698,3597,741,1
12699,1411,35,1
12700,6714,829,1
12701,7922,160,0
12702,5654,546,1
12703,5340,467,0
12704,244,2156,1
12705,6425,77,0
12706,1704,40,1
12707,5757,374,0
12708,7357,35,1
12709,9936,41,0
12710,12630,47,1
12711,5253,93,1
12712,8038,1206,0
12713,12632,201,0
12714,12557,220,0
12715,11649,128,0
12716,10918,813,1
12717,6315,579,1
12718,12634,39,1
12719,4819,196,0
12720,10452,149,1
12721,9796,1172,0
12722,2110,625,0
12723,3733,149,0
12724,6971,67,1
12725,7089,246,0
12726,12635,67,1
12727,8132,19,0
12728,8857,1023,0
12729,863,2157,0
12730,12522,195,1
12731,9513,72,0
12732,12638,460,0
12733,3911,310,0
12734,6279,119,1
12735,12640,82,1
12736,839,905,0
12737,3059,117,0
12738,6576,267,0
12739,10314,52,0
12740,12641,137,0
12741,4610,0,1
12742,1531,357,0
12743,5419,3,0
12744,10813,7,0
12745,305,214,0
12746,4343,3,0
12747,602,906,0
12748,9123,412,1
12749,1754,365,1
12750,3977,279,1
12751,1936,72,1
12752,5375,588,1
12753,6663,112,0
12754,1695,2159,0
12755,5552,21,0
12756,12643,137,0
12757,12644,254,0
12758,12645,1760,1
12759,3958,3,0
12760,1288,434,0
12761,6710,42,0
12762,2860,392,0
12763,1562,48,0
12764,2552,35,1
12765,1875,93,1
12766,7314,262,1
12767,7047,56,0
12768,11713,60,0
12769,12650,60,0
12770,5052,362,1
12771,3878,365,0
12772,12651,19,1
12773,6822,3,0
12774,4845,1408,0
12775,9692,9,1
12776,477,3,0
12777,12136,182,0
12778,1044,3,0
12779,12657,589,1
12780,11209,39,0
12781,1018,226,1
12782,5553,22,1
12783,3068,33,1
12784,12658,7,0
12785,7175,269,1
12786,12659,41,0
12787,7895,1500,1
12788,4438,160,1
12789,7375,409,1
12790,560,48,0
12791,12660,32,1
12792,4557,0,0
12793,8557,3,0
12794,12661,86,0
12795,12662,77,0
12796,12663,521,1
12797,935,419,1
12798,3696,445,1
12799,3291,214,1
12800,8395,200,0
12801,1259,210,1
12802,2088,0,0
12803,5614,91,0
12804,12061,368,0
12805,6462,927,1
12806,3277,1859,1
12807,3451,246,0
12808,4459,1177,1
12809,1886,265,1
12810,1158,48,0
12811,856,716,0
12812,7282,2161,0
12813,12665,1107,0
12814,377,242,0
12815,12669,214,0
12816,659,2163,1
12817,12670,67,1
12818,1029,1082,0
12819,12467,24,0
12820,10454,344,0
12821,526,19,0
12822,2420,1090,0
12823,2355,1097,1
12824,12671,485,0
12825,3461,447,0
12826,13,2164,1
12827,12673,687,1
12828,1570,446,0
12829,11071,40,0
12830,12674,163,0
12831,3263,32,0
12832,10064,3,0
12833,7735,1786,0
12834,9259,207,0
12835,7241,926,0
12836,12678,48,0
12837,8228,140,0
12838,7133,265,1
12839,12680,1744,0
12840,951,160,1
12841,708,380,1
12842,8707,1267,1
12843,11448,102,0
12844,8599,77,1
12845,49,1655,0
12846,7009,22,0
12847,12682,231,0
12848,1089,314,0
12849,3230,33,1
12850,5186,72,0
12851,7716,265,1
12852,5244,77,0
12853,12685,862,1
12854,8379,831,1
12855,5034,1413,0
12856,49,2166,0
12857,2804,2167,1
12858,7223,77,0
12859,1194,532,0
12860,11551,46,0
12861,7325,35,1
12862,904,3,0
12863,12688,210,1
12864,4566,246,0
12865,907,3,0
12866,12690,169,0
12867,9991,634,0
12868,10435,148,1
12869,9062,67,1
12870,9880,242,0
12871,10389,8,1
12872,6930,77,0
12873,12608,19,1
12874,12641,224,1
12875,9875,46,1
12876,309,189,1
12877,12692,7,1
12878,11324,198,0
12879,12693,188,0
12880,7879,1312,0
12881,10770,3,0
12882,12695,67,1
12883,12696,3,0
12884,4515,223,0
12885,4920,399,0
12886,3235,398,1
12887,8426,22,0
12888,12699,32,0
12889,12700,562,0
12890,4742,701,1
12891,12439,104,1
12892,12701,431,1
12893,7041,620,1
12894,6575,35,1
12895,11339,56,0
12896,6647,172,1
12897,2897,265,0
12898,1356,211,1
12899,6047,546,1
12900,152,344,0
12901,12658,39,0
12902,12703,887,1
12903,5903,1192,1
12904,12704,0,0
12905,4961,40,1
12906,205,565,0
12907,12706,195,0
12908,6725,445,1
12909,12707,67,1
12910,8151,267,0
12911,12708,348,1
12912,69,1795,0
12913,12498,1080,1
12914,10617,39,1
12915,3958,242,0
12916,2011,2127,0
12917,11261,381,0
12918,12039,25,0
12919,268,1029,0
12920,12175,3,0
12921,8438,399,1
12922,12713,247,1
12923,12714,56,0
12924,4060,74,0
12925,1329,575,0
12926,8177,7,1
12927,9561,67,1
12928,4638,570,1
12929,4959,952,1
12930,7457,520,1
12931,5052,276,0
12932,3171,382,0
12933,4785,0,0
12934,12716,227,0
12935,2359,35,1
12936,12717,399,0
12937,10607,2170,0
12938,7616,785,0
12939,10075,697,0
12940,6170,443,0
12941,12718,137,0
12942,12104,82,1
12943,255,1044,1
12944,289,41,0
12945,1942,818,0
12946,12719,86,1
12947,6508,24,0
12948,7608,437,0
12949,5265,546,1
12950,5664,35,1
12951,7665,401,1
12952,3079,48,0
12953,10426,7,1
12954,1159,7,0
12955,819,223,0
12956,7546,715,1
12957,11583,24,0
12958,2011,1091,1
12959,12723,189,1
12960,6164,2175,1
12961,12724,67,1
12962,12725,214,0
12963,5138,107,1
12964,12726,104,1
12965,377,89,0
12966,4395,0,0
12967,12727,40,1
12968,12175,771,0
12969,1178,1256,1
12970,4840,52,0
12971,1344,195,0
12972,10175,140,0
12973,10455,262,1
12974,9544,229,1
12975,2632,491,0
12976,2407,40,1
12977,6789,19,1
12978,11859,83,1
12979,11329,125,0
12980,845,204,0
12981,4954,52,0
12982,5255,636,0
12983,10703,126,1
12984,314,223,0
12985,12732,91,1
12986,12075,230,1
12987,9039,47,1
12988,1690,2177,0
12989,6181,230,1
12990,5190,90,0
12991,10989,424,1
12992,12733,368,0
12993,12734,126,1
12994,12287,35,1
12995,12735,855,0
12996,12736,40,1
12997,4407,60,0
12998,9686,1322,1
12999,11986,15,1
13000,6441,207,0
13001,7101,209,1
13002,5195,86,0
13003,12737,651,1
13004,493,80,0
13005,11288,126,1
13006,5834,607,1
13007,6195,76,1
13008,12145,19,1
13009,9314,1080,1
13010,12739,270,1
13011,7937,634,0
13012,7257,547,0
13013,4797,353,0
13014,5872,62,0
13015,4885,208,0
13016,8269,0,0
13017,205,766,0
13018,1061,67,1
13019,5600,209,1
13020,12743,67,1
13021,10403,204,0
13022,8004,40,0
13023,1563,223,0
13024,12744,83,1
13025,6406,91,0
13026,5884,360,1
13027,9464,0,0
13028,12746,412,1
13029,11770,348,1
13030,6647,77,0
13031,6208,286,0
13032,5863,77,0
13033,4768,19,1
13034,7105,592,1
13035,2410,3,0
13036,10004,992,0
13037,11271,35,1
13038,12749,3,0
13039,8255,445,0
13040,12713,42,0
13041,9054,1145,0
13042,12750,1385,1
13043,1069,169,0
13044,10056,87,0
13045,1210,39,1
13046,1455,116,0
13047,2907,160,1
13048,581,208,0
13049,12753,269,1
13050,12754,565,0
13051,1686,447,0
13052,2202,196,0
13053,5111,126,1
13054,12757,67,1
13055,10398,149,0
13056,11938,77,0
13057,2786,794,0
13058,11793,91,1
13059,3791,891,0
13060,4677,0,0
13061,12758,324,1
13062,91,1072,0
13063,12493,105,1
13064,12761,1760,1
13065,6448,164,0
13066,12763,3,0
13067,755,25,0
13068,12139,1901,0
13069,9259,247,1
13070,11215,1339,0
13071,4011,265,0
13072,11707,149,0
13073,12766,3,0
13074,8438,964,1
13075,10970,1755,1
13076,148,32,0
13077,8716,42,0
13078,11397,128,1
13079,8559,86,0
13080,48,1251,0
13081,2082,467,0
13082,12178,861,0
13083,9980,39,1
13084,655,1392,0
13085,12771,148,1
13086,4486,212,0
13087,8010,220,1
13088,10900,91,0
13089,12773,412,0
13090,7074,32,0
13091,3181,3,0
13092,2445,587,0
13093,2201,77,0
13094,11088,137,0
13095,455,492,1
13096,2466,3,0
13097,1336,1028,1
13098,292,562,0
13099,12774,126,1
13100,4899,3,0
13101,7488,344,0
13102,12775,1063,1
13103,404,518,0
13104,5153,269,1
13105,12776,198,0
13106,7367,3,0
13107,88,1607,0
13108,12618,357,0
13109,7153,2182,0
13110,12777,83,1
13111,10270,344,0
13112,12621,7,0
13113,12778,40,1
13114,2520,137,0
13115,2779,3,0
13116,2432,214,0
13117,12739,210,1
13118,5614,1063,1
13119,1472,427,1
13120,12779,148,1
13121,267,3,0
13122,12781,47,1
13123,12782,48,0
13124,2342,74,0
13125,11617,98,1
13126,12784,77,0
13127,11115,60,0
13128,12175,48,0
13129,2026,878,0
13130,7113,242,1
13131,1780,91,1
13132,12789,102,0
13133,9218,396,0
13134,12790,102,0
13135,12791,115,0
13136,2897,3,0
13137,11825,1828,1
13138,2236,40,0
13139,2771,101,0
13140,5918,363,0
13141,12792,669,0
13142,4546,90,0
13143,7346,0,0
13144,557,1082,0
13145,1397,204,0
13146,9151,1079,0
13147,12796,272,1
13148,4742,208,0
13149,10357,0,0
13150,12797,42,0
13151,6780,148,1
13152,11496,52,0
13153,1620,463,0
13154,5641,1357,0
13155,9826,265,1
13156,12296,366,1
13157,3759,160,0
13158,3911,2185,0
13159,8445,247,1
13160,475,3,0
13161,2728,98,0
13162,12173,1151,1
13163,834,52,0
13164,622,48,0
13165,12800,42,0
13166,10339,246,0
13167,9988,1021,1
13168,12801,67,1
13169,1857,48,0
13170,4843,46,0
13171,12803,236,1
13172,1870,1083,1
13173,1758,47,0
13174,7789,214,0
13175,745,1028,1
13176,1512,2187,1
13177,8409,447,1
13178,5475,40,1
13179,12806,56,0
13180,3342,131,0
13181,1408,1199,0
13182,7887,3,0
13183,12807,412,1
13184,8103,195,0
13185,5628,1021,1
13186,8818,169,0
13187,3754,2066,0
13188,9936,3,0
13189,1761,77,0
13190,11103,2188,0
13191,7591,3,0
13192,12810,198,0
13193,12811,91,1
13194,12813,42,0
13195,7923,7,0
13196,11,1490,0
13197,12211,301,1
13198,7875,91,0
13199,3158,548,0
13200,4768,181,1
13201,5589,86,1
13202,6281,546,1
13203,8691,959,1
13204,4097,1407,1
13205,12519,25,0
13206,68,329,0
13207,11479,46,1
13208,1318,77,0
13209,7607,1072,0
13210,12818,67,1
13211,6748,211,1
13212,12819,324,0
13213,2946,122,0
13214,8271,518,0
13215,12820,549,0
13216,377,117,0
13217,2344,39,1
13218,5660,0,0
13219,1561,2153,0
13220,5233,7,0
13221,12823,1001,0
13222,1,2190,0
13223,10067,326,0
13224,9749,405,1
13225,12824,52,0
13226,2861,0,0
13227,9015,460,0
13228,12825,40,1
13229,805,52,0
13230,1748,204,0
13231,9978,204,0
13232,6793,77,0
13233,12827,607,1
13234,5101,196,0
13235,7087,343,1
13236,4943,1536,1
13237,240,102,0
13238,4152,194,1
13239,12829,77,0
13240,5596,741,1
13241,1548,1299,1
13242,12830,35,1
13243,11890,40,1
13244,6385,3,0
13245,9092,48,0
13246,6812,341,1
13247,12833,77,0
13248,8742,1044,0
13249,9036,77,0
13250,9483,482,1
13251,2477,7,0
13252,4412,343,1
13253,1417,52,1
13254,5233,39,1
13255,7034,33,0
13256,2727,412,0
13257,8303,0,0
13258,12834,77,0
13259,11778,24,0
13260,1432,485,0
13261,5193,364,1
13262,12835,3,0
13263,12397,170,1
13264,12836,119,0
13265,12837,1106,1
13266,268,505,0
13267,3901,0,0
13268,11520,883,0
13269,3911,827,0
13270,9988,2191,1
13271,12838,310,1
13272,5567,91,1
13273,75,1580,0
13274,11349,102,0
13275,3697,119,0
13276,12839,369,1
13277,1113,157,1
13278,4221,2193,0
13279,4405,140,0
13280,8304,52,0
13281,11024,536,0
13282,3693,457,0
13283,6772,93,1
13284,5013,0,0
13285,11148,220,1
13286,5470,91,1
13287,3709,89,1
13288,3701,407,1
13289,10063,40,1
13290,11936,209,1
13291,3897,0,0
13292,12842,47,0
13293,1096,91,0
13294,12627,246,0
13295,9484,223,0
13296,8614,77,0
13297,5039,200,1
13298,7569,148,1
13299,6009,149,0
13300,12846,148,1
13301,7576,382,0
13302,12847,460,0
13303,1578,157,0
13304,7801,2194,0
13305,9173,1000,1
13306,2116,7,0
13307,12132,35,1
13308,12473,232,1
13309,11638,126,1
13310,8620,126,1
13311,1282,7,1
13312,5480,0,0
13313,9022,83,1
13314,12850,169,0
13315,12851,126,1
13316,922,1067,0
13317,12853,654,0
13318,9765,891,0
13319,2415,48,0
13320,12854,170,1
13321,8148,3,0
13322,12856,98,1
13323,12858,67,1
13324,10365,52,0
13325,544,38,1
13326,6734,155,0
13327,579,41,0
13328,12861,75,0
13329,12862,220,1
13330,12863,77,0
13331,12864,40,1
13332,3980,101,0
13333,1392,135,1
13334,8465,32,0
13335,9072,43,1
13336,12866,9,1
13337,12867,19,1
13338,12868,542,0
13339,564,90,0
13340,3117,214,1
13341,2994,7,1
13342,746,195,0
13343,12869,67,1
13344,2373,2198,0
13345,12870,148,1
13346,1603,223,0
13347,12135,35,1
13348,1974,196,0
13349,1817,2000,0
13350,10646,242,0
13351,12873,1135,0
13352,8126,329,0
13353,5490,1285,1
13354,7588,7,0
13355,3763,25,0
13356,12875,91,0
13357,5316,272,1
13358,2537,204,0
13359,12584,0,0
13360,1920,56,0
13361,12879,43,0
13362,12277,32,0
13363,9688,60,0
13364,3763,345,1
13365,10404,91,0
13366,5911,1413,0
13367,12880,542,0
13368,4424,43,1
13369,5213,405,0
13370,12883,74,0
13371,4883,39,1
13372,10913,209,1
13373,472,691,1
13374,5498,189,1
13375,9141,3,0
13376,8879,39,1
13377,12884,204,1
13378,4728,343,1
13379,12887,200,0
13380,9244,196,0
13381,2734,48,0
13382,1313,275,1
13383,9475,7,0
13384,12645,618,1
13385,12891,1369,1
13386,7473,3,0
13387,4547,595,0
13388,5727,52,0
13389,8099,231,0
13390,5569,0,0
13391,2429,426,0
13392,12892,75,1
13393,1885,220,1
13394,2581,41,0
13395,3601,133,0
13396,10917,131,0
13397,11597,48,0
13398,10951,696,1
13399,12507,119,0
13400,3865,834,0
13401,10538,686,1
13402,4303,67,1
13403,12893,212,1
13404,12894,149,0
13405,7552,156,0
13406,12895,265,0
13407,6274,1021,1
13408,12714,343,1
13409,8401,2201,1
13410,12896,231,0
13411,5296,41,0
13412,2580,457,0
13413,11957,169,1
13414,6507,329,0
13415,7096,15,1
13416,4957,0,0
13417,49,428,0
13418,1387,2203,1
13419,108,41,0
13420,12899,3,0
13421,226,2204,1
13422,12248,595,0
13423,3878,670,1
13424,4862,246,0
13425,12900,3,0
13426,2327,67,1
13427,12901,589,1
13428,12902,445,1
13429,7334,60,0
13430,12903,200,1
13431,5687,35,1
13432,2010,3,0
13433,2490,67,1
13434,12905,82,1
13435,12906,132,0
13436,8527,122,0
13437,6358,2205,1
13438,2897,48,0
13439,7008,25,0
13440,12909,104,1
13441,12910,91,0
13442,4959,7,0
13443,1491,78,1
13444,2820,344,0
13445,6914,91,0
13446,4200,214,0
13447,11674,954,1
13448,10744,374,0
13449,12549,225,1
13450,2986,2207,1
13451,4338,288,1
13452,12504,39,1
13453,4819,43,1
13454,12912,343,1
13455,12504,7,0
13456,1886,25,0
13457,8743,3,0
13458,1695,498,0
13459,3484,209,1
13460,6389,429,1
13461,12915,32,0
13462,5805,25,0
13463,11265,82,1
13464,1460,89,0
13465,12239,91,1
13466,12916,77,0
13467,10589,204,0
13468,2364,214,0
13469,2187,77,0
13470,10741,35,0
13471,5282,48,0
13472,6492,48,0
13473,5490,1267,1
13474,6,1371,0
13475,557,824,1
13476,659,177,0
13477,12921,67,1
13478,12922,1663,0
13479,7151,149,0
13480,12925,397,1
13481,5065,223,0
13482,7348,48,0
13483,9604,0,0
13484,5490,2208,1
13485,12928,195,0
13486,1269,360,1
13487,5813,1063,1
13488,12930,77,0
13489,1683,1021,1
13490,1685,33,0
13491,818,38,0
13492,3353,583,0
13493,7008,242,1
13494,4885,22,0
13495,6248,204,0
13496,49,2209,0
13497,11762,3,0
13498,12935,3,0
13499,6886,490,1
13500,5840,961,0
13501,11105,182,0
13502,1186,0,0
13503,7579,93,1
13504,1220,878,1
13505,9637,91,1
13506,12937,3,0
13507,5881,67,1
13508,9276,40,1
13509,7534,7,0
13510,1900,615,1
13511,7315,0,0
13512,12938,25,0
13513,1505,115,1
13514,3365,3,0
13515,12941,965,1
13516,79,2210,0
13517,2092,41,0
13518,5660,135,1
13519,12942,46,0
13520,1954,39,1
13521,7647,506,0
13522,12248,224,1
13523,1822,1026,1
13524,3662,122,0
13525,5225,247,1
13526,3743,242,0
13527,12746,118,0
13528,3461,43,0
13529,2492,41,0
13530,7030,160,1
13531,3636,7,0
13532,10445,997,0
13533,677,343,0
13534,8748,430,0
13535,12947,46,0
13536,10424,164,1
13537,12948,91,1
13538,1518,2101,0
13539,12949,86,0
13540,12950,52,0
13541,12951,530,1
13542,12952,733,0
13543,5798,2214,0
13544,10484,93,1
13545,7914,0,0
13546,6853,60,0
13547,3422,1339,0
13548,11278,52,0
13549,12954,56,0
13550,3843,35,1
13551,12955,341,1
13552,4831,0,0
13553,8712,405,0
13554,6451,875,0
13555,12958,242,1
13556,12959,32,0
13557,7359,60,0
13558,10772,32,0
13559,1548,1112,0
13560,12481,137,0
13561,5903,214,1
13562,7118,88,0
13563,12961,212,0
13564,10606,67,1
13565,9988,1071,1
13566,2125,419,1
13567,9292,80,0
13568,12123,232,1
13569,10157,200,0
13570,1495,189,1
13571,12200,77,0
13572,12963,223,0
13573,12964,149,0
13574,6293,98,1
13575,1858,2000,0
13576,4340,0,0
13577,12967,39,1
13578,9113,35,1
13579,10328,0,0
13580,2011,1432,0
13581,12969,48,0
13582,12430,624,0
13583,5523,344,0
13584,7785,3,0
13585,13,2218,1
13586,9233,964,1
13587,880,884,0
13588,3064,48,0
13589,859,77,0
13590,1854,964,0
13591,12927,19,1
13592,12971,1354,1
13593,12972,19,1
13594,7333,1079,0
13595,4771,52,0
13596,5275,678,0
13597,12973,813,1
13598,2250,0,0
13599,12976,401,1
13600,5423,3,0
13601,3291,409,0
13602,12665,276,1
13603,5591,1734,0
13604,8005,60,0
13605,69,15,1
13606,1243,39,1
13607,3955,0,0
13608,8779,0,0
13609,5198,272,1
13610,12779,102,0
13611,2014,859,1
13612,9868,238,0
13613,10264,195,1
13614,6995,214,1
13615,11264,2219,1
13616,12981,1654,1
13617,12982,188,0
13618,5220,77,0
13619,5003,208,0
13620,7044,947,1
13621,3314,1059,1
13622,12984,200,1
13623,1085,1074,0
13624,12986,101,0
13625,1748,77,0
13626,686,259,0
13627,4546,392,0
13628,2415,1873,0
13629,12988,137,0
13630,12632,397,1
13631,12056,212,0
13632,11136,1739,0
13633,12989,269,1
13634,9678,1072,0
13635,3936,918,0
13636,12991,231,0
13637,12992,101,0
13638,2346,189,1
13639,1903,409,1
13640,8021,46,1
13641,2883,344,1
13642,1637,3,0
13643,4414,242,0
13644,10857,148,1
13645,38,658,0
13646,106,1585,1
13647,604,1500,1
13648,1797,1555,0
13649,4610,1398,1
13650,6208,947,1
13651,1006,223,0
13652,12010,46,1
13653,960,2021,1
13654,10960,89,1
13655,1071,1063,1
13656,10916,48,0
13657,10495,35,1
13658,5490,2218,1
13659,5033,824,0
13660,13001,128,0
13661,153,409,1
13662,4020,41,1
13663,13003,116,0
13664,10276,42,0
13665,13005,56,0
13666,8163,32,0
13667,2110,762,0
13668,5490,2223,0
13669,9852,2194,0
13670,12969,3,0
13671,2757,220,1
13672,6149,83,1
13673,5498,157,0
13674,12572,1480,1
13675,13009,67,1
13676,10341,374,0
13677,3811,2224,0
13678,7308,230,1
13679,10970,735,1
13680,1022,587,0
13681,12839,3,0
13682,8833,35,1
13683,9151,272,1
13684,5548,547,0
13685,3491,570,1
13686,3014,52,0
13687,9924,52,0
13688,9547,357,0
13689,8697,257,1
13690,7232,77,0
13691,10097,39,1
13692,7814,35,1
13693,13016,733,0
13694,13017,2225,0
13695,10447,343,1
13696,6732,242,1
13697,847,128,0
13698,11779,35,1
13699,13018,40,1
13700,6358,1506,0
13701,8148,242,1
13702,12047,189,1
13703,2895,1023,0
13704,1515,77,0
13705,6775,204,0
13706,12838,41,0
13707,1259,52,0
13708,936,242,0
13709,2852,75,1
13710,6251,40,1
13711,4514,67,1
13712,29,3,0
13713,5731,7,1
13714,11704,425,1
13715,1817,212,1
13716,13025,46,1
13717,11529,35,1
13718,6581,39,1
13719,7068,43,0
13720,13026,965,1
13721,1926,288,1
13722,1917,2071,1
13723,13027,687,1
13724,893,2227,0
13725,7502,1520,1
13726,12128,42,0
13727,8829,52,1
13728,63,91,1
13729,6829,208,0
13730,13030,242,0
13731,12273,442,0
13732,3669,692,0
13733,3878,43,0
13734,11355,542,0
13735,1532,1975,0
13736,1866,1822,0
13737,9055,60,0
13738,352,104,1
13739,3501,1028,1
13740,4542,164,1
13741,10499,122,1
13742,10780,3,0
13743,4996,441,1
13744,9773,640,1
13745,670,204,0
13746,9603,2020,0
13747,942,242,0
13748,4480,405,0
13749,11720,83,1
13750,2720,35,1
13751,7926,269,1
13752,9396,77,0
13753,4802,67,1
13754,13035,25,0
13755,9725,964,1
13756,8444,47,1
13757,11676,33,1
13758,64,77,0
13759,11493,52,0
13760,3580,128,0
13761,1865,154,0
13762,13036,83,1
13763,13037,343,1
13764,2667,588,1
13765,11146,56,0
13766,160,1522,1
13767,13038,947,1
13768,12062,575,0
13769,13040,1734,0
13770,3118,77,0
13771,304,117,0
13772,3836,0,0
13773,6170,8,1
13774,5292,583,0
13775,13041,42,0
13776,9326,223,0
13777,9702,189,1
13778,4742,283,1
13779,9942,52,0
13780,5304,1870,0
13781,3687,1109,1
13782,10284,3,0
13783,4157,42,0
13784,13000,2231,0
13785,10320,172,0
13786,13042,82,1
13787,2632,734,1
13788,11411,39,1
13789,6705,33,0
13790,934,261,0
13791,6474,41,0
13792,13043,87,1
13793,9622,472,1
13794,12443,77,0
13795,10967,91,0
13796,3588,67,1
13797,3994,341,1
13798,1791,626,1
13799,6497,52,0
13800,13049,495,0
13801,11686,128,0
13802,3791,992,0
13803,621,41,0
13804,5038,0,0
13805,13051,242,0
13806,3985,279,1
13807,12045,41,0
13808,2540,654,0
13809,8049,1757,0
13810,13052,40,1
13811,10144,125,1
13812,268,40,0
13813,13055,200,0
13814,13056,1356,1
13815,6776,39,1
13816,1085,316,1
13817,11870,220,0
13818,13057,67,1
13819,3404,204,0
13820,3325,0,0
13821,1831,220,1
13822,658,1974,0
13823,3122,52,0
13824,4527,443,0
13825,10190,189,1
13826,12232,77,0
13827,13059,77,0
13828,12292,461,0
13829,2767,181,1
13830,581,826,0
13831,1754,407,0
13832,13063,83,1
13833,49,43,0
13834,4057,344,0
13835,4600,28,1
13836,11058,1369,1
13837,2560,43,0
13838,5061,364,1
13839,7832,19,1
13840,5022,818,0
13841,10470,254,0
13842,9658,204,0
13843,13066,77,0
13844,1532,2232,0
13845,8168,3,0
13846,13067,19,1
13847,7442,67,1
13848,10729,7,0
13849,10865,924,1
13850,12752,3,0
13851,13068,521,1
13852,6298,115,0
13853,13069,52,0
13854,11185,276,0
13855,3830,41,0
13856,10551,374,0
13857,13071,67,1
13858,3249,2092,0
13859,13073,2219,0
13860,621,48,0
13861,4796,353,0
13862,6783,48,0
13863,13075,40,0
13864,7116,7,0
13865,365,0,0
13866,12157,19,0
13867,2946,445,1
13868,414,2234,1
13869,3799,189,1
13870,7970,102,0
13871,11392,343,0
13872,1807,875,0
13873,13077,155,0
13874,5020,3,0
13875,417,1029,0
13876,1596,25,0
13877,1422,183,1
13878,677,1474,1
13879,13078,188,0
13880,1175,0,0
13881,3505,2236,0
13882,13079,67,1
13883,13080,188,0
13884,11510,77,0
13885,12752,1824,0
13886,8766,35,1
13887,3670,1778,1
13888,377,446,0
13889,6783,169,1
13890,11003,41,0
13891,1317,1663,1
13892,4115,3,0
13893,1407,941,1
13894,1857,242,1
13895,4909,86,1
13896,11465,606,1
13897,4257,67,1
13898,2121,461,1
13899,13083,439,1
13900,1620,140,0
13901,12279,1063,1
13902,9613,2239,0
13903,4862,546,1
13904,11430,42,0
13905,6378,457,0
13906,281,48,0
13907,8137,35,1
13908,1285,834,0
13909,1022,809,0
13910,5971,195,0
13911,10444,452,0
13912,12542,3,0
13913,1095,625,0
13914,13085,43,1
13915,657,35,1
13916,7751,305,0
13917,11987,181,0
13918,1533,67,1
13919,880,625,0
13920,10178,25,0
13921,11133,549,1
13922,3967,442,0
13923,5112,490,0
13924,1763,586,0
13925,13090,60,0
13926,38,716,1
13927,13091,40,1
13928,614,1161,0
13929,2364,365,0
13930,13095,405,0
13931,13096,189,1
13932,13097,77,0
13933,10132,101,0
13934,10479,2242,0
13935,2469,2243,0
13936,599,77,0
13937,2053,234,0
13938,49,1090,0
13939,4115,0,0
13940,13100,91,1
13941,10441,1812,1
13942,833,48,0
13943,126,77,0
13944,8135,214,0
13945,13101,56,0
13946,1778,985,0
13947,2910,624,0
13948,12240,90,0
13949,2512,60,0
13950,8942,7,0
13951,4335,148,1
13952,12930,210,1
13953,13103,80,1
13954,1423,41,0
13955,13105,242,0
13956,11447,220,1
13957,1352,86,0
13958,8982,86,0
13959,5966,668,1
13960,5132,39,0
13961,5741,204,0
13962,2673,125,1
13963,12120,32,0
13964,5660,427,1
13965,4581,35,1
13966,10934,330,0
13967,6476,1072,1
13968,1518,1248,0
13969,11645,343,1
13970,13108,126,1
13971,12119,589,0
13972,9205,102,0
13973,13023,998,0
13974,10655,991,1
13975,8007,506,0
13976,4173,2223,0
13977,13109,35,1
13978,4973,149,0
13979,8046,300,1
13980,10340,204,0
13981,8825,35,1
13982,10388,26,0
13983,11451,212,0
13984,13110,40,0
13985,9197,60,0
13986,344,353,0
13987,11722,232,0
13988,12011,77,0
13989,5466,149,0
13990,194,3,0
13991,6603,32,0
13992,441,607,1
13993,5050,188,0
13994,2461,181,0
13995,12130,242,0
13996,581,214,0
13997,833,1136,0
13998,7176,3,0
13999,859,3,0
14000,1291,959,0
14001,1089,1453,0
14002,4498,626,0
14003,1537,2245,0
14004,5056,77,0
14005,13118,445,1
14006,6364,62,0
14007,12123,386,0
14008,615,2246,0
14009,13122,86,1
14010,2071,220,0
14011,904,426,0
14012,12897,60,0
14013,6685,39,1
14014,8409,3,0
14015,9628,588,0
14016,5711,200,0
14017,4627,1450,0
14018,5444,149,0
14019,11588,267,0
14020,13126,82,1
14021,13128,8,1
14022,332,627,1
14023,1894,77,0
14024,8364,52,0
14025,13130,1176,0
14026,10199,67,1
14027,2190,418,0
14028,8798,41,0
14029,13132,254,0
14030,288,232,1
14031,13134,3,0
14032,8988,0,0
14033,12735,258,1
14034,372,25,0
14035,193,3,0
14036,12316,40,1
14037,8599,25,0
14038,9825,467,0
14039,13140,67,1
14040,13141,173,1
14041,6121,242,0
14042,6557,137,1
14043,5527,86,0
14044,3068,19,0
14045,7459,3,0
14046,13142,42,0
14047,3467,128,0
14048,9762,305,0
14049,13143,39,1
14050,12462,83,1
14051,8684,1474,0
14052,13144,686,1
14053,8648,741,1
14054,13145,128,1
14055,7527,78,1
14056,1040,135,1
14057,5200,0,0
14058,7689,172,1
14059,13147,42,0
14060,707,48,0
14061,9250,79,1
14062,9749,7,0
14063,11368,67,1
14064,13148,247,1
14065,13149,1796,0
14066,4323,67,1
14067,6415,343,1
14068,4124,26,1
14069,5020,818,0
14070,3581,3,0
14071,6877,615,0
14072,9123,692,0
14073,13151,447,1
14074,5128,3,0
14075,13152,314,0
14076,10653,0,0
14077,8512,83,1
14078,3531,48,0
14079,4643,160,1
14080,11352,149,1
14081,13153,77,0
14082,13154,77,0
14083,11623,908,0
14084,4990,648,0
14085,987,19,1
14086,2448,297,0
14087,2089,230,1
14088,12389,813,1
14089,7261,242,1
14090,581,358,0
14091,8089,39,1
14092,1757,601,0
14093,1875,267,0
14094,8269,615,0
14095,6157,74,0
14096,3079,99,1
14097,10046,1050,1
14098,3939,25,0
14099,12315,39,1
14100,7274,48,0
14101,9105,467,0
14102,576,166,1
14103,12880,85,1
14104,9579,7,0
14105,13158,169,1
14106,1323,2125,0
14107,13160,201,0
14108,1981,77,1
14109,5641,815,1
14110,13162,21,1
14111,5808,286,0
14112,3444,77,0
14113,1031,0,0
14114,7345,157,1
14115,10835,0,0
14116,3113,87,0
14117,13166,626,0
14118,13167,7,0
14119,7109,694,0
14120,10454,112,0
14121,2436,48,0
14122,12591,382,0
14123,1622,166,1
14124,7911,48,0
14125,11770,425,0
14126,13169,42,0
14127,1570,579,0
14128,160,1222,0
14129,6584,3,0
14130,13170,42,0
14131,13167,39,1
14132,10334,140,1
14133,13171,91,0
14134,13172,198,0
14135,3001,7,0
14136,8425,67,1
14137,9993,40,1
14138,2239,118,0
14139,10184,547,0
14140,3405,77,0
14141,12367,358,1
14142,10637,204,0
14143,9216,77,0
14144,5294,1329,0
14145,6968,2249,0
14146,2523,154,0
14147,49,1704,1
14148,2261,3,0
14149,13175,769,1
14150,13176,26,0
14151,7231,77,0
14152,226,223,0
14153,1104,1578,1
14154,12428,212,0
14155,935,118,1
14156,2565,2120,0
14157,5208,242,1
14158,5382,76,0
14159,11981,67,1
14160,1548,2251,1
14161,4503,1023,0
14162,13179,60,0
14163,13180,173,0
14164,9717,38,1
14165,13182,405,0
14166,5197,3,0
14167,3419,758,1
14168,7999,2252,1
14169,12909,182,0
14170,13050,419,1
14171,7031,534,1
14172,742,87,1
14173,13185,82,1
14174,917,155,0
14175,10322,343,1
14176,13186,758,1
14177,3796,69,0
14178,12455,595,0
14179,1487,1826,0
14180,13188,447,1
14181,333,739,0
14182,2165,246,0
14183,1593,223,0
14184,12324,40,1
14185,12457,266,0
14186,7751,439,0
14187,13191,39,1
14188,13192,1011,1
14189,10091,35,1
14190,13193,629,1
14191,9214,77,0
14192,7766,3,0
14193,2975,0,0
14194,12428,200,0
14195,544,41,0
14196,903,961,0
14197,13195,3,0
14198,9936,48,0
14199,13196,67,1
14200,9318,102,0
14201,9472,0,0
14202,9294,341,0
14203,13198,67,1
14204,9985,170,1
14205,2394,315,1
14206,7977,90,0
14207,13199,67,1
14208,2998,1879,1
14209,268,770,1
14210,3604,67,1
14211,5711,259,0
14212,4742,242,1
14213,13202,77,0
14214,4160,1795,0
14215,1578,115,1
14216,8549,242,1
14217,1089,77,0
14218,5490,844,0
14219,585,70,0
14220,5042,3,0
14221,6046,1338,0
14222,318,1079,0
14223,10062,126,1
14224,6930,48,0
14225,1266,75,1
14226,9015,7,1
14227,13207,1981,0
14228,1728,25,0
14229,1652,223,0
14230,5708,947,1
14231,44,3,1
14232,13209,32,0
14233,5492,813,1
14234,7518,62,0
14235,5087,28,1
14236,11147,115,0
14237,6711,52,0
14238,12572,0,0
14239,12439,182,0
14240,13210,276,0
14241,5331,67,1
14242,6980,492,1
14243,2713,54,0
14244,13212,369,1
14245,11522,969,0
14246,1336,1248,0
14247,13213,198,0
14248,4052,2254,1
14249,13214,369,1
14250,2264,314,1
14251,13215,91,1
14252,4665,78,1
14253,7657,408,0
14254,10987,271,1
14255,4588,547,0
14256,4238,831,1
14257,12171,93,1
14258,783,96,0
14259,13218,58,1
14260,2474,223,0
14261,5846,330,0
14262,7012,74,1
14263,190,33,1
14264,49,767,0
14265,3758,58,1
14266,243,149,0
14267,13221,67,1
14268,8359,1172,0
14269,11344,77,0
14270,4069,91,0
14271,13223,88,0
14272,3123,3,0
14273,10351,212,1
14274,3145,995,0
14275,13224,67,1
14276,10896,126,1
14277,9526,128,0
14278,4877,3,0
14279,6150,212,0
14280,12577,2255,1
14281,8036,102,0
14282,9334,8,1
14283,8277,1481,0
14284,10942,119,0
14285,288,154,0
14286,13227,0,0
14287,1085,74,0
14288,3253,220,1
14289,5557,87,1
14290,1776,247,1
14291,8267,1667,1
14292,7667,133,0
14293,5122,169,1
14294,2992,43,1
14295,70,509,1
14296,13228,128,0
14297,7166,165,1
14298,1411,39,0
14299,12103,397,1
14300,8514,547,0
14301,8706,77,0
14302,410,79,0
14303,11680,0,0
14304,13230,116,0
14305,12738,128,0
14306,3109,1636,1
14307,11103,2257,1
14308,2912,2248,0
14309,268,705,0
14310,7922,588,1
14311,7223,270,1
14312,658,60,0
14313,10930,77,0
14314,10427,60,0
14315,9624,521,1
14316,7738,3,0
14317,6455,521,1
14318,3583,48,0
14319,1422,25,0
14320,3231,460,0
14321,13232,148,1
14322,3850,67,1
14323,13233,86,0
14324,7391,101,1
14325,7616,149,0
14326,13235,67,0
14327,5435,330,0
14328,70,412,0
14329,8554,43,1
14330,13236,2258,0
14331,8416,3,0
14332,13237,86,1
14333,180,181,1
14334,888,0,0
14335,2889,77,0
14336,13238,242,0
14337,1022,442,0
14338,3093,196,0
14339,2368,897,1
14340,13239,326,0
14341,857,2260,1
14342,13240,654,1
14343,13241,77,0
14344,9939,445,1
14345,5863,0,0
14346,8317,368,0
14347,372,1531,0
14348,13244,149,1
14349,8138,48,0
14350,1465,77,0
14351,249,74,0
14352,13246,79,0
14353,8917,25,0
14354,6650,148,1
14355,9095,3,0
14356,3345,77,0
14357,1977,385,0
14358,13248,1050,0
14359,2439,91,1
14360,5260,8,1
14361,13249,326,0
14362,13250,33,0
14363,7191,405,0
14364,268,2262,0
14365,2613,3,0
14366,13251,407,1
14367,3713,89,1
14368,3560,353,0
14369,4756,329,0
14370,13182,7,1
14371,13238,220,1
14372,13252,521,1
14373,6266,306,0
14374,1932,7,0
14375,6369,0,0
14376,13254,67,1
14377,12415,428,1
14378,7355,407,0
14379,13255,3,0
14380,5006,149,0
14381,13258,52,0
14382,1084,237,0
14383,13259,40,1
14384,2638,77,0
14385,6523,1942,1
14386,3221,3,0
14387,5302,809,0
14388,5961,60,0
14389,5846,272,1
14390,1400,1454,1
14391,6719,19,0
14392,1761,135,1
14393,13260,67,1
14394,6142,90,0
14395,3039,1760,1
14396,13261,583,0
14397,5219,305,0
14398,13262,944,1
14399,9769,220,0
14400,10836,77,0
14401,3583,0,0
14402,9363,41,0
14403,13263,677,1
14404,36,86,0
14405,2864,292,0
14406,5966,3,0
14407,11731,169,1
14408,13264,108,0
14409,12771,102,0
14410,1239,1660,1
14411,13265,77,0
14412,9587,21,0
14413,8389,242,0
14414,13267,56,0
14415,4229,200,0
14416,10693,126,1
14417,3737,32,0
14418,8262,119,0
14419,1275,910,1
14420,13268,39,1
14421,13269,67,1
14422,7471,209,0
14423,1300,1458,1
14424,2225,113,1
14425,8816,149,0
14426,12561,182,0
14427,1578,1421,0
14428,10327,3,0
14429,10711,105,1
14430,4158,1132,1
14431,3286,223,0
14432,8860,420,1
14433,11214,0,0
14434,337,40,1
14435,6261,461,0
14436,1218,694,0
14437,6125,0,0
14438,2115,41,0
14439,7478,60,0
14440,10520,39,1
14441,12176,495,0
14442,5058,60,0
14443,2875,593,1
14444,2481,0,0
14445,1080,981,1
14446,6248,140,0
14447,13277,605,0
14448,6961,52,0
14449,6247,170,1
14450,9531,77,0
14451,3785,35,1
14452,7028,32,0
14453,6075,3,0
14454,2052,745,1
14455,10493,1473,0
14456,7272,1023,0
14457,2324,38,0
14458,5644,195,0
14459,9132,26,1
14460,3263,547,0
14461,13279,56,0
14462,5543,1145,0
14463,6143,155,0
14464,9430,3,0
14465,5183,32,0
14466,1982,242,0
14467,13280,83,1
14468,3912,242,1
14469,1428,77,0
14470,5226,115,0
14471,9800,7,0
14472,134,148,1
14473,7274,3,0
14474,13284,401,1
14475,6207,90,1
14476,7361,42,0
14477,4506,1322,1
14478,4348,200,1
14479,13285,42,0
14480,13286,126,1
14481,13287,343,1
14482,3487,0,0
14483,3038,19,1
14484,5353,220,0
14485,1473,30,1
14486,2302,224,1
14487,2409,579,1
14488,6083,364,1
14489,3876,485,0
14490,3890,7,0
14491,12236,329,1
14492,7479,182,0
14493,6201,15,1
14494,8678,208,0
14495,481,72,1
14496,6,2267,1
14497,5979,204,0
14498,6919,288,0
14499,12687,242,0
14500,7552,1091,0
14501,10107,7,0
14502,12942,166,1
14503,658,2269,1
14504,7083,343,1
14505,13292,725,0
14506,6722,348,1
14507,7407,1407,0
14508,1615,461,0
14509,2052,615,0
14510,3323,165,1
14511,230,2249,0
14512,880,491,0
14513,13293,7,0
14514,12306,89,0
14515,289,3,0
14516,11679,67,1
14517,13294,806,1
14518,2082,113,1
14519,13295,269,1
14520,13298,189,1
14521,11186,7,1
14522,10354,67,1
14523,5195,91,1
14524,440,93,1
14525,13299,861,0
14526,9603,317,0
14527,11779,7,0
14528,13300,1152,1
14529,2704,1051,1
14530,13059,592,1
14531,13301,204,0
14532,8463,210,1
14533,2533,377,0
14534,2777,75,0
14535,10179,41,0
14536,12505,1786,0
14537,13303,149,0
14538,12,593,1
14539,1807,722,1
14540,2053,824,1
14541,1241,365,1
14542,13304,534,1
14543,9465,155,1
14544,12564,225,1
14545,4666,329,0
14546,2876,288,1
14547,13305,1028,1
14548,7248,405,1
14549,7190,149,1
14550,13239,125,1
14551,11284,118,0
14552,9727,1023,1
14553,5524,300,1
14554,731,52,0
14555,1791,25,0
14556,1676,675,1
14557,1168,279,0
14558,13308,86,0
14559,3396,163,1
14560,7907,806,1
14561,2092,48,0
14562,7306,60,0
14563,8664,89,0
14564,13309,104,1
14565,2947,547,0
14566,305,399,0
14567,5427,3,0
14568,13311,40,1
14569,13312,198,0
14570,13313,326,0
14571,1742,160,1
14572,10647,601,0
14573,12975,41,0
14574,13314,1470,0
14575,13315,1626,0
14576,1204,443,0
14577,4136,131,0
14578,7982,680,1
14579,13021,697,0
14580,10811,242,0
14581,13316,166,1
14582,10544,230,1
14583,2491,1008,1
14584,5937,77,0
14585,2662,220,1
14586,12663,749,0
14587,10977,52,0
14588,2846,0,0
14589,4942,40,1
14590,13322,170,1
14591,4106,305,1
14592,9069,149,1
14593,13202,345,0
14594,13325,32,0
14595,6085,126,1
14596,6795,908,0
14597,9744,370,1
14598,7333,213,0
14599,7351,44,0
14600,7426,41,0
14601,5229,240,1
14602,13327,459,0
14603,8246,52,0
14604,262,32,0
14605,10959,829,1
14606,600,460,1
14607,13329,149,0
14608,13330,119,0
14609,9003,2273,1
14610,1220,494,0
14611,1952,41,0
14612,3838,2274,1
14613,566,1936,0
14614,3268,442,0
14615,8383,41,0
14616,1710,52,0
14617,1734,2275,0
14618,6236,157,1
14619,11451,200,0
14620,9174,204,0
14621,10228,93,1
14622,7973,3,0
14623,13332,242,0
14624,12586,32,0
14625,13333,262,1
14626,3556,52,0
14627,13334,67,1
14628,5616,170,1
14629,2741,204,0
14630,11249,21,0
14631,13215,86,0
14632,466,300,1
14633,399,0,0
14634,12897,0,1
14635,13045,67,1
14636,12678,3,0
14637,6304,41,1
14638,863,2276,0
14639,13337,200,0
14640,13338,7,0
14641,2315,3,0
14642,13339,1002,1
14643,10097,35,1
14644,1532,223,0
14645,3596,89,0
14646,12467,549,1
14647,8721,58,1
14648,13340,232,1
14649,5250,224,0
14650,13341,262,1
14651,9219,157,0
14652,9138,315,0
14653,11868,32,0
14654,41,35,1
14655,8324,3,0
14656,472,242,0
14657,1263,52,0
14658,13342,196,0
14659,1908,242,0
14660,2528,0,0
14661,13344,542,1
14662,5411,25,0
14663,13346,276,0
14664,5362,803,0
14665,8263,189,1
14666,11178,269,1
14667,13350,548,1
14668,5400,967,0
14669,13351,67,1
14670,13352,139,1
14671,11139,13,0
14672,13353,326,0
14673,3834,86,0
14674,12133,813,1
14675,11369,2278,0
14676,6095,668,1
14677,8557,0,0
14678,10807,35,1
14679,856,286,0
14680,314,106,0
14681,12937,41,0
14682,3668,77,0
14683,9961,405,1
14684,267,200,0
14685,372,223,0
14686,2874,495,0
14687,13356,128,0
14688,13357,815,1
14689,13358,101,0
14690,4515,528,1
14691,1161,798,1
14692,10916,41,0
14693,7367,122,0
14694,13359,2279,0
14695,5814,716,0
14696,2632,697,0
14697,4945,58,1
14698,8785,690,1
14699,13361,77,0
14700,13362,1668,1
14701,3769,52,0
14702,2719,1000,1
14703,13364,944,1
14704,9382,67,1
14705,9093,1048,0
14706,13367,47,1
14707,13368,362,0
14708,1385,52,0
14709,2190,713,1
14710,1316,67,1
14711,1887,88,0
14712,8271,267,0
14713,3220,3,0
14714,12354,60,0
14715,5508,412,0
14716,12159,924,1
14717,9850,67,1
14718,1275,0,1
14719,12657,2120,0
14720,6011,548,0
14721,5312,42,0
14722,13371,82,1
14723,4692,310,1
14724,3522,0,0
14725,4974,1114,0
14726,13372,1395,0
14727,13374,22,1
14728,4885,43,0
14729,8402,67,1
14730,5682,155,0
14731,1259,204,0
14732,13376,60,0
14733,12433,815,1
14734,13377,298,0
14735,5253,254,0
14736,2324,2270,0
14737,3670,2077,1
14738,13379,3,0
14739,5122,269,1
14740,3027,394,0
14741,10826,77,0
14742,9394,397,1
14743,1950,160,1
14744,5355,0,0
14745,12924,52,0
14746,4417,612,0
14747,10745,1180,1
14748,48,2283,0
14749,11590,39,1
14750,1662,1474,0
14751,766,2285,1
14752,49,365,0
14753,9550,0,0
14754,1940,265,1
14755,13382,1637,0
14756,972,7,0
14757,1734,922,0
14758,7550,1311,1
14759,13384,119,0
14760,13386,459,0
14761,53,2286,0
14762,11816,405,0
14763,4899,135,1
14764,12614,546,1
14765,268,214,0
14766,13388,163,0
14767,3153,3,0
14768,4220,67,1
14769,6150,1222,0
14770,12318,140,1
14771,4970,67,1
14772,7594,52,0
14773,13389,811,1
14774,1295,101,0
14775,5969,2287,0
14776,13390,148,1
14777,4638,643,0
14778,13391,170,1
14779,8229,67,1
14780,202,155,0
14781,12647,60,0
14782,9166,464,0
14783,8649,56,0
14784,10551,353,0
14785,13394,86,0
14786,1446,84,1
14787,13395,77,0
14788,13396,42,0
14789,3897,122,0
14790,5277,93,1
14791,3143,442,0
14792,12776,369,1
14793,10740,91,1
14794,5663,992,0
14795,93,43,1
14796,5248,1286,1
14797,4056,369,1
14798,13267,343,1
14799,7358,2219,0
14800,11459,270,1
14801,7009,212,0
14802,13401,67,1
14803,12972,90,1
14804,13403,89,1
14805,8201,13,0
14806,472,426,1
14807,1871,1659,1
14808,2310,776,0
14809,1021,575,0
14810,7827,126,1
14811,4852,1023,0
14812,7839,2127,0
14813,1730,60,0
14814,4526,796,1
14815,152,166,1
14816,7836,2289,1
14817,12096,211,1
14818,1229,137,0
14819,1816,0,0
14820,12233,8,1
14821,1979,783,0
14822,2676,67,1
14823,11,160,1
14824,1548,1207,0
14825,13407,412,1
14826,13408,579,1
14827,8045,214,1
14828,11235,225,1
14829,11712,19,1
14830,6407,864,1
14831,3064,189,1
14832,2987,42,0
14833,1303,242,1
14834,7848,442,1
14835,1594,357,0
14836,11190,196,0
14837,5061,155,0
14838,13409,242,1
14839,5407,8,1
14840,1267,1562,0
14841,13410,829,1
14842,8438,535,0
14843,7179,140,0
14844,4003,77,0
14845,10005,1575,0
14846,1098,344,0
14847,1173,291,0
14848,13411,56,0
14849,9857,173,1
14850,6798,281,0
14851,7706,99,1
14852,5567,86,0
14853,4528,7,0
14854,540,7,0
14855,485,429,1
14856,2882,1098,0
14857,8457,220,0
14858,8939,606,1
14859,2883,958,1
14860,1029,87,1
14861,4223,908,0
14862,7758,125,0
14863,5781,155,0
14864,3287,7,0
14865,7844,991,0
14866,13413,297,0
14867,4362,155,0
14868,6758,2291,0
14869,13339,242,0
14870,4450,825,1
14871,10657,725,0
14872,1871,627,1
14873,11596,365,0
14874,11585,547,0
14875,4205,126,1
14876,1852,75,1
14877,4749,418,0
14878,4685,26,0
14879,13415,42,0
14880,6966,735,1
14881,8789,137,0
14882,13416,341,1
14883,8082,121,1
14884,12378,2278,0
14885,557,223,0
14886,9179,0,0
14887,421,1371,0
14888,615,1801,0
14889,2605,288,1
14890,13417,3,0
14891,2307,254,0
14892,8692,33,1
14893,12733,284,1
14894,6898,102,0
14895,10034,112,1
14896,7620,77,0
14897,13418,2292,0
14898,13420,288,0
14899,5186,223,0
14900,13421,1317,0
14901,4690,52,0
14902,863,889,0
14903,13423,86,1
14904,6334,316,1
14905,4994,25,0
14906,5805,675,1
14907,4795,52,0
14908,8347,98,0
14909,13425,749,0
14910,741,101,0
14911,9236,104,1
14912,2002,106,1
14913,13357,786,0
14914,3967,425,1
14915,6403,269,0
14916,1089,640,1
14917,7538,0,0
14918,5916,1067,1
14919,895,276,0
14920,3660,15,1
14921,10867,200,0
14922,12595,35,1
14923,2053,864,1
14924,13431,343,1
14925,13432,77,0
14926,1690,461,0
14927,9937,424,1
14928,8742,1631,0
14929,13433,67,1
14930,9191,19,0
14931,4892,39,0
14932,79,961,0
14933,1872,39,0
14934,7836,0,0
14935,3713,0,0
14936,5773,21,0
14937,13436,211,1
14938,13193,3,0
14939,4407,3,0
14940,2348,254,0
14941,13437,56,0
14942,5743,374,0
14943,7463,208,0
14944,3925,997,0
14945,1870,2294,1
14946,13438,19,0
14947,13439,147,1
14948,7580,7,0
14949,10690,464,0
14950,2680,265,0
14951,4235,93,1
14952,1385,204,0
14953,13440,622,0
14954,3945,2295,0
14955,11902,67,1
14956,2770,1456,0
14957,2512,495,1
14958,766,2296,1
14959,4641,67,1
14960,9833,77,0
14961,12945,140,0
14962,13444,225,1
14963,4070,234,0
14964,6555,101,0
14965,8478,7,0
14966,63,25,0
14967,48,177,0
14968,4805,196,0
14969,11807,344,0
14970,3291,2297,1
14971,5498,1421,0
14972,43,32,0
14973,3461,172,0
14974,13448,1322,1
14975,9250,2112,0
14976,5334,42,0
14977,12118,196,0
14978,1651,3,0
14979,13449,41,0
14980,307,3,0
14981,10422,6,1
14982,3359,204,0
14983,3253,846,1
14984,4070,584,0
14985,9435,58,0
14986,13452,77,0
14987,2142,1744,1
14988,2838,128,0
14989,13455,77,0
14990,13367,77,0
14991,11273,3,0
14992,13456,505,0
14993,1369,2299,0
14994,5009,78,1
14995,13457,77,0
14996,13458,284,1
14997,4856,851,1
14998,13460,725,0
14999,1728,360,1
15000,6451,25,0
15001,581,1167,0
15002,3135,7,0
15003,2415,41,0
15004,7033,615,0
15005,4816,86,0
15006,13462,77,0
15007,13464,679,1
15008,8328,0,0
15009,708,399,1
15010,3938,29,0
15011,12782,41,0
15012,9141,244,0
15013,9610,131,0
15014,8312,52,0
15015,13465,485,0
15016,6916,26,0
15017,11824,77,0
15018,9404,364,1
15019,9572,77,0
15020,2734,2300,1
15021,659,314,1
15022,1488,119,0
15023,7786,148,1
15024,935,1705,1
15025,3449,7,0
15026,2984,91,0
15027,10689,3,0
15028,1218,300,1
15029,3174,463,0
15030,9082,52,0
15031,8410,344,0
15032,3107,155,0
15033,13466,139,1
15034,5090,518,0
15035,11801,348,1
15036,2475,2301,0
15037,3732,52,0
15038,4050,272,1
15039,12766,1857,1
15040,8791,2302,1
15041,12630,77,0
15042,13467,276,1
15043,49,2303,0
15044,11991,77,0
15045,863,612,0
15046,13132,93,1
15047,2052,656,1
15048,4312,1863,1
15049,5836,609,1
15050,8689,77,0
15051,7820,89,1
15052,12796,1079,0
15053,3175,723,1
15054,10644,1072,0
15055,12898,67,1
15056,6822,427,1
15057,1857,1750,1
15058,2919,113,1
15059,12280,40,1
15060,1946,615,0
15061,3124,223,0
15062,13458,368,0
15063,13469,67,1
15064,9725,242,0
15065,10742,1011,1
15066,12065,125,0
15067,7536,77,0
15068,5406,33,1
15069,1903,997,0
15070,12333,534,1
15071,13471,91,0
15072,5599,106,1
15073,590,74,0
15074,405,724,1
15075,6437,344,0
15076,1652,1713,0
15077,5475,32,0
15078,13472,91,0
15079,3897,38,1
15080,9625,343,1
15081,248,77,0
15082,4530,67,1
15083,10069,343,1
15084,5414,211,1
15085,2088,210,1
15086,5725,42,0
15087,1438,3,0
15088,8422,26,0
15089,7407,627,0
15090,1011,8,1
15091,13388,341,1
15092,13475,7,0
15093,5073,77,0
15094,3534,240,1
15095,2653,33,1
15096,12709,891,0
15097,9336,329,1
15098,7764,431,1
15099,1890,1021,1
15100,9705,52,0
15101,7932,112,1
15102,6266,555,0
15103,11411,7,0
15104,8437,91,0
15105,12967,35,1
15106,6292,300,1
15107,9775,39,1
15108,2930,272,1
15109,156,265,1
15110,3929,213,0
15111,13477,86,1
15112,12256,997,0
15113,7603,39,1
15114,13478,211,1
15115,10006,46,1
15116,1391,15,1
15117,11714,25,0
15118,5663,223,0
15119,10257,428,1
15120,5041,26,0
15121,13480,67,1
15122,812,39,1
15123,2053,87,1
15124,11473,60,0
15125,76,344,0
15126,11518,212,0
15127,4615,35,1
15128,13482,407,0
15129,6274,101,0
15130,6567,1030,1
15131,1138,343,1
15132,12394,220,1
15133,9408,1276,1
15134,2012,2306,1
15135,8379,829,1
15136,4268,77,0
15137,12925,1413,0
15138,11330,35,1
15139,2921,204,0
15140,2630,35,1
15141,2063,0,0
15142,11432,1145,0
15143,11079,56,0
15144,11752,67,1
15145,5180,58,0
15146,9799,1369,1
15147,10529,115,0
15148,12004,47,1
15149,9509,212,0
15150,5145,22,1
15151,178,77,0
15152,13489,67,1
15153,3264,214,0
15154,238,601,0
15155,4968,223,0
15156,2197,77,0
15157,9349,3,0
15158,9334,72,0
15159,8040,2307,0
15160,10397,3,0
15161,2998,208,0
15162,3771,0,0
15163,7783,149,1
15164,2088,3,0
15165,49,1481,0
15166,12905,3,0
15167,12659,0,0
15168,1254,329,0
15169,4837,102,0
15170,8441,214,0
15171,13490,156,0
15172,10598,116,0
15173,13491,3,0
15174,3464,2308,0
15175,12897,3,0
15176,2678,104,0
15177,13492,32,0
15178,312,189,1
15179,1663,91,1
15180,2368,48,0
15181,13495,91,0
15182,13496,718,0
15183,268,26,0
15184,1695,884,0
15185,6462,1636,1
15186,13497,67,1
15187,731,62,0
15188,12672,67,1
15189,7907,77,0
15190,3794,554,1
15191,13303,549,1
15192,13500,77,0
15193,3411,39,1
15194,4163,959,1
15195,2500,40,1
15196,12112,620,1
15197,12286,295,0
15198,8771,267,0
15199,9506,26,0
15200,6046,588,0
15201,1017,189,1
15202,3750,678,0
15203,652,1357,0
15204,3847,230,1
15205,7216,83,1
15206,13502,86,0
15207,13503,284,1
15208,9623,195,0
15209,3046,52,0
15210,3626,48,0
15211,8068,126,1
15212,10403,52,0
15213,1095,1219,0
15214,7177,208,0
15215,8657,39,1
15216,1253,67,1
15217,7098,230,1
15218,5211,392,0
15219,2986,1180,1
15220,4626,1246,1
15221,579,3,1
15222,13508,1447,1
15223,10537,39,1
15224,13509,343,1
15225,551,558,0
15226,8339,101,0
15227,9557,645,0
15228,13186,149,0
15229,13510,408,0
15230,10980,768,0
15231,521,148,1
15232,6619,195,0
15233,11875,166,1
15234,372,0,0
15235,112,32,0
15236,7231,0,0
15237,9222,77,0
15238,4262,189,1
15239,13515,79,0
15240,8763,77,0
15241,10541,42,0
15242,13516,0,0
15243,601,587,0
15244,863,2132,0
15245,5652,3,0
15246,6461,91,1
15247,11963,1000,1
15248,960,266,0
15249,12836,301,1
15250,5674,32,0
15251,13517,39,1
15252,13518,56,0
15253,292,1413,0
15254,6798,0,0
15255,1571,67,1
15256,10092,1392,0
15257,6941,3,0
15258,8602,315,0
15259,9395,148,1
15260,5803,8,1
15261,6746,231,0
15262,10130,242,0
15263,1301,99,0
15264,13520,77,0
15265,2035,3,0
15266,10784,77,0
15267,8590,69,0
15268,3935,118,1
15269,8344,3,0
15270,1387,2311,1
15271,7857,3,0
15272,13521,7,0
15273,4827,77,0
15274,4170,1056,0
15275,9099,25,0
15276,4492,546,1
15277,7754,254,0
15278,13523,733,0
15279,3929,596,1
15280,6491,106,1
15281,10496,749,0
15282,1089,2312,1
15283,13525,149,0
15284,13526,67,1
15285,10239,7,0
15286,12309,165,1
15287,13527,77,0
15288,10653,3,0
15289,5026,495,0
15290,12969,189,1
15291,13195,82,1
15292,5995,196,0
15293,708,1205,1
15294,2003,107,1
15295,13453,230,1
15296,859,0,0
15297,1870,2313,1
15298,8699,67,1
15299,10138,52,0
15300,931,172,0
15301,13530,160,1
15302,2751,546,1
15303,1925,35,1
15304,12345,102,0
15305,13532,15,0
15306,6585,294,1
15307,1273,189,0
15308,13437,343,1
15309,11586,3,0
15310,12736,32,0
15311,10678,148,1
15312,6802,926,1
15313,6422,79,0
15314,8591,122,1
15315,4596,7,0
15316,12301,433,0
15317,6474,0,0
15318,11727,1427,1
15319,1089,2315,0
15320,5711,670,1
15321,13536,35,1
15322,9013,13,0
15323,1630,77,0
15324,11690,237,1
15325,1450,2316,1
15326,11688,269,1
15327,11663,77,0
15328,5559,1051,1
15329,11318,231,0
15330,9970,3,1
15331,13540,60,0
15332,10694,1555,0
15333,13541,7,1
15334,7534,39,1
15335,6098,35,1
15336,5756,1295,0
15337,12215,67,1
15338,1093,627,0
15339,12599,310,1
15340,13544,40,1
15341,2015,875,0
15342,13545,238,0
15343,12895,22,1
15344,10242,214,0
15345,1347,77,0
15346,13261,694,0
15347,13547,67,1
15348,566,588,0
15349,7558,41,0
15350,12892,542,0
15351,6958,495,0
15352,5516,32,0
15353,5950,589,1
15354,7089,547,0
15355,305,536,0
15356,13549,1306,1
15357,7403,716,0
15358,7074,15,1
15359,9435,358,1
15360,4052,910,0
15361,11492,246,0
15362,878,74,0
15363,4980,418,0
15364,6976,148,1
15365,1179,267,0
15366,13381,231,0
15367,1306,7,0
15368,2544,231,0
15369,5202,431,1
15370,8207,771,0
15371,12851,42,0
15372,7661,7,1
15373,7560,987,0
15374,3809,0,0
15375,5798,412,1
15376,1197,2318,1
15377,5760,3,0
15378,8613,58,1
15379,10196,93,1
15380,11666,149,0
15381,13554,83,1
15382,13555,226,1
15383,9582,52,0
15384,7096,32,0
15385,11000,3,0
15386,2869,7,0
15387,8581,232,1
15388,10461,3,0
15389,8867,60,0
15390,2627,0,0
15391,4890,1050,1
15392,13557,77,0
15393,6458,1077,0
15394,12825,32,0
15395,8305,128,0
15396,3048,242,0
15397,13560,83,1
15398,9237,67,1
15399,2638,204,0
15400,3372,7,0
15401,13553,90,1
15402,12806,343,1
15403,13563,269,1
15404,13564,35,1
15405,13566,204,0
15406,5321,2321,0
15407,11256,93,1
15408,7832,297,0
15409,566,457,0
15410,13568,67,1
15411,13570,39,1
15412,11264,3,0
15413,13571,230,1
15414,12789,170,1
15415,3125,3,0
15416,4881,9,1
15417,8583,7,0
15418,13574,77,0
15419,3626,3,0
15420,6345,196,0
15421,7375,113,1
15422,11308,3,0
15423,5036,247,1
15424,1006,25,0
15425,13575,3,0
15426,5320,89,0
15427,9815,13,0
15428,10646,33,1
15429,13577,91,0
15430,3327,242,1
15431,12223,40,1
15432,332,273,0
15433,1946,3,0
15434,12651,297,0
15435,12373,687,1
15436,8143,873,0
15437,5416,80,1
15438,4911,409,1
15439,13578,242,1
15440,1013,244,0
15441,1089,2075,0
15442,12228,42,0
15443,189,427,1
15444,9179,3,0
15445,2433,533,0
15446,9343,39,1
15447,3221,1965,0
15448,12790,170,1
15449,13580,220,1
15450,3148,77,0
15451,387,2246,0
15452,9562,39,1
15453,6208,348,0
15454,1836,56,0
15455,4561,196,0
15456,1162,457,0
15457,13582,42,0
15458,5667,796,0
15459,11241,21,0
15460,13583,7,0
15461,2765,161,1
15462,4401,149,0
15463,4915,3,0
15464,145,3,0
15465,5803,77,0
15466,13586,40,1
15467,6261,2327,0
15468,2706,258,1
15469,11358,268,1
15470,8472,964,1
15471,13588,686,1
15472,49,545,1
15473,3777,412,0
15474,13589,1163,0
15475,2349,115,0
15476,4003,41,0
15477,13590,52,0
15478,6493,348,0
15479,174,326,1
15480,7923,39,1
15481,9617,204,0
15482,7471,84,1
15483,13592,19,0
15484,9288,431,1
15485,4114,35,1
15486,1486,77,0
15487,5119,77,0
15488,13222,0,0
15489,12569,77,0
15490,11114,349,0
15491,267,418,0
15492,13594,207,0
15493,13596,783,0
15494,13051,43,0
15495,5902,87,1
15496,10394,344,0
15497,8886,214,0
15498,13598,1145,0
15499,628,2329,0
15500,8917,116,1
15501,1975,428,1
15502,12847,7,1
15503,1477,424,1
15504,10008,386,0
15505,1194,3,0
15506,5447,52,0
15507,13601,43,1
15508,6749,223,0
15509,13602,349,1
15510,48,1112,0
15511,4994,72,1
15512,10011,214,0
15513,1314,220,0
15514,899,549,0
15515,13604,67,1
15516,4493,126,1
15517,13294,48,0
15518,6311,115,0
15519,5570,67,1
15520,13605,163,1
15521,6520,3,0
15522,678,38,1
15523,7387,329,0
15524,13607,43,1
15525,13608,42,0
15526,3532,165,1
15527,3393,207,1
15528,12796,330,0
15529,1886,504,1
15530,8262,276,0
15531,1809,1280,0
15532,355,223,0
15533,332,7,0
15534,5660,3,0
15535,13609,2332,0
15536,2621,41,0
15537,12189,56,0
15538,9927,104,1
15539,5035,126,1
15540,3084,574,0
15541,13613,407,0
15542,6264,2333,1
15543,1146,907,1
15544,13614,115,0
15545,10528,25,0
15546,6131,891,0
15547,13616,35,1
15548,6312,458,1
15549,1287,758,1
15550,2246,77,0
15551,9124,547,0
15552,3051,3,0
15553,5180,7,0
15554,8626,225,1
15555,5432,25,0
15556,13180,758,1
15557,8321,93,1
15558,4235,254,0
15559,623,77,0
15560,11544,39,1
15561,3713,48,0
15562,13624,67,1
15563,13625,40,1
15564,11620,25,0
15565,4233,701,0
15566,13626,439,1
15567,4081,77,0
15568,13530,101,0
15569,268,48,0
15570,6247,102,0
15571,10926,77,0
15572,267,663,0
15573,677,654,1
15574,12163,271,1
15575,6205,315,1
15576,13629,40,1
15577,7244,128,0
15578,11654,324,0
15579,10616,82,0
15580,13329,549,1
15581,1744,1543,0
15582,6964,0,0
15583,13471,86,1
15584,1197,2335,1
15585,2026,25,0
15586,13630,46,1
15587,9846,204,0
15588,7145,357,0
15589,2924,1172,0
15590,548,1222,0
15591,218,1457,0
15592,6376,269,0
15593,13633,101,0
15594,13501,1293,1
15595,4459,1447,1
15596,13301,52,0
15597,4876,52,0
15598,13516,41,0
15599,3059,147,0
15600,11230,40,1
15601,3020,1032,1
15602,13635,200,0
15603,5642,35,1
15604,6685,7,0
15605,4515,25,0
15606,8953,91,0
15607,13580,77,0
15608,1336,60,0
15609,11189,204,0
15610,13637,1051,1
15611,13639,115,0
15612,658,2299,1
15613,13640,3,0
15614,12997,77,0
15615,7552,522,1
15616,11309,3,0
15617,2716,204,1
15618,1144,3,0
15619,13641,343,1
15620,5042,1415,0
15621,13643,424,1
15622,5000,991,1
15623,5234,48,0
15624,9738,25,0
15625,13644,1050,0
15626,476,137,0
15627,9648,682,1
15628,6743,1023,0
15629,5038,48,0
15630,1771,0,0
15631,9506,104,0
15632,663,3,0
15633,12969,0,0
15634,5863,770,1
15635,7405,1247,0
15636,12198,357,0
15637,7525,83,1
15638,13650,1095,1
15639,1832,21,0
15640,7163,1512,1
15641,13651,169,1
15642,6466,214,0
15643,6605,441,1
15644,10478,306,1
15645,3599,0,0
15646,5889,2339,0
15647,10179,3,0
15648,8174,41,0
15649,11372,947,1
15650,10008,232,1
15651,7334,196,0
15652,5452,131,0
15653,13653,58,1
15654,12170,207,0
15655,1303,991,0
15656,3664,42,0
15657,13273,108,0
15658,9635,343,1
15659,9330,148,1
15660,9425,412,1
15661,13656,504,1
15662,5179,3,0
15663,13657,232,1
15664,13658,149,0
15665,12302,369,1
15666,3171,269,1
15667,125,1099,1
15668,13660,77,0
15669,12548,926,1
15670,11410,269,0
15671,2733,41,0
15672,13575,82,1
15673,11381,271,1
15674,686,991,0
15675,4626,290,0
15676,13661,276,1
15677,12352,211,1
15678,6958,237,0
15679,11172,77,0
15680,5201,26,1
15681,4910,778,1
15682,2910,611,0
15683,8771,93,1
15684,5664,7,0
15685,6751,32,0
15686,8258,214,0
15687,6006,32,0
15688,8324,891,0
15689,880,1701,0
15690,6919,160,1
15691,1696,7,1
15692,7389,200,0
15693,13665,39,0
15694,10917,115,0
15695,8781,612,0
15696,12739,77,0
15697,5911,985,0
15698,1313,223,0
15699,1175,724,0
15700,2481,397,1
15701,202,9,1
15702,49,849,0
15703,2422,77,0
15704,13666,3,0
15705,11453,262,1
15706,5742,1821,1
15707,10406,262,1
15708,9897,60,0
15709,13667,194,1
15710,7335,220,0
15711,12461,40,0
15712,13668,77,0
15713,13669,67,1
15714,3939,2078,0
15715,12190,76,0
15716,13670,341,1
15717,3654,204,0
15718,13671,13,0
15719,2389,41,0
15720,13672,7,1
15721,1910,7,0
15722,160,1016,0
15723,1039,122,0
15724,9275,170,1
15725,10146,0,0
15726,9186,101,0
15727,3441,40,1
15728,6552,26,0
15729,707,188,0
15730,13223,441,1
15731,766,1942,0
15732,795,351,1
15733,13674,60,0
15734,13675,72,1
15735,554,209,0
15736,2897,41,0
15737,13515,211,1
15738,10670,59,0
15739,11290,160,1
15740,11295,40,1
15741,13677,1580,0
15742,3632,0,0
15743,11090,1021,1
15744,9165,89,0
15745,1013,3,0
15746,6286,83,1
15747,531,224,1
15748,3153,41,0
15749,124,654,0
15750,2161,77,0
15751,7616,944,0
15752,256,52,0
15753,13683,67,1
15754,13684,67,1
15755,1089,2084,0
15756,284,196,0
15757,48,1134,0
15758,517,153,0
15759,1367,35,1
15760,4042,91,1
15761,6441,126,1
15762,3417,1395,0
15763,6982,223,0
15764,12034,3,0
15765,11312,0,0
15766,13547,196,0
15767,7725,224,0
15768,7577,0,0
15769,13687,39,1
15770,9439,204,0
15771,88,242,1
15772,4388,41,0
15773,13374,74,0
15774,6644,414,1
15775,13689,220,0
15776,6304,214,0
15777,6758,226,0
15778,13482,680,1
15779,12584,269,1
15780,11179,75,1
15781,752,341,1
15782,2892,160,0
15783,13690,859,1
15784,7136,189,1
15785,13692,39,1
15786,1712,52,0
15787,12850,269,1
15788,1460,391,1
15789,11992,269,0
15790,13694,286,0
15791,8366,675,1
15792,7891,116,0
15793,548,74,0
15794,2628,44,0
15795,7829,230,1
15796,12813,126,1
15797,8413,211,1
15798,12185,19,1
15799,5428,537,0
15800,2522,329,1
15801,5480,3,0
15802,8521,279,1
15803,288,2344,0
15804,3277,1227,0
15805,2583,89,0
15806,11767,39,1
15807,485,149,0
15808,10178,326,0
15809,5872,0,0
15810,2052,77,0
15811,12476,200,0
15812,13696,82,1
15813,6820,132,0
15814,2187,13,1
15815,2998,938,1
15816,13697,412,0
15817,1470,542,0
15818,13698,163,0
15819,716,98,1
15820,659,32,0
15821,6458,1222,0
15822,8315,3,0
15823,12012,210,1
15824,7949,112,1
15825,4575,606,0
15826,13700,1106,1
15827,2491,77,0
15828,12221,148,1
15829,11049,21,0
15830,5099,1667,1
15831,13521,35,1
15832,6595,427,1
15833,12853,343,1
15834,3784,160,1
15835,9031,170,1
15836,13322,102,0
15837,2108,242,1
15838,11129,77,0
15839,10525,128,1
15840,12164,349,0
15841,12525,39,1
15842,2336,40,0
15843,5393,434,1
15844,5002,664,0
15845,13536,39,1
15846,1006,258,1
15847,6352,91,0
15848,6090,3,0
15849,8814,38,1
15850,5212,41,0
15851,5047,198,0
15852,13704,442,0
15853,9017,1580,0
15854,10469,126,1
15855,5798,40,1
15856,7241,33,0
15857,9738,1038,1
15858,2627,60,0
15859,569,189,1
15860,2494,493,0
15861,919,200,0
15862,13706,32,0
15863,13707,408,0
15864,9239,126,1
15865,9410,77,0
15866,12763,82,1
15867,9248,324,1
15868,4988,8,1
15869,13540,575,0
15870,11621,0,0
15871,3045,1597,1
15872,9972,15,1
15873,2481,41,0
15874,375,3,0
15875,1460,1597,0
15876,10975,19,0
15877,1238,48,0
15878,472,22,0
15879,4263,196,0
15880,9322,86,1
15881,1369,477,0
15882,7295,439,0
15883,581,1072,0
15884,1438,418,0
15885,7507,460,0
15886,4944,329,1
15887,13710,189,1
15888,11865,161,1
15889,4343,443,0
15890,2307,93,1
15891,3880,348,1
15892,3799,115,0
15893,7298,58,1
15894,163,431,1
15895,6520,0,0
15896,5742,3,0
15897,3323,724,0
15898,13714,242,0
15899,3702,267,0
15900,1018,2346,0
15901,12071,1007,1
15902,10687,0,0
15903,5223,48,0
15904,13715,240,1
15905,1696,405,0
15906,422,405,0
15907,863,89,0
15908,6555,588,0
15909,12019,86,0
15910,10901,629,1
15911,1955,349,1
15912,3294,128,0
15913,1331,204,0
15914,11711,189,1
15915,3031,102,0
15916,97,1519,1
15917,1598,3,0
15918,11325,52,0
15919,10342,424,1
15920,2110,745,0
15921,11468,467,0
15922,4551,52,1
15923,3687,25,0
15924,13720,947,1
15925,13721,15,1
15926,5948,548,1
15927,13722,204,0
15928,11358,459,0
15929,2483,0,0
15930,7469,204,0
15931,878,447,0
15932,13723,242,0
15933,11464,41,0
15934,10393,575,0
15935,6584,48,0
15936,11621,3,0
15937,6275,77,0
15938,12789,148,1
15939,2714,122,0
15940,969,223,0
15941,13416,163,0
15942,12319,82,1
15943,1790,520,1
15944,8426,200,0
15945,8261,211,1
15946,13727,82,1
15947,3264,959,0
15948,10227,90,0
15949,11952,533,0
15950,4423,2347,0
15951,12492,52,0
15952,6257,2348,0
15953,9394,1413,0
15954,12846,170,1
15955,9408,408,0
15956,777,2320,1
15957,3837,908,0
15958,13728,3,0
15959,6666,521,1
15960,13729,412,0
15961,4097,1371,1
15962,13400,67,1
15963,13253,204,0
15964,2240,579,0
15965,1870,147,0
15966,13730,579,0
15967,9136,148,1
15968,2876,160,1
15969,5009,77,0
15970,8419,39,1
15971,7118,441,1
15972,12961,358,1
15973,7158,3,0
15974,13733,254,0
15975,13477,91,0
15976,8100,1114,1
15977,11973,148,1
15978,9827,77,0
15979,10827,344,0
15980,5211,90,0
15981,2924,153,0
15982,13735,300,1
15983,3229,3,0
15984,1089,526,0
15985,1512,67,0
15986,12985,626,1
15987,1158,0,0
15988,4859,35,0
15989,13737,595,0
15990,11667,116,0
15991,6977,3,0
15992,9412,26,0
15993,152,46,0
15994,4186,19,0
15995,7176,60,0
15996,10851,41,0
15997,13738,232,1
15998,13319,414,0
15999,13704,348,0
16000,12901,1312,0
16001,12854,148,1
16002,11996,67,1
16003,1887,492,0
16004,11409,35,1
16005,13740,126,1
16006,4846,32,0
16007,7355,113,1
16008,1378,161,1
16009,6289,297,0
16010,5640,549,0
16011,13741,67,1
16012,268,1887,0
16013,1629,1407,0
16014,13538,128,0
16015,5100,348,1
16016,6777,198,0
16017,9117,1135,1
16018,6223,67,1
16019,7657,1276,1
16020,4018,209,1
16021,7877,518,0
16022,3781,19,1
16023,8813,204,0
16024,13744,91,0
16025,6566,170,1
16026,11009,52,0
16027,10,778,1
16028,13745,83,1
16029,13746,259,1
16030,5650,169,1
16031,12414,128,0
16032,8195,3,0
16033,8882,75,1
16034,1887,891,0
16035,1890,160,1
16036,5084,148,1
16037,12386,348,1
16038,3584,518,0
16039,623,536,0
16040,5600,140,1
16041,7253,2351,1
16042,79,2352,1
16043,13391,102,0
16044,9146,41,0
16045,6917,374,0
16046,9280,2353,0
16047,6259,223,0
16048,3451,546,1
16049,5889,2354,1
16050,2678,326,1
16051,7018,214,0
16052,4978,573,1
16053,2555,305,0
16054,931,1246,0
16055,13751,42,0
16056,1080,809,0
16057,9823,242,0
16058,2469,786,0
16059,3328,118,0
16060,1573,115,0
16061,1004,42,0
16062,1152,0,0
16063,5557,788,0
16064,9851,1000,1
16065,13754,607,1
16066,3747,306,0
16067,10198,0,0
16068,6563,77,0
16069,5052,915,0
16070,11717,170,1
16071,13755,77,0
16072,13756,126,1
16073,11599,13,0
16074,9095,427,1
16075,10889,1101,1
16076,6609,52,0
16077,10589,463,0
16078,1857,0,0
16079,3969,77,0
16080,2592,48,0
16081,12976,26,0
16082,1870,107,1
16083,7582,409,1
16084,9748,26,0
16085,9432,91,0
16086,2561,165,1
16087,13759,126,1
16088,13760,697,1
16089,6282,2087,0
16090,10101,26,0
16091,24,195,1
16092,11343,230,1
16093,49,33,0
16094,8431,170,1
16095,1167,48,0
16096,8831,128,0
16097,10500,550,0
16098,12315,35,1
16099,1502,446,1
16100,2190,48,0
16101,13761,48,0
16102,10986,52,0
16103,4116,209,0
16104,2733,40,0
16105,11269,2357,1
16106,348,351,0
16107,5147,719,0
16108,7281,101,0
16109,12745,374,0
16110,8219,77,0
16111,12406,116,0
16112,13464,935,1
16113,13763,292,0
16114,7617,1667,0
16115,11202,902,0
16116,13764,91,1
16117,13765,67,1
16118,9955,212,0
16119,13766,965,1
16120,5161,220,1
16121,13656,196,0
16122,8357,40,1
16123,11427,91,0
16124,2740,518,0
16125,5495,42,0
16126,91,200,1
16127,4092,77,0
16128,639,56,0
16129,4503,891,0
16130,13768,77,0
16131,12355,38,1
16132,12376,242,0
16133,11016,204,0
16134,4445,67,1
16135,5835,1211,1
16136,999,3,0
16137,3583,549,0
16138,3702,93,1
16139,3482,429,0
16140,13769,1721,0
16141,11912,137,0
16142,1355,200,0
16143,12931,265,0
16144,13770,77,0
16145,13771,89,0
16146,5937,48,0
16147,12820,785,0
16148,11084,926,0
16149,351,884,0
16150,345,40,1
16151,288,547,0
16152,904,41,0
16153,13772,262,1
16154,4658,42,0
16155,13773,149,0
16156,13774,2360,0
16157,1879,67,1
16158,910,0,0
16159,9996,82,1
16160,13372,1095,1
16161,4935,77,0
16162,7065,77,0
16163,5670,272,1
16164,13776,40,1
16165,13777,83,1
16166,7392,188,0
16167,13778,211,1
16168,7035,246,0
16169,4916,1562,0
16170,268,72,0
16171,12915,40,1
16172,7703,160,1
16173,13779,126,1
16174,1396,1771,0
16175,10475,1311,1
16176,6015,154,0
16177,5408,160,1
16178,11448,170,1
16179,9751,42,0
16180,13781,1767,1
16181,4590,40,1
16182,11211,148,1
16183,13782,26,0
16184,5490,1434,0
16185,6913,26,1
16186,10517,937,1
16187,13774,360,1
16188,1449,1709,1
16189,13783,32,0
16190,3522,1095,1
16191,9775,7,0
16192,4437,39,1
16193,8323,230,1
16194,2733,48,0
16195,2469,30,0
16196,707,0,0
16197,1369,616,0
16198,6212,2112,1
16199,13786,204,0
16200,8531,259,1
16201,13788,408,0
16202,13338,39,1
16203,6830,0,0
16204,11275,737,1
16205,11747,60,0
16206,5526,276,0
16207,13570,35,1
16208,3044,227,0
16209,12235,908,0
16210,13600,74,0
16211,7090,405,0
16212,1763,1060,1
16213,445,60,0
16214,6743,0,0
16215,10079,77,0
16216,10227,33,1
16217,13790,74,0
16218,847,43,0
16219,8356,78,1
16220,5790,196,0
16221,8195,0,0
16222,658,696,0
16223,4020,0,1
16224,849,104,0
16225,3,179,1
16226,4187,82,1
16227,1658,882,1
16228,9246,273,1
16229,13793,67,1
16230,8729,204,0
16231,6975,52,0
16232,935,343,0
16233,13585,67,1
16234,1161,938,1
16235,13796,67,1
16236,9846,41,0
16237,3943,2364,1
16238,12718,224,1
16239,10596,445,1
16240,13797,67,0
16241,659,2365,0
16242,9885,77,0
16243,2647,247,1
16244,5885,40,1
16245,13798,284,1
16246,6082,1953,0
16247,6410,330,1
16248,9147,226,1
16249,6107,140,0
16250,5993,254,0
16251,12931,33,0
16252,3943,257,1
16253,6908,315,1
16254,9246,1246,1
16255,2086,164,1
16256,1314,670,0
16257,13805,441,1
16258,12934,67,1
16259,2278,271,0
16260,13806,658,0
16261,3634,128,0
16262,846,41,0
16263,13807,41,0
16264,12981,93,0
16265,13625,32,0
16266,7570,33,1
16267,12677,101,0
16268,6137,112,0
16269,12118,60,0
16270,2125,447,0
16271,11167,101,0
16272,3154,397,1
16273,7237,1114,1
16274,493,1196,1
16275,5352,86,0
16276,11217,67,1
16277,13808,39,1
16278,3661,19,1
16279,13809,52,0
16280,4397,0,0
16281,13811,648,0
16282,580,1240,1
16283,3690,77,0
16284,11817,56,0
16285,6375,32,0
16286,2565,1541,1
16287,13638,77,0
16288,13814,82,1
16289,1285,1502,1
16290,5966,200,1
16291,12432,128,0
16292,7716,33,0
16293,4781,35,1
16294,2533,584,0
16295,13816,44,0
16296,8796,230,1
16297,6926,834,1
16298,13818,79,0
16299,11986,412,0
16300,11074,22,1
16301,3353,300,1
16302,4703,374,1
16303,13820,35,1
16304,152,2368,1
16305,8878,52,0
16306,3264,242,0
16307,187,532,1
16308,1518,2299,0
16309,606,33,0
16310,12349,163,1
16311,7635,220,1
16312,13670,163,0
16313,12007,128,0
16314,13698,897,0
16315,8174,2369,0
16316,13822,3,0
16317,8815,618,1
16318,13823,56,0
16319,13824,52,0
16320,2767,19,1
16321,13825,101,0
16322,12829,409,1
16323,8957,246,0
16324,3836,891,0
16325,588,39,1
16326,13738,908,0
16327,8599,1135,1
16328,9468,460,0
16329,13827,412,0
16330,13361,67,1
16331,5975,3,0
16332,8891,699,1
16333,6256,52,0
16334,7962,115,0
16335,8457,2370,0
16336,13,1183,1
16337,154,60,0
16338,9480,48,0
16339,13828,82,0
16340,4144,40,1
16341,10031,102,0
16342,13829,137,0
16343,13830,42,0
16344,3,166,0
16345,13831,67,1
16346,4905,467,1
16347,9375,132,0
16348,1920,2000,0
16349,8875,182,0
16350,4404,374,0
16351,115,2001,1
16352,11186,504,1
16353,13834,67,1
16354,12985,237,1
16355,2897,0,0
16356,637,758,1
16357,463,77,0
16358,11469,831,0
16359,94,3,0
16360,5555,220,1
16361,953,2372,1
16362,13835,56,0
16363,2224,937,1
16364,994,407,0
16365,5749,77,0
16366,13836,1613,0
16367,5818,634,0
16368,6584,382,1
16369,1023,0,0
16370,6274,160,1
16371,9576,280,0
16372,11665,7,0
16373,12044,532,1
16374,5121,965,1
16375,13396,247,1
16376,2253,547,0
16377,13837,86,0
16378,10346,409,1
16379,6171,195,0
16380,143,434,0
16381,9857,149,0
16382,7411,3,0
16383,6508,374,0
16384,1317,1003,0
16385,3750,1463,1
16386,180,90,1
16387,395,35,1
16388,13157,86,0
16389,7489,3,0
16390,9567,77,0
16391,6753,83,1
16392,8762,3,0
16393,2770,1783,1
16394,5745,165,1
16395,984,25,0
16396,2110,1916,1
16397,13839,0,0
16398,4209,137,0
16399,2481,985,1
16400,2362,40,0
16401,11269,2373,1
16402,6081,9,1
16403,2196,67,1
16404,12704,380,1
16405,3479,3,0
16406,1881,8,1
16407,8255,77,0
16408,10944,83,1
16409,2512,77,0
16410,677,96,1
16411,13420,160,1
16412,13843,429,0
16413,13395,99,1
16414,4262,115,0
16415,13844,520,1
16416,7237,96,0
16417,13845,3,0
16418,4946,115,0
16419,8166,1302,0
16420,3215,353,0
16421,2909,149,0
16422,13846,505,0
16423,4398,204,0
16424,10739,3,0
16425,3163,41,0
16426,2617,35,1
16427,7176,615,0
16428,11531,52,0
16429,4885,358,0
16430,3641,198,1
16431,10908,112,1
16432,1690,2243,0
16433,5035,207,1
16434,13847,344,0
16435,3264,536,0
16436,9897,3,0
16437,6157,407,0
16438,11351,126,1
16439,425,35,1
16440,9247,210,1
16441,1042,1580,0
16442,4613,505,0
16443,11807,46,1
16444,10938,449,1
16445,10023,32,0
16446,3659,39,1
16447,8192,348,0
16448,8372,467,1
16449,11591,149,1
16450,5177,2144,1
16451,7258,35,1
16452,3557,1080,1
16453,775,3,0
16454,13448,41,0
16455,9112,119,0
16456,5546,52,0
16457,5359,921,1
16458,13850,595,0
16459,9113,7,0
16460,2193,35,1
16461,10672,0,0
16462,12436,21,0
16463,9553,344,0
16464,2262,89,1
16465,13852,67,1
16466,6908,2375,1
16467,5096,52,0
16468,11802,26,0
16469,8438,663,1
16470,11806,42,0
16471,12835,0,0
16472,7697,220,1
16473,10116,329,0
16474,1985,964,1
16475,4072,214,1
16476,13203,77,0
16477,2421,424,0
16478,49,627,1
16479,12854,102,0
16480,9305,58,1
16481,9757,126,1
16482,13675,762,0
16483,3541,326,1
16484,11920,19,1
16485,1637,0,0
16486,742,25,0
16487,1408,80,1
16488,13101,343,1
16489,9540,0,0
16490,4722,48,0
16491,4038,42,0
16492,12810,369,1
16493,9963,42,0
16494,5565,24,0
16495,1336,1494,0
16496,6653,353,0
16497,3692,77,0
16498,13736,242,1
16499,9158,0,0
16500,7214,131,0
16501,13415,126,1
16502,13847,46,0
16503,10632,0,0
16504,2621,48,0
16505,3897,3,0
16506,12875,1063,1
16507,8018,39,1
16508,1520,276,0
16509,12076,52,0
16510,5742,1602,1
16511,11505,86,0
16512,1267,366,1
16513,2937,48,0
16514,10993,0,0
16515,5488,670,1
16516,8912,1298,0
16517,4952,25,0
16518,1563,1792,0
16519,13860,558,0
16520,2349,131,0
16521,10684,3,0
16522,1491,135,1
16523,1979,1510,0
16524,12461,412,0
16525,13861,947,1
16526,12732,86,0
16527,6336,220,0
16528,1919,204,0
16529,13167,35,1
16530,11147,165,1
16531,2261,237,0
16532,5342,3,0
16533,260,19,0
16534,8478,35,1
16535,1000,48,0
16536,3899,24,0
16537,5066,32,0
16538,2338,19,1
16539,13864,1526,1
16540,581,212,0
16541,9561,48,0
16542,88,668,1
16543,1181,964,1
16544,3817,19,1
16545,10018,1012,1
16546,1787,212,0
16547,10955,41,0
16548,11511,67,1
16549,2026,2378,1
16550,4626,214,1
16551,13171,86,0
16552,3596,1167,0
16553,13865,122,1
16554,12561,104,1
16555,8447,944,1
16556,4885,826,0
16557,899,149,0
16558,7864,3,0
16559,1089,121,0
16560,1018,584,0
16561,625,204,0
16562,13866,42,0
16563,12847,405,0
16564,766,2380,1
16565,4920,242,0
16566,10756,1021,1
16567,11753,137,0
16568,1146,0,1
16569,10157,22,0
16570,10708,1407,1
16571,4177,824,1
16572,2264,223,0
16573,10004,441,1
16574,7116,35,1
16575,9908,1939,0
16576,6982,25,0
16577,3509,587,0
16578,12282,491,0
16579,3152,859,1
16580,377,259,0
16581,10448,220,1
16582,1776,42,0
16583,11828,19,1
16584,13869,169,1
16585,10369,33,0
16586,11163,204,0
16587,12250,172,1
16588,11191,102,0
16589,9687,41,0
16590,7133,242,1
16591,15,1136,1
16592,7247,407,0
16593,12488,52,0
16594,9362,42,0
16595,9814,200,0
16596,4910,2125,0
16597,498,668,1
16598,9540,3,0
16599,13871,35,1
16600,12840,67,1
16601,10087,2381,0
16602,13873,7,0
16603,5013,418,0
16604,766,2382,0
16605,13874,247,1
16606,10762,48,0
16607,9855,47,1
16608,1570,351,0
16609,4527,0,0
16610,11262,48,0
16611,755,329,1
16612,4801,467,1
16613,11290,101,0
16614,8804,76,0
16615,3342,165,1
16616,6399,13,0
16617,1325,60,0
16618,12283,212,0
16619,6549,818,0
16620,13293,39,1
16621,1528,122,0
16622,13878,67,1
16623,13879,813,1
16624,805,204,0
16625,7455,537,0
16626,9095,78,1
16627,1291,536,0
16628,424,204,0
16629,12621,35,1
16630,13881,589,0
16631,6259,745,0
16632,4936,813,1
16633,6896,77,0
16634,6050,396,0
16635,13882,2035,0
16636,3381,74,1
16637,5504,77,1
16638,640,112,0
16639,10493,718,0
16640,12749,82,1
16641,10212,1275,1
16642,11499,399,0
16643,160,259,0
16644,1661,1029,0
16645,1275,3,1
16646,13884,77,0
16647,7338,645,0
16648,9537,25,0
16649,8674,3,0
16650,6173,148,1
16651,12171,267,0
16652,13749,67,1
16653,1917,223,0
16654,10416,8,1
16655,3308,694,0
16656,11843,208,0
16657,11,770,0
16658,11533,148,1
16659,13886,7,0
16660,11084,242,0
16661,3759,588,0
16662,403,52,0
16663,10587,189,1
16664,7806,254,0
16665,8213,91,0
16666,10973,449,1
16667,11078,3,1
16668,10945,343,1
16669,11394,883,0
16670,4035,101,0
16671,13889,225,0
16672,13740,42,0
16673,11544,35,1
16674,205,1167,0
16675,6135,2118,0
16676,12910,86,0
16677,13210,449,1
16678,2320,91,0
16679,8075,653,1
16680,5973,242,1
16681,305,122,1
16682,373,439,0
16683,6718,52,0
16684,4173,1434,0
16685,10261,38,0
16686,13816,15,1
16687,1422,1552,1
16688,13892,40,1
16689,3143,348,1
16690,13249,125,1
16691,13894,19,0
16692,205,7,0
16693,7659,0,0
16694,1690,2384,0
16695,1887,1161,0
16696,3792,140,0
16697,1440,77,0
16698,268,1069,0
16699,13134,41,0
16700,1659,3,0
16701,6775,52,0
16702,7092,8,1
16703,7252,542,0
16704,6773,399,0
16705,472,2385,0
16706,13897,232,1
16707,9760,52,0
16708,2549,60,0
16709,4849,247,1
16710,12015,412,0
16711,6340,343,1
16712,1398,1306,0
16713,8449,210,1
16714,13899,155,0
16715,13901,562,0
16716,1575,1881,0
16717,4557,242,1
16718,13613,680,1
16719,7559,52,0
16720,615,2386,0
16721,13902,39,1
16722,2699,480,0
16723,13904,19,0
16724,11928,155,1
16725,8102,452,0
16726,10877,52,0
16727,9460,3,0
16728,880,155,0
16729,11764,991,1
16730,190,0,0
16731,12559,588,1
16732,13907,77,0
16733,11971,128,0
16734,6451,223,0
16735,7911,0,0
16736,7296,169,0
16737,13674,3,0
16738,11705,126,1
16739,5045,588,0
16740,5763,13,0
16741,8690,90,0
16742,1870,2387,1
16743,4277,2388,0
16744,11817,2000,0
16745,332,74,1
16746,2337,1901,0
16747,3189,431,1
16748,23,242,1
16749,245,39,1
16750,895,1515,1
16751,10522,1760,1
16752,6626,926,0
16753,13139,1154,0
16754,8552,319,0
16755,5620,1317,0
16756,10646,74,0
16757,9699,588,1
16758,2091,247,1
16759,7263,77,0
16760,387,2389,0
16761,13916,445,1
16762,79,223,0
16763,12853,96,0
16764,13041,126,1
16765,7133,668,1
16766,3084,1803,0
16767,6995,128,1
16768,4112,0,0
16769,13917,343,1
16770,348,239,0
16771,6939,119,0
16772,4319,314,1
16773,2893,32,0
16774,4815,1132,0
16775,955,1060,1
16776,13060,220,1
16777,10118,46,0
16778,907,2392,0
16779,2012,2393,1
16780,13527,210,1
16781,2032,32,0
16782,9435,405,1
16783,7582,467,1
16784,5171,173,1
16785,1695,1611,1
16786,11574,3,0
16787,13222,3,0
16788,3685,329,0
16789,11485,56,0
16790,9497,35,1
16791,2332,399,0
16792,12433,458,1
16793,12388,101,0
16794,10378,77,0
16795,13207,2394,1
16796,4079,343,0
16797,13922,908,0
16798,9598,91,0
16799,11063,768,0
16800,8834,131,0
16801,1018,48,0
16802,11748,653,0
16803,8690,19,1
16804,1238,0,0
16805,11403,195,0
16806,863,644,0
16807,13926,343,1
16808,3291,365,0
16809,6213,1114,1
16810,1313,1585,1
16811,10514,99,0
16812,1361,2395,0
16813,8800,809,0
16814,3264,220,0
16815,5916,476,1
16816,2806,204,0
16817,1336,1974,0
16818,944,195,0
16819,1695,2396,0
16820,10244,60,0
16821,2326,204,0
16822,2859,169,0
16823,3396,77,0
16824,1095,762,0
16825,4548,1594,0
16826,2487,668,1
16827,13929,284,1
16828,11595,460,0
16829,6857,41,0
16830,13930,195,0
16831,6758,1453,0
16832,3079,41,0
16833,8994,77,0
16834,4957,411,1
16835,882,48,0
16836,1644,785,0
16837,638,223,0
16838,13933,195,1
16839,3277,615,0
16840,9204,137,0
16841,13897,908,0
16842,1331,2397,0
16843,7756,104,1
16844,6361,936,0
16845,9023,89,0
16846,4624,169,1
16847,1548,692,0
16848,9618,54,0
16849,13934,494,0
16850,3469,265,1
16851,5003,43,0
16852,11962,669,0
16853,13838,181,0
16854,966,374,0
16855,3204,157,1
16856,13598,1267,1
16857,4749,207,1
16858,1527,944,1
16859,9566,200,1
16860,1426,3,0
16861,13935,77,0
16862,2711,2251,0
16863,1654,101,0
16864,7967,39,1
16865,1387,2398,1
16866,49,952,0
16867,8356,0,0
16868,7907,3,0
16869,9895,341,0
16870,6762,412,0
16871,486,155,1
16872,13192,505,0
16873,2913,482,1
16874,9857,24,0
16875,10459,217,1
16876,3405,41,0
16877,692,319,1
16878,1257,25,0
16879,415,7,0
16880,4571,634,0
16881,12053,220,1
16882,4307,276,0
16883,979,279,1
16884,12234,220,0
16885,2121,2083,1
16886,8474,155,0
16887,6620,67,1
16888,13939,648,0
16889,9937,0,0
16890,8361,341,1
16891,13940,67,1
16892,13942,169,1
16893,8076,77,0
16894,12469,3,0
16895,13943,846,1
16896,12566,48,1
16897,546,3,0
16898,9141,116,1
16899,564,392,0
16900,3406,0,1
16901,13944,391,0
16902,284,418,0
16903,10396,343,1
16904,12690,269,1
16905,1503,446,0
16906,11166,121,1
16907,8576,297,0
16908,6633,224,1
16909,6995,1246,1
16910,1209,40,1
16911,13947,518,0
16912,10843,439,1
16913,13948,82,1
16914,1270,242,1
16915,2241,77,0
16916,748,348,0
16917,3663,137,0
16918,7296,809,1
16919,6948,32,0
16920,8519,7,0
16921,8750,3,0
16922,10717,86,1
16923,10684,38,1
16924,8645,19,1
16925,1426,1453,1
16926,9469,77,0
16927,514,240,1
16928,6570,169,1
16929,13949,148,1
16930,12696,82,1
16931,13950,86,0
16932,10465,67,1
16933,6523,234,0
16934,13951,1051,1
16935,9773,2312,1
16936,13952,67,1
16937,4128,46,1
16938,13953,257,1
16939,8145,207,1
16940,5746,0,0
16941,211,35,1
16942,13954,21,0
16943,11680,41,0
16944,13955,310,1
16945,3253,991,0
16946,3572,25,0
16947,13462,163,1
16948,6208,809,0
16949,4329,157,0
16950,1089,859,0
16951,13508,67,0
16952,13362,0,0
16953,8419,7,0
16954,13614,131,0
16955,11898,41,0
16956,7683,447,1
16957,13919,369,1
16958,9082,204,0
16959,6082,217,1
16960,7760,196,0
16961,132,214,0
16962,6451,90,1
16963,13902,35,1
16964,11927,7,1
16965,6954,48,0
16966,8638,149,0
16967,12103,201,0
16968,4232,26,1
16969,3447,242,1
16970,3159,131,0
16971,743,1638,0
16972,3268,425,0
16973,6007,39,1
16974,13957,269,0
16975,6883,547,0
16976,11558,739,1
16977,23,74,1
16978,2756,3,0
16979,3614,0,0
16980,8877,595,0
16981,6694,220,1
16982,4407,77,0
16983,5200,724,0
16984,3235,2404,0
16985,1758,802,0
16986,4870,427,1
16987,7758,2099,1
16988,684,811,0
16989,11864,224,1
16990,4647,1012,1
16991,10419,547,0
16992,1838,3,0
16993,7062,1050,1
16994,13609,2405,1
16995,11708,26,0
16996,6965,35,1
16997,341,67,1
16998,11822,75,1
16999,6095,74,1
17000,5528,3,0
17001,13958,887,1
17002,13960,60,0
17003,5764,724,0
17004,12918,52,0
17005,3512,0,0
17006,2879,813,1
17007,1226,148,1
17008,6266,522,1
17009,11341,2407,1
17010,13062,128,0
17011,2355,84,1
17012,2945,3,0
17013,6492,0,0
17014,9172,39,1
17015,13964,232,1
17016,4905,113,1
17017,10497,7,0
17018,2965,803,0
17019,387,1226,0
17020,2255,3,0
17021,8432,137,0
17022,5904,353,0
17023,13967,607,1
17024,9562,7,0
17025,11525,1654,1
17026,3115,42,0
17027,2426,119,0
17028,10505,926,0
17029,10627,965,1
17030,11078,41,1
17031,13201,7,0
17032,10668,947,1
17033,4407,615,0
17034,1337,220,1
17035,12288,447,0
17036,12583,3,0
17037,8975,52,0
17038,13970,90,0
17039,1912,1206,1
17040,1865,912,1
17041,23,147,1
17042,922,74,1
17043,8815,1913,0
17044,12548,242,0
17045,13972,60,0
17046,196,536,0
17047,12359,26,0
17048,2493,160,1
17049,12986,160,1
17050,12829,428,1
17051,9403,981,1
17052,5275,377,0
17053,1239,276,0
17054,2729,35,1
17055,9117,121,1
17056,13657,908,0
17057,6436,198,0
17058,1089,226,0
17059,7408,343,0
17060,5697,189,1
17061,1450,1376,0
17062,12377,101,0
17063,9007,220,0
17064,5408,457,0
17065,4952,155,0
17066,11459,77,0
17067,3478,265,0
17068,13974,39,1
17069,11384,8,1
17070,10197,3,0
17071,659,242,1
17072,9359,405,0
17073,6599,3,0
17074,13251,2195,0
17075,160,397,1
17076,13393,67,1
17077,5429,621,0
17078,3143,48,0
17079,12404,102,0
17080,579,266,0
17081,6050,1114,1
17082,2317,1745,1
17083,6053,77,0
17084,11674,223,0
17085,7036,467,1
17086,127,77,0
17087,13382,210,1
17088,12094,832,1
17089,10130,74,0
17090,804,77,0
17091,4871,33,0
17092,766,25,0
17093,13978,548,1
17094,4442,1149,0
17095,7378,224,1
17096,6952,464,0
17097,4861,286,0
17098,13979,67,1
17099,6411,24,0
17100,12164,2408,1
17101,3465,493,0
17102,13130,965,1
17103,11988,43,1
17104,3969,592,1
17105,11665,35,1
17106,2853,229,1
17107,6209,48,0
17108,1734,1276,1
17109,2409,770,0
17110,10920,77,0
17111,3199,343,0
17112,10570,52,0
17113,11616,39,1
17114,10034,46,0
17115,12625,102,0
17116,2432,19,0
17117,9087,204,0
17118,10154,214,1
17119,1146,223,0
17120,12156,8,1
17121,11894,1512,1
17122,9643,69,0
17123,6405,329,0
17124,13981,60,0
17125,11567,67,1
17126,13010,242,1
17127,3239,77,0
17128,13982,77,0
17129,13984,52,0
17130,3448,254,0
17131,11202,156,1
17132,10315,1849,1
17133,789,884,0
17134,4083,654,0
17135,10995,77,0
17136,8341,405,0
17137,5975,106,1
17138,11422,534,1
17139,10937,126,1
17140,5278,2254,1
17141,1930,374,1
17142,5188,1885,1
17143,8805,52,0
17144,9338,52,0
17145,13986,210,1
17146,1820,52,0
17147,2538,91,0
17148,13987,56,0
17149,4790,67,1
17150,13486,2012,1
17151,6551,0,0
17152,12031,7,0
17153,8138,0,0
17154,10482,60,0
17155,13132,267,0
17156,3484,204,1
17157,4069,86,0
17158,10870,77,0
17159,12253,7,0
17160,1515,2084,0
17161,3339,67,1
17162,11002,259,1
17163,6454,133,0
17164,3993,518,0
17165,13991,341,1
17166,5033,25,0
17167,11923,1493,0
17168,13370,60,0
17169,11067,1114,0
17170,998,0,0
17171,6740,269,1
17172,9147,25,0
17173,4295,758,0
17174,4215,405,0
17175,2189,369,1
17176,972,35,1
17177,1876,67,1
17178,8928,204,0
17179,7806,93,1
17180,3365,273,1
17181,2919,409,1
17182,12700,397,1
17183,13997,32,0
17184,424,52,0
17185,12678,164,1
17186,3530,1654,1
17187,4208,149,1
17188,2924,2414,0
17189,13099,242,1
17190,16,40,0
17191,13803,77,0
17192,659,668,1
17193,12598,52,0
17194,14003,43,1
17195,351,72,1
17196,14004,148,1
17197,11349,170,1
17198,5563,52,0
17199,4674,405,0
17200,1885,3,0
17201,6982,859,1
17202,6833,246,0
17203,14006,341,1
17204,1186,568,1
17205,4638,1482,0
17206,10030,267,0
17207,11517,148,1
17208,8970,0,0
17209,3170,351,0
17210,11445,58,1
17211,6365,3,0
17212,10581,39,0
17213,288,44,1
17214,4806,188,0
17215,12659,504,1
17216,2732,0,0
17217,13353,125,1
17218,11408,349,1
17219,6458,220,0
17220,10752,439,1
17221,11685,751,1
17222,9858,1000,1
17223,12206,122,1
17224,14009,52,0
17225,14010,0,0
17226,9472,28,1
17227,8627,42,0
17228,12949,91,0
17229,9207,480,0
17230,8226,374,0
17231,10870,3,0
17232,7411,8,1
17233,11814,140,0
17234,1701,446,1
17235,8269,77,0
17236,2711,3,0
17237,14012,140,0
17238,10889,1082,0
17239,332,405,0
17240,7183,40,1
17241,14013,964,1
17242,14015,116,0
17243,6876,40,1
17244,13847,112,1
17245,553,147,1
17246,6520,883,1
17247,2587,429,0
17248,10853,191,0
17249,10329,122,1
17250,7329,39,1
17251,2590,48,0
17252,3482,46,1
17253,12081,1101,0
17254,7858,116,0
17255,4615,39,1
17256,5434,32,0
17257,14018,1881,0
17258,745,973,0
17259,14019,412,0
17260,6693,42,0
17261,14020,77,0
17262,3111,463,0
17263,9346,201,0
17264,12093,0,0
17265,23,77,0
17266,7182,77,0
17267,2087,212,1
17268,4232,104,0
17269,13516,43,1
17270,11140,46,0
17271,4800,937,1
17272,14022,433,1
17273,1369,1974,0
17274,5040,9,1
17275,4494,77,0
17276,9915,1023,0
17277,7155,834,0
17278,2895,0,0
17279,7270,441,0
17280,8819,329,0
17281,1040,0,0
17282,1840,77,0
17283,7231,3,0
17284,7078,620,0
17285,10669,262,1
17286,372,2415,1
17287,9652,267,0
17288,4057,166,1
17289,14024,29,0
17290,9365,549,1
17291,3084,9,1
17292,11586,122,0
17293,12740,52,0
17294,8089,35,1
17295,1958,2416,1
17296,14025,1011,1
17297,12645,91,0
17298,13848,771,1
17299,3261,39,1
17300,11946,89,0
17301,11805,242,0
17302,5688,0,0
17303,14026,83,1
17304,9809,3,0
17305,305,200,0
17306,1018,223,0
17307,7530,542,0
17308,6204,74,0
17309,5780,60,0
17310,3223,2417,0
17311,8472,265,1
17312,3080,687,1
17313,3291,467,0
17314,10623,52,0
17315,581,926,0
17316,2034,429,1
17317,102,242,0
17318,13439,77,0
17319,1181,22,1
17320,4344,3,0
17321,14030,237,0
17322,11536,883,0
17323,1162,101,0
17324,10581,7,0
17325,5443,77,0
17326,776,482,1
17327,5675,38,0
17328,11953,996,0
17329,7746,409,1
17330,10313,189,1
17331,13517,7,0
17332,4702,52,0
17333,4761,724,0
17334,4259,48,0
17335,13811,106,1
17336,14035,67,0
17337,3554,1630,0
17338,12844,204,0
17339,14036,405,1
17340,13957,169,1
17341,11767,7,0
17342,3867,212,0
17343,5200,3,0
17344,8560,2418,0
17345,11736,3,0
17346,2321,2248,0
17347,8747,1107,0
17348,11371,86,1
17349,13043,410,0
17350,9297,77,0
17351,7777,230,1
17352,8383,0,0
17353,5525,48,0
17354,11674,25,0
17355,1771,1114,1
17356,160,849,0
17357,8553,686,1
17358,8162,3,0
17359,2962,369,1
17360,6979,198,0
17361,13949,170,1
17362,4211,1364,1
17363,581,259,0
17364,5422,48,0
17365,218,2116,0
17366,4598,2085,1
17367,12171,254,0
17368,1787,770,0
17369,1923,163,1
17370,5906,242,1
17371,9908,267,0
17372,53,2420,1
17373,2912,407,0
17374,2119,19,1
17375,4962,1109,1
17376,5553,48,0
17377,14039,214,0
17378,2101,195,0
17379,2540,96,0
17380,14040,242,0
17381,10190,131,0
17382,8091,341,1
17383,7631,86,1
17384,12352,79,0
17385,5918,1110,0
17386,12451,431,1
17387,1881,48,0
17388,1495,41,0
17389,212,242,0
17390,1510,35,1
17391,11982,26,0
17392,14041,148,1
17393,14042,60,0
17394,1577,35,1
17395,12811,149,0
17396,579,426,1
17397,14043,46,1
17398,2125,32,0
17399,9667,22,0
17400,5422,0,0
17401,12099,35,1
17402,5328,125,1
17403,665,337,0
17404,1367,39,1
17405,2732,78,1
17406,4648,93,1
17407,13692,7,0
17408,3266,1788,1
17409,10230,2421,0
17410,12902,13,0
17411,11549,368,0
17412,9375,1364,1
17413,9077,537,0
17414,10273,42,0
17415,14047,341,1
17416,143,1997,1
17417,2063,60,0
17418,14049,102,0
17419,12374,2423,1
17420,9375,77,0
17421,13390,170,1
17422,372,1795,0
17423,10982,210,1
17424,1817,242,0
17425,3195,1072,0
17426,2016,1730,1
17427,14050,67,1
17428,463,571,0
17429,11739,6,1
17430,12039,80,1
17431,6207,392,0
17432,3687,223,0
17433,9372,1021,1
17434,13443,220,1
17435,13284,26,0
17436,11841,43,1
17437,10989,48,0
17438,5785,3,0
17439,8117,326,0
17440,3556,918,0
17441,9463,855,0
17442,9403,425,1
17443,3669,91,1
17444,9274,254,0
17445,10168,155,0
17446,1701,200,0
17447,9769,991,1
17448,8334,204,0
17449,7551,259,1
17450,12459,7,0
17451,609,54,0
17452,12489,7,0
17453,7337,102,0
17454,798,658,0
17455,14054,343,1
17456,13094,2426,0
17457,20,471,0
17458,11725,1484,0
17459,12612,60,0
17460,9892,77,0
17461,196,365,0
17462,11839,169,0
17463,5964,32,0
17464,13114,41,0
17465,6225,408,0
17466,5921,78,1
17467,4932,0,0
17468,11792,7,0
17469,2769,165,1
17470,3333,35,1
17471,5856,189,1
17472,3516,258,1
17473,14057,433,0
17474,8774,48,0
17475,14059,542,1
17476,10880,86,0
17477,12380,155,0
17478,6854,125,0
17479,9197,1290,1
17480,14062,875,0
17481,4240,15,1
17482,5861,220,1
17483,13501,90,0
17484,1903,770,1
17485,4580,269,1
17486,7385,91,1
17487,9789,119,0
17488,14064,126,1
17489,14065,128,0
17490,10074,39,1
17491,14066,98,1
17492,7651,39,1
17493,252,214,0
17494,14067,269,0
17495,12700,201,0
17496,12925,201,0
17497,14068,670,1
17498,7422,269,0
17499,7972,686,1
17500,8623,149,1
17501,11559,77,0
17502,9326,234,0
17503,13866,126,1
17504,4547,262,1
17505,3300,56,0
17506,14070,46,1
17507,2187,41,0
17508,12751,77,0
17509,12144,344,0
17510,7483,262,1
17511,14072,198,0
17512,4002,126,1
17513,180,297,0
17514,14073,155,1
17515,6773,113,0
17516,10625,21,0
17517,1364,279,1
17518,12247,3,0
17519,6814,412,1
17520,5352,91,0
17521,7179,52,0
17522,2617,7,0
17523,1781,2248,0
17524,3878,351,0
17525,13512,428,1
17526,1336,2299,1
17527,1314,625,0
17528,2535,374,0
17529,3732,140,0
17530,12844,52,0
17531,13008,67,1
17532,14076,67,1
17533,13682,237,0
17534,12513,521,1
17535,6901,35,1
17536,6813,397,1
17537,9375,532,0
17538,6604,546,1
17539,11156,86,1
17540,13500,1030,1
17541,3885,7,1
17542,3222,160,1
17543,12293,401,1
17544,12156,72,0
17545,13710,115,0
17546,4072,929,0
17547,11376,77,1
17548,6069,7,0
17549,12794,357,0
17550,1695,1936,0
17551,12761,91,0
17552,14078,259,0
17553,1946,244,0
17554,4522,77,0
17555,14079,67,1
17556,6029,48,0
17557,12500,67,1
17558,8548,991,1
17559,4870,0,0
17560,11740,56,0
17561,20,1377,1
17562,3403,39,1
17563,802,212,0
17564,475,48,0
17565,727,15,1
17566,6780,102,0
17567,8486,67,1
17568,3277,377,0
17569,7222,102,0
17570,6600,169,0
17571,220,223,0
17572,413,91,0
17573,258,3,0
17574,13943,781,0
17575,5275,1313,0
17576,13900,1264,1
17577,1304,52,0
17578,3405,3,0
17579,2975,41,0
17580,5532,125,0
17581,6540,617,1
17582,13316,46,0
17583,13268,35,1
17584,743,815,1
17585,10529,165,1
17586,340,262,1
17587,2275,3,0
17588,1136,267,1
17589,658,615,0
17590,4511,1783,1
17591,14084,126,1
17592,800,511,0
17593,10743,42,0
17594,493,223,0
17595,8443,26,1
17596,8506,460,0
17597,1173,267,0
17598,10645,47,0
17599,14085,210,1
17600,4582,52,0
17601,7976,343,1
17602,13901,201,0
17603,692,431,0
17604,4804,0,0
17605,4653,220,0
17606,10562,13,0
17607,5793,220,1
17608,3170,365,0
17609,11208,19,1
17610,8436,758,1
17611,29,0,0
17612,4966,1799,1
17613,2238,326,0
17614,14088,343,1
17615,11706,736,1
17616,11382,126,1
17617,14089,67,1
17618,9758,229,0
17619,6208,477,0
17620,8509,431,1
17621,542,33,0
17622,7035,546,1
17623,993,33,0
17624,14090,1904,0
17625,1270,926,0
17626,11096,495,0
17627,8198,624,0
17628,12651,90,1
17629,13901,397,1
17630,5127,77,0
17631,5757,353,0
17632,7384,77,0
17633,8367,35,1
17634,3264,447,0
17635,4253,431,0
17636,3229,0,0
17637,14093,645,0
17638,14094,67,1
17639,10998,22,1
17640,193,78,1
17641,7360,101,0
17642,6863,83,1
17643,14096,67,1
17644,316,32,1
17645,7155,1864,0
17646,6082,208,0
17647,11250,1432,0
17648,5937,41,0
17649,1136,518,0
17650,7289,46,0
17651,8002,1363,0
17652,1561,867,1
17653,6002,687,1
17654,1487,3,0
17655,14099,269,0
17656,2035,122,0
17657,6011,91,0
17658,10197,0,0
17659,13680,6,1
17660,2572,661,0
17661,11694,126,1
17662,8024,459,0
17663,7583,412,0
17664,10473,44,0
17665,13380,220,0
17666,11991,204,0
17667,10556,19,1
17668,4158,224,1
17669,10789,155,0
17670,9004,1000,1
17671,4213,204,0
17672,4012,344,0
17673,14102,1277,1
17674,5430,230,1
17675,1454,3,0
17676,6309,67,1
17677,3123,297,1
17678,11387,52,0
17679,14104,56,0
17680,13018,32,0
17681,10205,189,1
17682,5751,84,1
17683,8528,204,0
17684,9817,1063,1
17685,1030,99,0
17686,8459,7,0
17687,2954,149,1
17688,11921,160,0
17689,4480,242,0
17690,9405,86,0
17691,1981,584,0
17692,8200,204,0
17693,12614,246,1
17694,2188,348,1
17695,9872,3,0
17696,10824,39,1
17697,703,446,0
17698,2796,343,1
17699,5526,1135,0
17700,185,7,0
17701,7942,785,0
17702,4986,52,0
17703,9799,824,0
17704,9425,271,1
17705,3824,113,1
17706,1979,1024,0
17707,12043,220,0
17708,3897,48,0
17709,12290,48,0
17710,2915,42,0
17711,11461,429,0
17712,5314,2432,1
17713,3088,634,0
17714,8930,7,0
17715,3963,2433,0
17716,13449,310,1
17717,2943,2434,1
17718,2164,40,1
17719,1693,411,1
17720,13871,7,0
17721,4201,7,1
17722,1532,226,1
17723,6879,46,1
17724,160,952,0
17725,12723,115,0
17726,4736,412,0
17727,2565,1312,0
17728,10965,2435,0
17729,3672,343,1
17730,4338,588,0
17731,12369,447,1
17732,8552,782,1
17733,2583,687,1
17734,13478,79,0
17735,5742,0,0
17736,2882,25,0
17737,8560,661,0
17738,11944,77,0
17739,9460,2436,1
17740,7006,77,0
17741,4021,126,1
17742,1223,67,1
17743,14116,125,0
17744,10156,445,1
17745,4541,52,0
17746,12774,42,0
17747,1717,52,0
17748,8234,2437,0
17749,14009,204,0
17750,4503,992,0
17751,53,2293,1
17752,4549,330,0
17753,8689,568,1
17754,7573,83,1
17755,2841,58,1
17756,13814,3,0
17757,7193,195,0
17758,795,3,0
17759,12833,210,1
17760,13864,2070,0
17761,14119,224,1
17762,8289,391,1
17763,11078,77,0
17764,2891,77,0
17765,2762,101,0
17766,13116,3,0
17767,345,15,1
17768,4042,785,0
17769,14090,2127,1
17770,9936,77,0
17771,12644,93,1
17772,903,584,0
17773,14121,148,1
17774,5512,32,0
17775,5292,694,0
17776,14122,1555,0
17777,267,365,0
17778,2945,0,0
17779,7840,74,0
17780,1119,91,1
17781,14124,72,0
17782,1767,266,0
17783,12190,344,0
17784,14127,719,0
17785,12887,89,1
17786,6653,374,0
17787,8613,405,0
17788,8269,60,0
17789,2627,615,0
17790,7204,96,0
17791,10212,3,0
17792,7714,91,0
17793,9066,3,0
17794,1423,831,1
17795,9935,964,1
17796,13895,52,1
17797,9825,409,0
17798,14130,87,0
17799,6935,67,1
17800,8548,208,0
17801,12353,60,1
17802,5376,67,1
17803,14131,210,1
17804,14132,8,1
17805,9105,365,0
17806,13651,269,0
17807,546,196,0
17808,3365,41,0
17809,14133,56,0
17810,7905,409,1
17811,5828,242,1
17812,2314,38,0
17813,4491,223,0
17814,2005,90,0
17815,619,77,0
17816,10127,200,0
17817,9140,67,1
17818,7563,32,0
17819,11050,3,0
17820,14135,3,0
17821,4622,428,0
17822,13170,126,1
17823,7836,3,0
17824,12508,67,1
17825,8621,3,0
17826,14136,56,0
17827,8359,106,1
17828,4626,74,0
17829,13892,32,0
17830,1378,77,0
17831,147,149,0
17832,10576,267,0
17833,13634,1786,0
17834,1171,482,1
17835,13755,534,1
17836,1785,238,0
17837,367,908,0
17838,14139,32,0
17839,799,399,0
17840,10390,165,1
17841,4626,128,1
17842,10906,43,1
17843,12982,155,1
17844,14140,72,0
17845,8199,208,0
17846,793,137,0
17847,6548,39,1
17848,2901,0,0
17849,9687,3,0
17850,1301,406,0
17851,7180,22,1
17852,1771,1474,0
17853,10953,67,1
17854,9169,392,0
17855,5663,25,0
17856,714,297,0
17857,10778,21,0
17858,10139,428,1
17859,1771,242,1
17860,14146,8,1
17861,13232,102,0
17862,4098,52,0
17863,3713,41,0
17864,14097,67,1
17865,11788,214,0
17866,4431,768,0
17867,6775,77,0
17868,267,446,0
17869,14148,242,1
17870,9773,60,0
17871,2230,1803,0
17872,8442,1484,1
17873,1439,220,0
17874,14150,369,1
17875,14151,102,0
17876,5818,813,1
17877,9558,78,1
17878,12080,1687,1
17879,3188,19,0
17880,7673,86,0
17881,14152,369,1
17882,6147,2440,1
17883,8966,40,1
17884,8337,91,1
17885,5416,824,1
17886,1548,412,0
17887,6929,297,0
17888,675,220,1
17889,4973,374,0
17890,11357,783,1
17891,13308,1063,1
17892,2862,601,0
17893,4012,76,0
17894,11087,33,1
17895,7379,661,0
17896,3052,242,1
17897,5226,131,0
17898,14155,67,1
17899,548,627,0
17900,7738,0,0
17901,8365,126,1
17902,14138,1113,0
17903,8487,1317,0
17904,1460,343,0
17905,2685,230,1
17906,14156,86,0
17907,1870,627,0
17908,13081,231,0
17909,13056,1298,0
17910,9103,588,0
17911,38,1154,0
17912,2930,1299,0
17913,14122,686,1
17914,1069,26,0
17915,2931,75,1
17916,1503,428,1
17917,2278,44,0
17918,13466,48,0
17919,7501,229,1
17920,14158,126,1
17921,6663,344,0
17922,11236,230,1
17923,1987,365,0
17924,13982,210,1
17925,2637,2442,1
17926,11437,796,0
17927,8906,83,1
17928,7469,912,1
17929,14159,412,0
17930,1540,737,1
17931,993,43,1
17932,781,2000,0
17933,6406,86,0
17934,14160,46,1
17935,9690,77,0
17936,14037,155,0
17937,1887,441,0
17938,10145,276,0
17939,650,696,1
17940,9256,155,0
17941,14162,259,1
17942,4946,131,0
17943,12515,119,0
17944,13102,52,0
17945,9286,54,1
17946,4200,798,1
17947,8255,38,1
17948,1866,398,0
17949,14164,166,1
17950,4353,410,1
17951,188,818,0
17952,3814,62,0
17953,2110,536,0
17954,10553,360,0
17955,12135,39,0
17956,1080,425,1
17957,12572,77,0
17958,10797,60,0
17959,6294,232,1
17960,919,43,0
17961,2174,26,1
17962,6999,77,0
17963,14166,96,0
17964,13781,1727,0
17965,10077,69,1
17966,12509,157,1
17967,6932,3,0
17968,6424,220,0
17969,14167,52,0
17970,9689,237,0
17971,1869,86,0
17972,2991,1552,1
17973,4905,365,1
17974,10929,35,1
17975,3995,798,1
17976,8754,60,0
17977,9188,813,1
17978,11386,3,0
17979,10754,148,1
17980,3902,40,1
17981,10882,52,0
17982,9526,89,0
17983,14169,86,1
17984,88,212,0
17985,49,239,0
17986,4761,3,0
17987,11186,3,0
17988,2549,640,0
17989,7255,268,1
17990,14135,60,0
17991,13123,195,0
17992,13238,405,0
17993,1361,1000,0
17994,11908,1413,0
17995,3935,32,1
17996,11302,40,1
17997,14173,77,0
17998,7495,212,0
17999,11142,802,0
18000,14174,2170,0
18001,3506,40,1
18002,14175,128,0
18003,4744,149,0
18004,3223,283,0
18005,800,93,0
18006,12476,212,0
18007,4351,208,0
18008,2585,3,0
18009,2239,412,1
18010,2318,200,0
18011,12535,32,0
18012,7369,1063,1
18013,11594,200,0
18014,205,777,0
18015,8482,220,1
18016,1975,964,0
18017,1173,40,1
18018,12355,329,0
18019,10142,1870,0
18020,8383,46,1
18021,12792,259,1
18022,13011,128,0
18023,14176,326,0
18024,769,770,1
18025,758,157,1
18026,2246,90,0
18027,8913,77,0
18028,14177,240,1
18029,11163,52,0
18030,12266,195,0
18031,10759,3,0
18032,13628,3,0
18033,4307,617,0
18034,9149,405,0
18035,1975,113,0
18036,11385,2371,0
18037,14178,26,0
18038,12607,7,0
18039,132,39,1
18040,2739,300,1
18041,12269,77,0
18042,14121,170,1
18043,10529,131,0
18044,1023,3,0
18045,3374,405,0
18046,640,76,0
18047,14180,813,1
18048,1406,98,0
18049,9196,427,1
18050,3897,629,0
18051,14182,19,0
18052,7039,675,1
18053,14183,42,0
18054,14150,198,0
18055,11715,374,0
18056,3669,220,0
18057,14185,449,1
18058,3066,96,0
18059,3497,3,0
18060,379,226,1
18061,88,208,1
18062,1278,83,1
18063,13760,566,0
18064,11630,67,1
18065,8162,41,0
18066,10688,39,1
18067,1548,266,0
18068,2020,3,0
18069,9554,188,0
18070,8520,267,0
18071,5140,330,0
18072,3469,668,1
18073,3549,0,0
18074,14188,1618,1
18075,1491,615,0
18076,12985,495,0
18077,8560,177,0
18078,1926,77,0
18079,14190,160,1
18080,1371,112,0
18081,1168,405,0
18082,6887,1203,1
18083,6755,116,0
18084,7807,547,0
18085,10362,257,1
18086,13235,1447,1
18087,8269,1837,0
18088,10589,140,0
18089,6458,774,0
18090,13,2223,0
18091,12864,32,0
18092,1629,214,0
18093,540,39,1
18094,7064,26,0
18095,1424,160,0
18096,11425,32,0
18097,13294,3,0
18098,13508,1177,1
18099,12842,106,1
18100,11081,1432,1
18101,14072,369,1
18102,45,126,1
18103,11795,593,0
18104,2129,527,1
18105,6411,374,0
18106,14192,210,1
18107,4531,40,1
18108,44,48,0
18109,5742,77,0
18110,13436,79,0
18111,11194,947,1
18112,1306,35,1
18113,584,849,1
18114,3480,0,0
18115,11901,2152,0
18116,8531,208,0
18117,218,466,1
18118,4305,280,0
18119,11655,220,0
18120,6447,35,1
18121,12931,926,0
18122,11638,207,1
18123,13272,67,1
18124,581,7,0
18125,14024,157,1
18126,14193,431,1
18127,8558,555,0
18128,13875,67,1
18129,5283,588,1
18130,12686,67,1
18131,4685,91,0
18132,13949,102,0
18133,12383,658,0
18134,10713,46,0
18135,49,194,0
18136,11361,15,1
18137,13789,77,0
18138,4198,284,1
18139,10375,35,1
18140,1958,605,0
18141,2941,204,0
18142,14126,195,0
18143,9302,583,0
18144,1104,2035,0
18145,12865,67,1
18146,9944,67,1
18147,9394,201,0
18148,14195,157,1
18149,4767,0,0
18150,2913,82,1
18151,14197,232,1
18152,207,7,0
18153,11587,689,0
18154,14198,67,1
18155,2108,41,0
18156,1298,122,0
18157,10244,575,0
18158,12479,169,1
18159,14013,242,0
18160,11634,128,0
18161,2756,0,0
18162,3692,3,0
18163,5124,0,0
18164,1987,242,1
18165,1870,399,1
18166,689,1246,0
18167,14146,116,0
18168,4261,0,0
18169,14200,40,1
18170,13520,1030,1
18171,3466,106,1
18172,2115,77,0
18173,4600,0,0
18174,11995,1097,0
18175,9946,44,0
18176,11359,155,0
18177,13268,7,0
18178,7942,944,1
18179,14202,149,0
18180,10410,3,0
18181,961,2243,0
18182,8037,67,1
18183,114,242,0
18184,11548,60,0
18185,1472,612,0
18186,145,445,0
18187,13068,1744,0
18188,10564,595,0
18189,11725,93,0
18190,8401,2447,1
18191,1013,443,0
18192,13691,67,1
18193,3258,67,1
18194,12830,39,1
18195,10372,77,0
18196,1095,32,0
18197,6788,230,1
18198,562,2020,0
18199,525,694,0
18200,4119,200,0
18201,7018,991,0
18202,13724,536,0
18203,2601,101,0
18204,5358,1611,1
18205,14206,52,0
18206,1627,583,0
18207,4915,48,0
18208,11886,636,0
18209,5364,0,0
18210,5604,201,0
18211,14207,579,1
18212,3212,697,0
18213,14211,3,0
18214,5112,475,0
18215,1424,588,1
18216,6830,48,0
18217,12050,995,0
18218,3814,52,0
18219,8086,32,0
18220,1660,231,0
18221,11784,86,0
18222,475,1197,0
18223,5615,155,0
18224,13152,1427,1
18225,399,3,0
18226,10158,35,1
18227,14214,77,0
18228,13347,195,0
18229,5346,48,0
18230,2791,108,0
18231,14118,297,0
18232,12975,48,0
18233,3958,48,0
18234,14215,67,1
18235,13839,48,0
18236,11325,140,0
18237,5010,0,0
18238,6052,1023,0
18239,38,2101,0
18240,9,443,0
18241,4797,374,0
18242,13786,209,1
18243,6644,48,0
18244,4439,547,0
18245,4759,583,0
18246,13298,115,0
18247,3750,696,0
18248,11316,715,1
18249,758,29,0
18250,6830,189,1
18251,12687,926,0
18252,3692,48,0
18253,1018,0,0
18254,6922,1045,1
18255,2085,39,0
18256,5770,0,0
18257,10820,82,1
18258,3878,887,0
18259,14217,232,1
18260,11195,873,0
18261,10545,77,0
18262,1982,1407,1
18263,13750,67,1
18264,854,56,0
18265,12866,155,0
18266,919,89,0
18267,4831,3,0
18268,10612,77,0
18269,2121,1573,1
18270,6015,442,0
18271,921,0,0
18272,435,35,1
18273,9091,1453,0
18274,11589,2152,0
18275,13578,196,0
18276,4578,91,1
18277,5959,343,1
18278,8557,229,1
18279,12489,35,1
18280,1290,330,1
18281,10346,467,0
18282,1887,3,0
18283,217,1850,0
18284,14219,115,0
18285,11463,200,0
18286,1344,891,0
18287,12645,86,0
18288,5167,67,1
18289,1085,266,0
18290,581,242,0
18291,3594,832,0
18292,268,266,0
18293,12170,42,0
18294,13108,42,0
18295,12322,242,1
18296,5565,353,0
18297,5013,48,0
18298,5607,67,1
18299,2699,583,0
18300,1487,369,1
18301,1495,3,0
18302,14222,148,1
18303,1950,588,0
18304,13655,77,0
18305,11755,52,0
18306,6708,60,0
18307,13764,86,0
18308,9628,1021,1
18309,11124,48,0
18310,10916,3,0
18311,2110,993,0
18312,12139,431,1
18313,11805,265,0
18314,1307,0,0
18315,8602,48,0
18316,7620,217,1
18317,1336,616,0
18318,14124,8,1
18319,11366,259,1
18320,1408,864,1
18321,5330,58,1
18322,8926,690,1
18323,14226,691,0
18324,5101,798,1
18325,11710,601,0
18326,11443,697,0
18327,1787,486,0
18328,1009,83,1
18329,12594,1247,0
18330,12162,14,0
18331,9859,399,1
18332,9390,266,0
18333,2994,405,0
18334,9342,35,1
18335,8050,271,1
18336,11778,374,0
18337,1771,96,0
18338,7171,52,0
18339,7537,195,0
18340,12565,1101,0
18341,8857,992,0
18342,3152,2449,1
18343,416,267,0
18344,3211,678,0
18345,13658,549,1
18346,13837,1063,1
18347,6238,9,1
18348,1151,137,0
18349,1816,344,0
18350,3885,60,0
18351,14229,719,0
18352,11033,204,0
18353,14006,163,0
18354,517,1373,0
18355,14231,411,1
18356,11385,996,0
18357,10284,41,0
18358,8602,3,0
18359,14139,40,1
18360,12610,77,0
18361,5014,301,1
18362,1975,259,0
18363,1314,113,0
18364,859,135,1
18365,8672,42,0
18366,3642,436,0
18367,3138,126,1
18368,8062,254,0
18369,348,128,0
18370,10436,7,0
18371,2658,39,1
18372,3265,242,1
18373,10586,549,1
18374,1816,3,0
18375,269,242,1
18376,12117,242,1
18377,11144,204,0
18378,13611,67,1
18379,11808,233,1
18380,14234,89,1
18381,11855,368,0
18382,8774,41,0
18383,7343,67,1
18384,8658,1203,1
18385,10383,875,0
18386,14093,88,0
18387,5529,15,0
18388,6219,46,1
18389,13241,534,1
18390,7552,1187,0
18391,14236,46,0
18392,1467,418,0
18393,13128,72,0
18394,11781,32,0
18395,7105,457,0
18396,5416,382,1
18397,160,365,0
18398,14238,89,0
18399,10031,170,1
18400,161,41,0
18401,11631,140,1
18402,13309,182,0
18403,244,1183,1
18404,10347,348,1
18405,5151,1021,1
18406,6376,169,1
18407,2113,149,1
18408,10919,3,0
18409,1051,149,0
18410,5278,25,0
18411,12867,77,0
18412,14240,831,1
18413,11383,67,1
18414,13403,200,0
18415,9780,60,0
18416,9653,32,0
18417,7191,220,1
18418,8529,230,1
18419,2337,119,0
18420,1396,272,1
18421,9903,122,1
18422,3194,77,0
18423,11177,128,0
18424,13122,91,0
18425,3579,3,0
18426,520,405,0
18427,11568,449,1
18428,14241,26,1
18429,11925,3,0
18430,725,204,0
18431,1361,2452,0
18432,3005,1017,1
18433,10597,163,1
18434,14242,770,1
18435,8260,412,0
18436,1903,113,1
18437,10644,0,1
18438,12199,39,1
18439,12309,115,0
18440,14243,634,0
18441,13626,626,0
18442,8937,247,1
18443,9743,736,1
18444,12169,102,0
18445,7666,3,0
18446,7080,33,0
18447,13553,19,1
18448,8057,636,0
18449,1302,77,0
18450,1085,1407,1
18451,8659,32,0
18452,10664,67,1
18453,8987,91,0
18454,13839,520,1
18455,6208,442,0
18456,3620,35,1
18457,1627,859,1
18458,304,128,0
18459,95,211,1
18460,13911,128,0
18461,1982,2045,0
18462,1921,77,1
18463,472,19,0
18464,9856,6,0
18465,4673,654,0
18466,11903,441,0
18467,3958,677,1
18468,4446,25,0
18469,14245,220,0
18470,8827,3,0
18471,2152,369,1
18472,10239,35,1
18473,7235,52,0
18474,3456,558,0
18475,6052,992,0
18476,13373,19,0
18477,2733,2454,0
18478,2041,77,0
18479,8641,758,1
18480,2822,52,0
18481,13886,460,0
18482,13939,106,1
18483,2603,25,0
18484,1940,242,1
18485,14247,2085,1
18486,14038,122,1
18487,14190,101,0
18488,4768,392,1
18489,6644,0,0
18490,5686,52,0
18491,12678,77,0
18492,2110,918,0
18493,14248,46,1
18494,14249,620,0
18495,12347,386,0
18496,7555,35,1
18497,7177,220,0
18498,13828,482,1
18499,13820,7,0
18500,10672,3,0
18501,13919,0,0
18502,5004,267,0
18503,5087,48,0
18504,5737,39,0
18505,11071,546,1
18506,2836,25,0
18507,4562,24,0
18508,14251,369,1
18509,3055,38,1
18510,6192,204,0
18511,12943,155,0
18512,10845,67,1
18513,4911,407,1
18514,160,1246,0
18515,1060,77,0
18516,11756,887,1
18517,10554,230,1
18518,13905,83,1
18519,8688,198,0
18520,12531,182,0
18521,14253,7,0
18522,6595,135,1
18523,9326,2451,1
18524,13929,368,0
18525,8169,160,1
18526,4033,42,0
18527,6145,52,0
18528,4610,645,0
18529,14254,77,0
18530,5928,52,0
18531,3059,212,0
18532,5187,77,0
18533,9855,612,0
18534,13599,67,1
18535,13293,35,1
18536,182,411,0
18537,3126,35,1
18538,14257,83,1
18539,10245,39,1
18540,213,102,0
18541,9712,91,0
18542,11908,397,1
18543,10038,47,0
18544,2053,641,1
18545,11010,947,1
18546,8482,405,0
18547,6013,288,1
18548,14068,196,0
18549,3499,112,0
18550,11204,445,1
18551,2720,39,1
18552,14003,90,0
18553,6962,271,1
18554,13096,115,0
18555,7088,7,0
18556,9249,40,1
18557,1290,1211,0
18558,219,1725,0
18559,7084,13,1
18560,2860,181,0
18561,8431,102,0
18562,9345,447,0
18563,9448,343,1
18564,7464,0,0
18565,2369,341,0
18566,3498,24,0
18567,2640,77,1
18568,11863,77,0
18569,14262,67,1
18570,7775,60,0
18571,6468,182,0
18572,10999,48,0
18573,11392,1272,1
18574,4119,22,0
18575,1739,48,0
18576,7265,0,1
18577,8876,995,0
18578,10327,82,1
18579,463,1585,1
18580,1086,1063,1
18581,14265,3,0
18582,13439,122,1
18583,4705,169,0
18584,267,48,0
18585,7311,1080,1
18586,9731,2456,0
18587,2494,425,1
18588,1197,2457,1
18589,1049,1592,0
18590,988,447,0
18591,7954,1417,0
18592,8340,189,1
18593,14267,169,0
18594,13846,1011,1
18595,9300,834,0
18596,3958,337,0
18597,13340,908,0
18598,2757,405,0
18599,8335,77,0
18600,4899,0,0
18601,3326,2458,0
18602,6453,52,0
18603,2911,204,0
18604,1440,172,1
18605,5856,115,0
18606,8291,131,0
18607,11603,7,0
18608,406,128,1
18609,4833,38,0
18610,49,147,0
18611,522,52,0
18612,7594,463,0
18613,9357,75,1
18614,13095,7,1
18615,13853,67,1
18616,11269,360,0
18617,212,991,0
18618,6781,220,1
18619,5626,3,0
18620,6288,52,1
18621,9544,0,0
18622,6616,536,0
18623,10667,195,1
18624,5378,78,0
18625,1501,77,0
18626,9155,102,0
18627,13194,128,0
18628,7556,458,1
18629,9089,102,0
18630,3718,242,0
18631,10840,126,1
18632,48,993,0
18633,13368,319,1
18634,8438,1149,0
18635,11611,7,0
18636,5557,830,0
18637,9574,160,1
18638,4203,276,1
18639,1484,1578,0
18640,1821,587,0
18641,10723,0,0
18642,12332,286,0
18643,3158,86,0
18644,58,463,0
18645,748,658,0
18646,5978,627,0
18647,1761,0,0
18648,7214,165,1
18649,9900,412,0
18650,5126,431,1
18651,14066,132,0
18652,1659,22,1
18653,8358,32,0
18654,12868,704,0
18655,14272,44,0
18656,2608,35,1
18657,11896,1474,0
18658,5545,288,1
18659,5978,33,0
18660,2533,48,0
18661,13805,1161,0
18662,8757,26,0
18663,6520,48,0
18664,14273,67,1
18665,6510,3,0
18666,13667,77,0
18667,3945,2461,0
18668,10663,606,1
18669,14274,3,0
18670,10603,0,0
18671,9691,353,0
18672,4842,48,0
18673,69,1510,0
18674,100,3,0
18675,3751,116,1
18676,7338,1115,1
18677,7640,947,1
18678,4523,237,0
18679,5722,19,1
18680,7675,1755,1
18681,2610,48,0
18682,13914,60,0
18683,602,1106,1
18684,3211,349,1
18685,2280,48,0
18686,466,583,0
18687,6308,77,0
18688,4254,40,1
18689,9575,1011,1
18690,9811,926,0
18691,9218,96,0
18692,11621,189,1
18693,10102,246,0
18694,4438,288,0
18695,6,22,1
18696,13364,292,0
18697,12056,200,0
18698,1359,25,0
18699,2175,19,1
18700,7325,7,0
18701,12295,204,0
18702,2076,242,0
18703,14278,220,0
18704,5254,91,1
18705,8061,485,0
18706,53,1082,0
18707,2459,3,0
18708,3781,90,1
18709,12577,2464,1
18710,9713,365,1
18711,12175,41,0
18712,12208,753,0
18713,13425,521,1
18714,3105,89,1
18715,11446,0,0
18716,11487,99,1
18717,14281,89,0
18718,14282,118,1
18719,9910,67,1
18720,12334,424,1
18721,5802,78,1
18722,1438,41,0
18723,5282,41,0
18724,13653,460,0
18725,13262,292,0
18726,5131,3,0
18727,10207,269,1
18728,8884,457,0
18729,11211,170,1
18730,10041,126,1
18731,12132,7,0
18732,7721,262,1
18733,11891,3,0
18734,11,101,1
18735,8310,77,0
18736,13182,460,0
18737,7366,67,1
18738,4206,48,0
18739,4003,200,1
18740,1422,426,0
18741,13028,809,0
18742,14285,741,1
18743,1535,56,0
18744,7984,412,0
18745,13109,7,0
18746,2805,41,1
18747,1462,220,1
18748,2110,399,0
18749,11059,210,1
18750,4688,3,0
18751,11949,148,1
18752,11613,67,1
18753,13116,0,0
18754,1544,0,0
18755,4253,319,0
18756,14008,2466,0
18757,5215,802,0
18758,1149,969,0
18759,548,1454,0
18760,6231,583,0
18761,357,405,1
18762,7349,41,0
18763,3550,540,1
18764,8409,74,1
18765,5278,859,0
18766,7063,42,0
18767,91,242,1
18768,11026,457,0
18769,7449,220,1
18770,6689,1172,0
18771,3755,77,0
18772,3143,418,0
18773,10846,77,0
18774,8924,3,0
18775,11596,1142,0
18776,4091,3,0
18777,14288,343,1
18778,10511,369,1
18779,13844,1491,0
18780,152,2467,1
18781,9813,267,0
18782,14289,67,1
18783,3333,39,0
18784,253,2468,1
18785,9083,58,1
18786,6164,1246,1
18787,12113,52,0
18788,11500,195,0
18789,3849,1742,1
18790,1570,117,0
18791,2023,32,0
18792,4458,223,0
18793,3221,48,0
18794,8001,558,0
18795,8791,0,0
18796,12437,140,0
18797,1577,7,0
18798,5308,427,1
18799,13629,32,0
18800,6024,82,1
18801,5626,60,1
18802,14291,119,0
18803,14292,908,0
18804,10291,579,0
18805,14102,796,0
18806,13825,315,1
18807,863,25,0
18808,8283,77,0
18809,5163,204,0
18810,13191,7,0
18811,7954,112,1
18812,260,392,0
18813,11825,122,1
18814,4003,22,1
18815,14293,83,1
18816,9825,428,1
18817,14294,3,0
18818,4795,204,0
18819,1778,562,0
18820,160,214,0
18821,9709,170,1
18822,1695,878,0
18823,11875,344,0
18824,4190,160,0
18825,6275,579,1
18826,10720,272,1
18827,13510,1276,1
18828,5413,90,0
18829,7953,547,0
18830,9681,189,1
18831,12940,200,0
18832,1578,2117,0
18833,6130,32,0
18834,6218,116,0
18835,2053,223,0
18836,532,1112,1
18837,9343,7,0
18838,8526,160,1
18839,14296,43,1
18840,863,1626,0
18841,12699,40,0
18842,3271,166,1
18843,5278,644,1
18844,863,2469,0
18845,1173,584,0
18846,2818,445,1
18847,1271,52,0
18848,356,542,0
18849,5502,242,0
18850,12187,230,1
18851,5296,43,1
18852,8049,1588,0
18853,7839,2470,0
18854,3885,1684,0
18855,14299,439,0
18856,1485,645,0
18857,11899,1216,0
18858,7147,40,0
18859,10703,42,0
18860,3690,0,0
18861,7345,67,0
18862,4977,777,0
18863,9615,3,0
18864,9894,3,0
18865,7338,441,0
18866,10773,77,0
18867,3594,217,1
18868,13137,230,1
18869,11669,77,0
18870,9925,232,1
18871,8643,1500,0
18872,232,341,1
18873,96,87,0
18874,13541,405,0
18875,10032,3,0
18876,4454,26,0
18877,823,467,1
18878,13337,89,1
18879,13733,93,1
18880,2042,1088,1
18881,8930,39,1
18882,14188,377,0
18883,1584,813,1
18884,13661,782,1
18885,2535,353,0
18886,14302,42,0
18887,6248,918,0
18888,4017,606,1
18889,9270,149,0
18890,9834,485,0
18891,4661,257,1
18892,12177,3,0
18893,3365,22,1
18894,14304,369,1
18895,14054,56,0
18896,12037,1045,1
18897,13278,128,0
18898,14305,3,0
18899,13325,40,1
18900,9923,242,0
18901,13769,1520,1
18902,8191,1575,0
18903,14306,589,1
18904,5630,0,0
18905,8003,230,1
18906,14307,29,0
18907,9690,832,1
18908,7800,67,1
18909,8774,77,0
18910,12784,269,1
18911,14308,77,0
18912,13661,119,0
18913,11119,21,0
18914,6886,588,0
18915,3143,0,0
18916,3356,35,1
18917,377,579,0
18918,11986,32,0
18919,13700,333,0
18920,6844,195,0
18921,568,149,0
18922,5316,564,0
18923,1865,140,1
18924,8025,366,1
18925,9388,242,1
18926,2667,736,1
18927,14311,194,1
18928,1690,815,1
18929,1406,1456,0
18930,4502,32,0
18931,1644,374,0
18932,2533,314,1
18933,12254,1902,1
18934,1950,457,0
18935,2857,2020,0
18936,9826,536,0
18937,14312,46,0
18938,11831,67,1
18939,13752,1994,0
18940,140,148,1
18941,10785,1760,1
18942,6189,67,1
18943,12726,182,0
18944,14313,494,0
18945,7026,125,1
18946,268,315,0
18947,1095,844,0
18948,13240,1474,0
18949,14314,104,1
18950,1291,365,0
18951,11191,148,1
18952,6799,38,1
18953,9,116,1
18954,10317,348,1
18955,13773,549,1
18956,5274,79,0
18957,3512,41,0
18958,12532,26,0
18959,7413,170,1
18960,14315,47,1
18961,13232,170,1
18962,14311,77,0
18963,12387,163,0
18964,14316,32,0
18965,5009,0,0
18966,3754,1658,1
18967,13909,300,0
18968,1909,48,0
18969,3911,831,0
18970,12035,32,0
18971,9532,242,0
18972,7362,35,1
18973,12013,447,1
18974,10305,749,0
18975,11926,269,1
18976,6893,2472,0
18977,11572,374,1
18978,14088,56,0
18979,7898,194,1
18980,10845,3,0
18981,14318,753,0
18982,237,32,0
18983,11470,67,1
18984,10564,262,1
18985,581,446,1
18986,3898,242,1
18987,11149,430,0
18988,2812,52,0
18989,9098,67,1
18990,14321,689,0
18991,2629,52,0
18992,10561,119,0
18993,12422,82,1
18994,3653,310,0
18995,7666,43,1
18996,9628,160,1
18997,8201,445,1
18998,5553,147,1
18999,8051,40,1
19000,8347,552,1
19001,3184,3,1
19002,8964,200,0
19003,10004,1161,0
19004,14169,91,0
19005,804,220,1
19006,1396,1079,0
19007,6965,39,1
19008,9195,126,1
19009,1072,25,0
19010,13288,276,1
19011,3170,220,1
19012,13509,56,0
19013,5998,67,1
19014,13485,279,1
19015,12287,7,0
19016,5178,927,1
19017,968,0,0
19018,9620,267,0
19019,11506,265,0
19020,13633,588,1
19021,156,43,0
19022,2776,77,0
19023,2820,166,1
19024,705,397,1
19025,2636,86,0
19026,8421,719,0
19027,12056,22,0
19028,6042,75,1
19029,4039,1072,0
19030,7908,549,1
19031,5466,944,1
19032,5704,126,1
19033,244,266,0
19034,54,0,0
19035,5335,2475,0
19036,6099,77,0
19037,2626,482,1
19038,3594,579,1
19039,13492,40,1
19040,14178,401,1
19041,10954,67,1
19042,13639,189,1
19043,14324,42,0
19044,2032,40,1
19045,14325,198,0
19046,13915,813,1
19047,14326,163,0
19048,3790,52,0
19049,2667,25,0
19050,2528,78,1
19051,713,3,0
19052,1291,214,0
19053,13600,242,0
19054,12609,67,1
19055,13139,19,1
19056,4685,86,0
19057,13733,267,0
19058,2373,26,1
19059,4673,96,0
19060,313,116,1
19061,10741,7,0
19062,6773,74,0
19063,5843,7,0
19064,10712,254,0
19065,3583,2476,0
19066,14329,77,0
19067,14330,8,1
19068,4017,3,0
19069,4294,149,0
19070,8602,41,0
19071,5417,549,1
19072,4327,412,0
19073,11617,612,0
19074,3427,60,0
19075,14117,19,0
19076,2215,903,0
19077,10642,442,0
19078,5420,798,1
19079,2901,48,0
19080,2940,60,0
19081,13917,56,0
19082,11216,79,0
19083,7018,220,0
19084,13191,35,1
19085,268,2243,0
19086,1340,32,0
19087,3747,156,1
19088,8061,83,1
19089,2368,341,1
19090,6520,41,0
19091,13881,1312,1
19092,14332,32,0
19093,9103,160,1
19094,11259,242,0
19095,13665,35,1
19096,6679,91,1
19097,581,43,0
19098,5374,42,0
19099,5678,86,0
19100,6227,77,0
19101,3271,344,0
19102,4977,991,1
19103,893,458,0
19104,2664,1028,1
19105,8982,1063,1
19106,13722,52,0
19107,9152,149,1
19108,6881,40,1
19109,3350,33,1
19110,14334,58,1
19111,681,41,0
19112,3626,0,0
19113,5363,859,1
19114,6917,149,0
19115,12127,75,0
19116,707,77,0
19117,7458,204,0
19118,12922,106,0
19119,4177,3,0
19120,9859,1150,0
19121,13385,128,0
19122,14113,195,0
19123,5569,310,1
19124,1545,3,0
19125,12223,271,1
19126,7938,464,0
19127,8664,687,1
19128,1781,407,0
19129,3694,0,0
19130,14338,7,0
19131,1930,149,0
19132,8269,3,0
19133,11008,39,1
19134,9648,214,0
19135,7258,7,0
19136,6258,77,0
19137,11495,67,1
19138,8023,330,0
19139,13495,86,1
19140,3132,242,1
19141,8826,1171,0
19142,9582,140,0
19143,8475,1863,0
19144,7199,204,0
19145,12954,343,1
19146,5196,133,0
19147,13596,1135,1
19148,6724,46,1
19149,4083,343,1
19150,6751,1176,0
19151,3326,915,1
19152,3005,25,0
19153,681,3,0
19154,5064,425,1
19155,236,46,0
19156,12791,189,1
19157,2635,3,0
19158,14343,39,1
19159,10678,170,1
19160,2769,77,0
19161,12628,242,1
19162,13962,74,1
19163,11256,518,0
19164,6544,3,0
19165,10880,1063,1
19166,595,410,1
19167,14344,276,1
19168,516,392,1
19169,11586,329,0
19170,9312,620,1
19171,1697,118,0
19172,11872,52,0
19173,2621,365,0
19174,1831,405,0
19175,607,39,1
19176,1431,182,0
19177,13694,809,0
19178,885,204,0
19179,9524,148,1
19180,7499,719,0
19181,14348,128,0
19182,2696,39,1
19183,6350,2061,0
19184,14239,420,1
19185,1171,82,1
19186,14350,161,1
19187,4612,177,0
19188,4897,1163,0
19189,10458,77,0
19190,2633,204,0
19191,12126,210,1
19192,5712,77,0
19193,5253,518,0
19194,703,701,0
19195,268,1470,0
19196,11795,771,1
19197,13756,42,0
19198,8156,326,0
19199,14351,224,1
19200,8446,77,0
19201,5830,508,0
19202,11591,374,0
19203,1977,745,0
19204,220,48,0
19205,11561,7,0
19206,14352,19,1
19207,9251,7,0
19208,8045,220,0
19209,1239,617,1
19210,13761,424,1
19211,5188,794,0
19212,11683,276,0
19213,2292,148,1
19214,13608,126,1
19215,7674,1176,0
19216,3885,0,0
19217,12540,102,0
19218,10013,93,1
19219,9081,155,1
19220,1763,1688,0
19221,13507,84,1
19222,3135,39,0
19223,2288,445,0
19224,5591,2407,0
19225,13823,343,1
19226,6354,52,0
19227,2807,101,0
19228,9952,102,0
19229,10643,137,1
19230,12001,409,1
19231,8035,634,0
19232,11662,1137,0
19233,13751,126,1
19234,6915,52,0
19235,8166,1246,0
19236,12753,169,0
19237,11335,77,0
19238,6409,344,0
19239,596,3,0
19240,10380,24,0
19241,14156,91,0
19242,14355,77,0
19243,2959,77,0
19244,13054,3,0
19245,10978,405,0
19246,7738,48,0
19247,11537,77,0
19248,5013,3,0
19249,12367,212,0
19250,11721,67,1
19251,14356,106,1
19252,2254,170,1
19253,1975,535,0
19254,5461,209,1
19255,1029,14,0
19256,5718,246,0
19257,87,67,1
19258,1624,41,0
19259,10484,267,0
19260,8094,32,0
19261,4628,209,1
19262,6522,22,0
19263,2280,196,1
19264,6505,527,1
19265,4160,1510,0
19266,5545,101,0
19267,14357,607,1
19268,9046,85,1
19269,14358,52,0
19270,14359,15,1
19271,13333,595,0
19272,3365,48,0
19273,7121,160,1
19274,9812,77,0
19275,13766,1176,0
19276,3948,212,0
19277,8700,35,1
19278,14316,40,1
19279,14360,973,0
19280,1592,267,0
19281,3235,2480,0
19282,863,2073,0
19283,351,1415,0
19284,10130,447,0
19285,8548,220,0
19286,6470,29,0
19287,14222,102,0
19288,3399,101,0
19289,5923,3,0
19290,1400,627,1
19291,2854,102,0
19292,9374,25,0
19293,8269,534,1
19294,6229,405,0
19295,14361,104,1
19296,14362,548,1
19297,6941,437,0
19298,9461,137,0
19299,833,0,0
19300,11297,32,0
19301,5065,426,0
19302,14364,60,0
19303,12855,0,0
19304,14121,102,0
19305,5308,77,0
19306,8542,979,0
19307,2251,170,1
19308,14366,137,0
19309,14164,46,0
19310,12094,77,0
19311,12503,125,1
19312,13873,39,1
19313,3549,48,0
19314,13185,3,0
19315,387,223,0
19316,6445,677,1
19317,13936,52,0
19318,5743,353,0
19319,6841,8,1
19320,14367,429,1
19321,1029,80,0
19322,10054,242,1
19323,3405,824,0
19324,10962,35,1
19325,6390,67,1
19326,5236,149,0
19327,11018,214,0
19328,9811,242,0
19329,5476,1158,0
19330,4952,314,0
19331,11597,0,0
19332,6670,242,0
19333,9654,829,1
19334,1624,0,0
19335,7848,1470,0
19336,10878,40,0
19337,9363,878,1
19338,7473,211,1
19339,283,115,0
19340,14370,15,1
19341,6271,431,1
19342,12658,35,1
19343,3036,7,0
19344,2547,570,1
19345,14359,32,0
19346,8043,1369,1
19347,3464,239,0
19348,5058,0,0
19349,525,583,0
19350,8288,1667,1
19351,9756,831,1
19352,7547,209,0
19353,5736,460,0
19354,6266,1150,0
19355,14372,1904,0
19356,14253,35,1
19357,9193,201,0
19358,267,122,1
19359,11059,418,0
19360,8668,220,1
19361,3897,196,0
19362,2966,106,0
19363,4648,254,0
19364,9192,242,0
19365,8438,476,1
19366,12830,7,0
19367,6773,964,0
19368,8480,105,1
19369,11675,369,1
19370,8857,3,0
19371,9058,13,0
19372,7000,369,1
19373,11478,93,1
19374,14374,198,0
19375,4458,48,0
19376,6861,1113,0
19377,14376,148,1
19378,5244,3,0
19379,2613,77,0
19380,1197,1098,0
19381,342,8,1
19382,13160,562,0
19383,11285,52,0
19384,5195,157,0
19385,3656,140,0
19386,3155,254,0
19387,14010,818,0
19388,705,985,0
19389,14377,3,0
19390,124,1114,1
19391,11967,128,0
19392,707,3,0
19393,3630,3,0
19394,7419,0,0
19395,13338,35,1
19396,766,2483,1
19397,11072,58,1
19398,14379,86,1
19399,12072,817,0
19400,4856,223,0
19401,9903,445,0
19402,3196,926,1
19403,13153,1030,1
19404,13318,41,0
19405,5533,77,0
19406,2816,32,0
19407,7867,7,1
19408,268,918,0
19409,4172,829,1
19410,11512,35,1
19411,12826,884,1
19412,13873,35,1
19413,2787,48,0
19414,13992,155,0
19415,4284,40,1
19416,6160,133,0
19417,13678,52,0
19418,14380,269,0
19419,4001,1398,1
19420,931,200,0
19421,14381,160,0
19422,7319,7,0
19423,10090,227,0
19424,7463,669,0
19425,6322,101,0
19426,6216,91,1
19427,1870,74,0
19428,11908,985,0
19429,475,2404,0
19430,12278,77,1
19431,1800,1388,1
19432,508,2484,0
19433,9813,93,1
19434,5536,276,1
19435,1829,300,1
19436,2674,588,1
19437,6050,96,0
19438,14384,758,1
19439,13714,405,0
19440,1598,0,0
19441,6361,1608,0
19442,14385,276,1
19443,8736,149,0
19444,13586,32,0
19445,8884,160,1
19446,14112,67,1
19447,2315,0,0
19448,3785,39,1
19449,155,3,0
19450,904,25,0
19451,13344,75,0
19452,2646,3,0
19453,7023,2485,1
19454,408,2486,1
19455,12553,941,1
19456,173,83,1
19457,14386,3,0
19458,11775,52,0
19459,14351,137,0
19460,5490,2164,1
19461,13188,399,0
19462,14388,67,1
19463,7991,60,0
19464,7158,1016,1
19465,766,2340,1
19466,11578,33,1
19467,9756,310,0
19468,6430,77,0
19469,3059,194,0
19470,935,952,1
19471,8324,0,0
19472,7276,91,0
19473,11582,771,1
19474,922,447,1
19475,7965,140,0
19476,3381,77,0
19477,5044,0,0
19478,14391,56,0
19479,11829,58,1
19480,4834,41,0
19481,6595,3,0
19482,13248,894,1
19483,11373,35,1
19484,1563,883,0
19485,14157,77,0
19486,255,1631,1
19487,931,242,1
19488,3266,464,1
19489,1261,33,1
19490,12371,76,0
19491,13118,13,0
19492,14183,126,1
19493,2026,661,0
19494,4346,204,0
19495,2072,343,1
19496,7936,32,0
19497,12906,532,1
19498,12031,35,1
19499,5687,7,0
19500,13616,7,0
19501,7316,771,0
19502,3198,0,0
19503,1388,771,1
19504,880,1163,0
19505,2440,719,0
19506,3998,165,1
19507,49,172,0
19508,3277,3,0
19509,5346,3,0
19510,2885,606,0
19511,13955,41,0
19512,12590,67,1
19513,6521,358,0
19514,863,1276,0
19515,13452,33,1
19516,14395,106,1
19517,3256,3,0
19518,5629,69,0
19519,13029,67,1
19520,863,2489,0
19521,6831,67,1
19522,7348,41,0
19523,2527,634,0
19524,11597,77,0
19525,3943,196,0
19526,504,67,1
19527,5094,2490,1
19528,12984,3,0
19529,893,2491,0
19530,10313,0,0
19531,3993,267,0
19532,8496,224,1
19533,6465,77,0
19534,6668,348,0
19535,11965,200,0
19536,10755,592,1
19537,3869,7,1
19538,8001,204,0
19539,5742,41,0
19540,5267,77,0
19541,1886,1051,0
19542,10137,0,0
19543,4206,0,0
19544,907,196,0
19545,10967,1063,1
19546,1348,1536,0
19547,623,265,1
19548,5565,374,0
19549,10551,292,0
19550,1527,292,0
19551,14145,231,0
19552,3550,2492,1
19553,3149,0,0
19554,4503,1161,0
19555,5923,77,0
19556,4321,52,0
19557,8765,7,0
19558,2364,212,0
19559,9071,48,0
19560,512,67,1
19561,2833,3,0
19562,8903,3,0
19563,318,330,0
19564,1979,169,1
19565,6516,86,0
19566,9153,214,0
19567,7461,32,0
19568,9346,397,1
19569,10721,286,0
19570,3326,2494,0
19571,9430,189,1
19572,8093,267,0
19573,13697,271,1
19574,7955,116,0
19575,210,1454,1
19576,710,204,0
19577,6378,315,1
19578,8121,1192,1
19579,8398,39,1
19580,3472,344,0
19581,13798,368,0
19582,3278,67,1
19583,14401,86,0
19584,10434,58,1
19585,1730,204,0
19586,5132,35,1
19587,6325,405,0
19588,14136,343,1
19589,3199,1114,0
19590,4160,1531,0
19591,10012,768,0
19592,8275,3,0
19593,3724,77,0
19594,7952,3,0
19595,6692,269,0
19596,14404,86,1
19597,907,310,1
19598,9665,149,0
19599,8134,77,0
19600,1441,48,0
19601,12632,562,0
19602,5650,41,0
19603,12835,60,1
19604,7562,93,1
19605,2989,172,0
19606,8695,77,0
19607,10671,32,0
19608,12968,67,1
19609,2011,1150,0
19610,12409,3,0
19611,12923,67,1
19612,475,2495,1
19613,12556,86,0
19614,11639,0,0
19615,3906,492,1
19616,14350,1698,0
19617,8931,77,0
19618,10054,128,0
19619,3711,269,1
19620,3271,77,0
19621,13350,996,0
19622,2770,1126,1
19623,10992,458,1
19624,8035,1151,1
19625,1418,412,0
19626,12834,13,1
19627,8795,204,0
19628,6807,555,0
19629,2771,3,0
19630,7306,818,0
19631,6789,905,0
19632,590,43,0
19633,11850,2496,0
19634,8100,343,1
19635,1970,7,0
19636,14410,369,1
19637,5956,223,0
19638,8506,7,0
19639,8457,365,0
19640,5142,189,1
19641,13374,447,0
19642,313,8,1
19643,20,399,0
19644,4006,165,1
19645,3848,1176,0
19646,921,3,0
19647,6929,19,0
19648,10440,67,1
19649,921,48,0
19650,11208,297,0
19651,1265,1456,0
19652,3867,1796,0
19653,4072,615,0
19654,13829,1132,1
19655,10658,7,0
19656,13138,813,1
19657,863,77,0
19658,4395,242,1
19659,1596,223,0
19660,5653,237,1
19661,1872,35,1
19662,9846,52,0
19663,530,40,1
19664,8088,102,0
19665,11037,9,1
19666,4081,369,1
19667,13735,583,0
19668,2377,242,0
19669,1653,32,0
19670,377,208,0
19671,8784,52,0
19672,2998,1041,1
19673,6774,9,1
19674,13169,126,1
19675,375,48,0
19676,5772,83,1
19677,5700,719,0
19678,8127,82,1
19679,6038,204,0
19680,14414,67,1
19681,14344,119,0
19682,2741,52,0
19683,7210,944,1
19684,14415,42,0
19685,6498,427,1
19686,9555,495,0
19687,49,1989,0
19688,6492,310,1
19689,7264,2179,1
19690,659,824,1
19691,495,52,0
19692,10476,0,0
19693,365,269,1
19694,5124,411,1
19695,9860,242,0
19696,13919,3,0
19697,12273,348,0
19698,13521,39,1
19699,4552,47,1
19700,7103,947,1
19701,11,1021,1
19702,13974,35,1
19703,6566,148,1
19704,2667,1021,1
19705,6081,155,0
19706,1695,3,0
19707,14419,43,0
19708,14314,182,0
19709,14420,2498,1
19710,11906,0,0
19711,1204,8,1
19712,2246,74,0
19713,13677,280,0
19714,12248,1132,1
19715,1774,67,1
19716,7404,7,1
19717,8817,101,0
19718,5200,1206,1
19719,14326,341,1
19720,10905,3,0
19721,1069,2499,0
19722,3304,3,0
19723,1748,52,0
19724,14425,77,0
19725,4540,77,0
19726,14334,196,0
19727,13593,83,1
19728,6908,1071,1
19729,143,35,1
19730,5802,615,0
19731,8602,0,0
19732,6235,208,0
19733,5670,624,0
19734,292,397,1
19735,1029,234,0
19736,11405,3,0
19737,2916,133,0
19738,8394,56,0
19739,11414,9,1
19740,13411,343,1
19741,10971,935,1
19742,8881,21,1
19743,12704,370,1
19744,8400,170,1
19745,13379,82,1
19746,4622,1680,0
19747,2344,7,0
19748,11076,132,0
19749,5558,716,1
19750,4398,209,1
19751,1866,2502,0
19752,14230,67,1
19753,12922,229,0
19754,13464,1332,0
19755,573,77,0
19756,1644,758,0
19757,8452,369,1
19758,3921,26,0
19759,3652,25,0
19760,11702,119,0
19761,210,200,1
19762,14360,1080,1
19763,3872,108,1
19764,8524,77,0
19765,4867,397,1
19766,12782,0,0
19767,9960,91,1
19768,5033,1136,1
19769,14245,739,1
19770,12397,102,0
19771,14429,237,0
19772,1684,98,0
19773,9646,237,0
19774,948,391,0
19775,11995,52,0
19776,4837,170,1
19777,569,0,0
19778,4724,326,0
19779,11408,678,0
19780,6344,1134,1
19781,1219,48,0
19782,2001,35,1
19783,11359,364,1
19784,13312,369,1
19785,5209,212,1
19786,12217,82,1
19787,6736,52,0
19788,12295,52,0
19789,3865,570,1
19790,3084,0,0
19791,4471,467,1
19792,6522,217,1
19793,12699,246,0
19794,11137,39,1
19795,14431,7,1
19796,14045,60,0
19797,12511,122,1
19798,5993,93,1
19799,3362,615,0
19800,2332,328,1
19801,13945,128,0
19802,14432,42,0
19803,10630,164,1
19804,862,26,1
19805,53,223,0
19806,11585,546,1
19807,8367,39,1
19808,12518,944,1
19809,2712,944,0
19810,7164,226,1
19811,7404,196,0
19812,377,351,0
19813,14119,137,0
19814,14434,231,0
19815,14393,771,1
19816,4443,1288,0
19817,13286,42,0
19818,13616,39,1
19819,12829,467,1
19820,7386,106,1
19821,11023,1474,1
19822,10362,0,0
19823,11546,182,0
19824,750,126,1
19825,9844,164,0
19826,352,223,0
19827,3066,343,1
19828,5553,41,0
19829,2765,77,0
19830,11268,3,0
19831,8933,1774,1
19832,1474,558,0
19833,11379,204,0
19834,4388,48,0
19835,6845,149,0
19836,13209,40,1
19837,12765,214,0
19838,2415,1150,0
19839,1438,0,0
19840,11083,72,0
19841,14004,170,1
19842,3263,246,1
19843,11299,225,1
19844,1057,290,0
19845,3149,48,0
19846,5278,226,0
19847,5129,77,0
19848,13594,42,0
19849,11506,242,0
19850,1693,3,0
19851,13315,1857,1
19852,11406,2495,0
19853,8887,0,0
19854,11006,196,0
19855,8748,431,0
19856,387,1091,0
19857,6389,48,0
19858,3121,949,1
19859,3493,47,0
19860,8018,7,0
19861,14192,77,0
19862,9485,155,1
19863,9218,343,1
19864,1067,67,1
19865,11847,82,1
19866,12975,139,1
19867,12437,52,0
19868,14436,2179,1
19869,766,234,0
19870,5458,2504,0
19871,9544,41,0
19872,13279,343,1
19873,1982,214,0
19874,5721,204,0
19875,880,2461,0
19876,1683,457,1
19877,1085,7,0
19878,1497,13,0
19879,1484,106,1
19880,5496,926,0
19881,13456,1011,1
19882,11334,90,1
19883,12340,32,0
19884,19,67,1
19885,2778,0,0
19886,13690,641,0
19887,14324,126,1
19888,3159,189,1
19889,14438,196,0
19890,10419,246,0
19891,560,77,0
19892,12537,52,0
19893,4321,204,0
19894,2183,46,1
19895,1228,369,1
19896,1952,3,0
19897,4319,226,1
19898,10536,1045,1
19899,2619,149,0
19900,521,170,1
19901,9172,35,1
19902,11914,1045,1
19903,13730,217,1
19904,9922,3,0
19905,4184,1396,1
19906,11676,447,0
19907,863,2505,1
19908,2156,1647,1
19909,6982,1098,0
19910,9243,101,0
19911,1392,3,0
19912,2246,399,0
19913,615,1751,0
19914,9346,985,0
19915,8708,72,0
19916,1336,223,0
19917,4962,745,0
19918,11994,67,1
19919,6522,579,1
19920,4677,48,0
19921,5638,223,0
19922,13778,79,0
19923,11,315,1
19924,9999,3,0
19925,7581,678,0
19926,584,680,1
19927,3995,43,0
19928,6901,39,1
19929,5931,67,1
19930,11877,267,0
19931,5419,48,0
19932,10768,1001,0
19933,6892,351,1
19934,12582,405,0
19935,1791,439,1
19936,210,623,1
19937,6239,475,0
19938,14156,1063,1
19939,2655,157,1
19940,475,1874,0
19941,12716,2507,1
19942,6261,1513,0
19943,14444,1176,0
19944,11488,267,0
19945,13687,35,1
19946,1302,3,0
19947,880,918,0
19948,13305,973,0
19949,988,242,0
19950,8895,369,1
19951,13510,1453,0
19952,1071,86,0
19953,6446,3,0
19954,79,234,0
19955,12307,1255,1
19956,5756,9,1
19957,6195,344,0
19958,1416,2508,0
19959,3838,225,1
19960,5548,546,1
19961,13553,181,1
19962,6169,39,1
19963,11078,0,1
19964,9703,1259,1
19965,6591,286,0
19966,9342,7,0
19967,8306,40,1
19968,4815,595,1
19969,3482,112,1
19970,205,428,0
19971,14330,116,0
19972,14445,1636,1
19973,5190,181,0
19974,103,209,0
19975,8307,3,0
19976,12469,0,0
19977,8291,115,0
19978,11787,887,1
19979,13320,67,1
19980,10413,40,1
19981,3077,891,0
19982,11908,201,0
19983,14448,232,1
19984,7274,41,0
19985,585,705,0
19986,3611,1082,0
19987,6883,246,0
19988,3087,26,1
19989,13970,19,1
19990,1844,536,0
19991,9352,1901,0
19992,13410,310,0
19993,3243,223,0
19994,14452,305,0
19995,3950,160,0
19996,9546,768,0
19997,11749,225,1
19998,9863,43,0
19999,13230,8,1
20000,2630,7,0
20001,585,568,0
20002,9654,310,0
20003,6794,3,1
20004,5068,813,1
20005,14275,191,1
20006,5184,364,1
20007,9731,1050,1
20008,2110,2283,0
20009,12688,77,0
20010,13676,67,1
20011,2126,198,0
20012,3108,82,1
20013,3032,196,0
20014,1437,2511,1
20015,11631,52,0
20016,10677,102,0
20017,9886,40,1
20018,7232,46,1
20019,4961,15,1
20020,2046,697,1
20021,240,148,1
20022,6941,1837,0
20023,8691,627,1
20024,2610,0,0
20025,611,854,0
20026,12262,3,0
20027,2125,399,0
20028,14196,67,1
20029,314,1024,0
20030,4898,52,0
20031,14456,77,0
20032,13253,52,0
20033,3387,1901,0
20034,5872,196,0
20035,3170,991,0
20036,4285,104,1
20037,13716,67,1
20038,10551,149,0
20039,13926,56,0
20040,3719,0,0
20041,6549,77,0
20042,14344,805,1
20043,14036,7,0
20044,13075,424,1
20045,13703,305,0
20046,1962,128,0
20047,6317,19,1
20048,1129,887,0
20049,6521,58,0
20050,619,106,1
20051,13342,43,1
20052,1528,3,0
20053,10617,35,1
20054,11889,771,0
20055,10994,198,0
20056,12400,149,0
20057,13815,83,1
20058,14458,699,1
20059,3466,1172,0
20060,8076,223,0
20061,4796,24,0
20062,421,405,0
20063,13004,579,1
20064,8997,262,1
20065,4934,204,0
20066,14370,32,0
20067,14460,40,1
20068,12853,1114,1
20069,11169,41,0
20070,193,0,0
20071,8752,91,1
20072,14461,343,1
20073,3693,101,0
20074,12279,86,0
20075,1624,48,0
20076,13987,343,1
20077,5743,292,0
20078,8231,211,0
20079,566,429,0
20080,14165,91,0
20081,8034,128,0
20082,3192,67,1
20083,7282,429,0
20084,12283,22,0
20085,12754,370,1
20086,2255,724,0
20087,3632,60,0
20088,5378,786,0
20089,10087,756,1
20090,2511,1299,0
20091,2771,41,0
20092,8141,169,1
20093,13850,262,1
20094,7702,101,0
20095,10306,2515,0
20096,2532,91,0
20097,4059,137,0
20098,8924,329,0
20099,8369,3,0
20100,2988,140,0
20101,4520,41,0
20102,2530,485,0
20103,12330,1183,1
20104,10523,369,1
20105,10476,3,0
20106,8644,42,0
20107,9738,223,0
20108,10537,35,1
20109,8067,148,1
20110,13595,315,1
20111,12074,40,1
20112,11778,149,0
20113,6819,204,0
20114,8092,77,0
20115,8370,7,0
20116,13110,424,1
20117,4047,1142,0
20118,6850,88,0
20119,8303,48,0
20120,7552,306,0
20121,14465,56,0
20122,12625,148,1
20123,53,1916,1
20124,597,195,0
20125,3024,1196,1
20126,14467,77,1
20127,6010,156,0
20128,12058,26,1
20129,2998,273,0
20130,4251,48,0
20131,11269,944,0
20132,421,212,0
20133,2074,3,0
20134,4390,305,0
20135,12243,67,1
20136,9233,242,0
20137,9326,584,0
20138,2461,392,0
20139,3237,1788,0
20140,3264,89,0
20141,14469,414,1
20142,7341,645,0
20143,11067,654,1
20144,12139,782,1
20145,11751,1483,1
20146,9286,886,1
20147,2364,1989,0
20148,2161,809,1
20149,6802,265,0
20150,2429,584,0
20151,5377,1172,0
20152,6917,292,0
20153,8823,47,1
20154,11260,897,1
20155,13835,343,1
20156,9220,93,1
20157,14238,687,1
20158,11945,77,0
20159,13331,329,1
20160,13077,9,1
20161,11885,317,0
20162,14472,286,0
20163,9817,91,0
20164,623,447,1
20165,2733,3,1
20166,9805,40,1
20167,5354,405,0
20168,7323,223,0
20169,12082,77,0
20170,9490,271,1
20171,8438,242,1
20172,1578,1799,1
20173,6712,101,1
20174,7023,47,0
20175,12485,408,1
20176,14077,269,1
20177,14474,115,0
20178,14429,77,1
20179,11476,33,0
20180,7586,91,0
20181,14004,102,0
20182,7629,424,1
20183,2812,204,0
20184,13983,89,1
20185,12353,0,0
20186,1554,562,0
20187,12903,89,0
20188,1829,583,0
20189,11693,831,1
20190,1651,0,1
20191,14373,200,0
20192,9389,77,0
20193,14085,77,0
20194,11657,137,0
20195,1758,1207,0
20196,11270,149,1
20197,123,424,1
20198,5835,2407,1
20199,7084,3,0
20200,8375,89,0
20201,577,172,0
20202,3738,182,0
20203,8528,52,0
20204,5028,60,0
20205,6266,1775,0
20206,8032,409,1
20207,2278,424,0
20208,10430,52,0
20209,5618,128,0
20210,2580,101,0
20211,2445,716,1
20212,6981,1889,0
20213,7306,3,0
20214,10789,9,1
20215,7213,1023,1
20216,9690,1051,1
20217,14434,653,1
20218,12453,148,1
20219,3747,452,1
20220,4046,231,0
20221,8397,242,1
20222,160,41,0
20223,13639,131,0
20224,10658,39,1
20225,9400,220,1
20226,4702,3,0
20227,1110,67,1
20228,4180,149,0
20229,1661,153,0
20230,12727,32,0
20231,1554,201,0
20232,3334,3,0
20233,387,1723,0
20234,9968,3,0
20235,6455,325,0
20236,10319,137,0
20237,6400,230,1
20238,3594,997,0
20239,2098,41,0
20240,6405,122,0
20241,288,546,1
20242,3614,418,0
20243,2406,771,0
20244,5043,33,0
20245,5530,224,1
20246,5431,634,0
20247,11865,549,0
20248,8954,3,0
20249,9155,148,1
20250,3856,267,0
20251,5541,223,0
20252,14359,44,0
20253,2802,1332,0
20254,8567,21,0
20255,1903,428,1
20256,361,429,1
20257,1369,2101,0
20258,6293,77,0
20259,9309,530,1
20260,1117,428,1
20261,6422,3,0
20262,5879,1011,1
20263,2229,42,0
20264,7354,214,0
20265,1913,90,0
20266,8258,43,0
20267,2455,353,0
20268,11008,35,1
20269,7059,237,1
20270,2881,223,0
20271,12147,128,0
20272,4720,140,0
20273,5022,3,0
20274,1975,208,0
20275,5077,102,0
20276,4341,3,0
20277,14013,447,1
20278,6659,1331,0
20279,8821,447,0
20280,3829,7,0
20281,4202,0,0
20282,9652,518,0
20283,5318,985,1
20284,9134,2516,1
20285,8689,3,0
20286,882,3,0
20287,11196,77,0
20288,1089,1437,0
20289,13836,1559,1
20290,13052,32,0
20291,14479,42,0
20292,2724,3,0
20293,5087,3,0
20294,9151,330,0
20295,3198,48,0
20296,4070,314,1
20297,9609,401,1
20298,14467,377,0
20299,11202,878,0
20300,2455,24,0
20301,13277,1709,1
20302,2255,48,0
20303,8830,3,0
20304,13737,262,1
20305,9159,407,0
20306,559,15,1
20307,11682,83,1
20308,935,692,0
20309,1979,1795,0
20310,5230,230,1
20311,8492,77,0
20312,14481,262,1
20313,12317,42,0
20314,798,587,0
20315,12775,86,0
20316,13665,7,0
20317,3475,32,0
20318,5100,25,0
20319,14073,1002,0
20320,3264,128,0
20321,13808,7,0
20322,10417,35,1
20323,1089,1369,0
20324,7953,246,0
20325,13564,214,0
20326,14482,6,1
20327,14424,231,0
20328,3927,562,0
20329,4568,832,0
20330,14242,196,0
20331,14404,91,0
20332,1816,48,0
20333,2864,149,0
20334,5231,83,1
20335,5997,204,0
20336,13389,862,0
20337,847,283,0
20338,6424,208,0
20339,13049,77,1
20340,14140,443,1
20341,3059,242,0
20342,10993,48,0
20343,13529,77,0
20344,6102,457,0
20345,12765,128,0
20346,13729,419,1
20347,9339,91,0
20348,12162,694,0
20349,13990,128,0
20350,11611,35,1
20351,8174,77,0
20352,13827,271,1
20353,10524,3,0
20354,461,741,1
20355,4592,615,0
20356,12671,83,1
20357,3914,77,0
20358,10225,82,1
20359,10471,52,0
20360,14488,796,0
20361,6604,40,0
20362,9280,605,0
20363,14489,8,1
20364,5671,86,0
20365,12677,160,1
20366,11574,0,0
20367,11636,429,1
20368,11833,1429,0
20369,14002,67,1
20370,5209,1142,0
20371,3726,246,0
20372,9550,48,0
20373,8192,442,0
20374,13849,419,1
20375,4527,3,0
20376,2190,724,0
20377,4253,362,0
20378,10636,35,1
20379,13986,77,0
20380,712,3,0
20381,12420,405,0
20382,3925,1051,1
20383,6153,209,1
20384,14490,188,0
20385,118,41,0
20386,614,88,0
20387,12336,0,0
20388,9704,542,1
20389,1895,67,1
20390,6521,7,0
20391,14442,67,1
20392,13583,39,1
20393,5280,3,0
20394,14376,102,0
20395,3410,77,0
20396,11094,3,0
20397,8783,7,0
20398,11161,149,1
20399,13227,48,0
20400,13465,83,1
20401,9438,1023,0
20402,537,636,0
20403,3617,1276,1
20404,3772,343,1
20405,5292,300,1
20406,13978,996,0
20407,1661,2522,0
20408,1812,7,0
20409,11461,46,1
20410,14280,421,0
20411,114,22,1
20412,5345,86,0
20413,2253,546,0
20414,12723,165,1
20415,4520,0,0
20416,10696,119,0
20417,5330,397,1
20418,113,441,0
20419,5437,198,0
20420,481,25,0
20421,1095,220,0
20422,10268,42,0
20423,14014,83,1
20424,14411,412,0
20425,12008,128,0
20426,14022,789,0
20427,6826,42,0
20428,601,286,1
20429,3704,170,1
20430,6664,1744,0
20431,414,1532,0
20432,6727,7,0
20433,5668,52,0
20434,10653,60,0
20435,3499,344,0
20436,11882,75,1
20437,6388,615,0
20438,653,132,0
20439,557,961,0
20440,4807,137,0
20441,2514,132,0
20442,5688,48,0
20443,9613,1224,0
20444,12468,189,1
20445,6818,491,0
20446,6980,441,0
20447,13391,148,1
20448,13570,7,0
20449,13703,626,1
20450,1664,401,1
20451,3541,26,1
20452,13650,41,0
20453,3969,288,1
20454,7313,56,0
20455,38,477,0
20456,880,67,0
20457,13948,3,0
20458,4388,0,0
20459,109,2291,1
20460,10026,271,1
20461,1534,2525,0
20462,10193,1021,1
20463,12741,3,0
20464,3758,7,0
20465,8851,908,0
20466,2703,48,0
20467,9042,734,0
20468,2062,622,0
20469,12775,91,0
20470,5038,41,0
20471,12197,40,1
20472,2629,204,0
20473,3139,326,1
20474,6941,1594,0
20475,38,2299,0
20476,12984,89,1
20477,6437,166,1
20478,13763,944,1
20479,3878,663,0
20480,12429,429,1
20481,278,0,0
20482,6046,2526,0
20483,3626,77,0
20484,10181,1456,0
20485,873,48,0
20486,14395,648,0
20487,1773,1332,0
20488,4890,2456,0
20489,12800,126,1
20490,1765,457,0
20491,6489,664,0
20492,230,348,1
20493,12205,689,0
20494,13916,13,0
20495,559,118,0
20496,13214,198,0
20497,12660,77,0
20498,9947,3,0
20499,5849,91,1
20500,13056,1414,1
20501,7043,3,0
20502,13113,77,0
20503,5801,170,1
20504,6773,447,0
20505,3265,852,0
20506,911,1483,1
20507,54,77,0
20508,14498,272,1
20509,12798,813,1
20510,8962,35,1
20511,11443,719,0
20512,9409,794,0
20513,13517,35,1
20514,11533,102,0
20515,4375,908,0
20516,10492,47,1
20517,11738,77,0
20518,12881,1259,1
20519,13869,269,0
20520,14500,77,0
20521,11186,48,0
20522,10546,368,0
20523,5252,405,0
20524,6012,35,1
20525,14384,785,0
20526,11750,200,1
20527,1778,1413,0
20528,13197,77,0
20529,14041,102,0
20530,4883,35,1
20531,13066,99,1
20532,14501,2527,0
20533,2627,77,0
20534,12949,1063,1
20535,6645,749,0
20536,4628,204,0
20537,3854,214,0
20538,11861,86,0
20539,5477,463,0
20540,8999,778,1
20541,13140,3,0
20542,9018,77,0
20543,10195,169,1
20544,1821,809,0
20545,10725,232,1
20546,9313,220,0
20547,11084,33,0
20548,3215,149,0
20549,14042,968,1
20550,14362,2528,0
20551,6734,9,1
20552,9096,485,0
20553,819,234,0
20554,12745,873,0
20555,1044,48,0
20556,13931,77,0
20557,14503,226,1
20558,1695,41,0
20559,960,1321,1
20560,5435,1079,0
20561,13407,40,0
20562,3094,67,1
20563,6523,2530,1
20564,12826,47,0
20565,13582,126,1
20566,5372,2094,1
20567,14504,1180,1
20568,14505,343,1
20569,5053,1408,1
20570,2188,1028,1
20571,10202,1796,0
20572,4407,0,0
20573,6708,818,0
20574,11910,276,1
20575,8476,170,1
20576,1293,240,0
20577,2708,198,0
20578,9149,147,0
20579,6381,56,0
20580,14507,86,1
20581,9952,170,1
20582,2077,32,0
20583,11370,86,1
20584,9229,67,1
20585,467,7,0
20586,2051,412,0
20587,4545,77,0
20588,13730,770,1
20589,3963,1826,0
20590,1962,43,0
20591,13166,439,1
20592,13103,1038,0
20593,3379,230,1
20594,49,2521,0
20595,3754,1197,0
20596,1301,566,0
20597,83,39,1
20598,3713,724,0
20599,14037,9,1
20600,5279,579,1
20601,14329,122,1
20602,2816,40,0
20603,5677,614,1
20604,6273,230,1
20605,7758,2147,0
20606,7931,98,1
20607,9997,3,0
20608,390,412,0
20609,6235,220,0
20610,288,223,0
20611,12501,210,1
20612,8342,126,1
20613,14509,224,1
20614,8500,77,0
20615,5293,90,1
20616,5481,782,0
20617,14327,768,0
20618,14499,768,0
20619,9240,200,0
20620,6523,2531,1
20621,6425,270,1
20622,3059,265,0
20623,8900,1687,1
20624,2718,348,1
20625,6586,410,0
20626,14510,89,0
20627,1886,399,0
20628,11429,242,0
20629,13759,42,0
20630,2975,3,0
20631,1929,0,0
20632,14511,310,0
20633,96,1135,1
20634,12790,148,1
20635,13545,796,1
20636,9184,2167,1
20637,13983,391,0
20638,12943,9,1
20639,6549,615,0
20640,2714,13,0
20641,5243,137,0
20642,4724,125,0
20643,14131,3,0
20644,7724,60,0
20645,1868,224,1
20646,4527,8,1
20647,11976,2290,0
20648,8945,77,0
20649,11814,52,0
20650,10072,52,0
20651,7275,944,0
20652,10298,165,0
20653,14171,813,1
20654,13484,67,1
20655,2970,232,1
20656,13141,374,1
20657,1480,25,0
20658,13614,189,1
20659,12457,223,0
20660,114,265,0
20661,2333,431,1
20662,11124,0,0
20663,5341,3,0
20664,11785,279,1
20665,4261,1859,1
20666,10319,262,1
20667,12078,1069,0
20668,11926,169,0
20669,9891,86,0
20670,1871,447,1
20671,8735,967,0
20672,14514,343,1
20673,13190,77,0
20674,2732,77,0
20675,13442,741,1
20676,5134,348,0
20677,648,7,0
20678,13417,82,1
20679,10328,992,0
20680,10459,770,1
20681,14415,126,1
20682,12796,213,0
20683,6675,137,1
20684,960,615,0
20685,5421,122,0
20686,686,214,0
20687,13683,3,0
20688,9360,155,0
20689,3341,1176,0
20690,5039,41,0
20691,5925,35,1
20692,2802,2482,0
20693,13295,77,0
20694,3269,41,0
20695,5190,297,0
20696,10785,618,1
20697,498,1026,1
20698,4291,35,1
20699,12343,220,1
20700,12038,79,0
20701,12144,429,0
20702,13352,48,0
20703,12893,1234,0
20704,840,902,1
20705,6427,3,0
20706,14352,196,0
20707,6447,7,0
20708,738,77,0
20709,7793,67,1
20710,14431,405,0
20711,14515,148,1
20712,946,67,1
20713,12991,653,1
20714,2528,427,1
20715,1331,2161,0
20716,1570,239,0
20717,7650,7,0
20718,14517,472,1
20719,6741,3,0
20720,1844,22,1
20721,14257,485,0
20722,13486,1137,0
20723,545,495,0
20724,9579,405,1
20725,14305,52,0
20726,14132,116,0
20727,8670,883,0
20728,2882,41,0
20729,11196,3,0
20730,6880,397,1
20731,11839,269,1
20732,13867,77,0
20733,4985,7,0
20734,13274,52,1
20735,4896,60,0
20736,448,1156,0
20737,12158,1811,0
20738,6665,427,1
20739,91,41,0
20740,14104,343,1
20741,12233,0,0
20742,14519,115,1
20743,8855,56,0
20744,12870,102,0
20745,10088,35,1
20746,6886,1353,0
20747,11769,77,0
20748,9974,41,0
20749,12728,588,1
20750,1677,0,0
20751,284,41,0
20752,14001,48,0
20753,370,399,0
20754,7689,77,0
20755,7990,1203,1
20756,6894,43,0
20757,13958,446,0
20758,152,2161,0
20759,1408,25,0
20760,8047,74,1
20761,14520,491,0
20762,14130,314,1
20763,2605,457,0
20764,9724,505,0
20765,12424,2309,0
20766,2258,220,1
20767,655,1540,0
20768,5004,518,0
20769,9578,1836,1
20770,12682,653,1
20771,160,48,0
20772,9688,818,0
20773,3000,148,1
20774,939,26,0
20775,3028,26,1
20776,914,204,0
20777,4796,374,0
20778,4437,35,1
20779,12673,89,0
20780,3759,1503,0
20781,7569,170,1
20782,7172,33,0
20783,10393,60,0
20784,5981,60,0
20785,268,1883,0
20786,11034,405,0
20787,4771,204,0
20788,8822,459,0
20789,38,616,0
20790,5683,1331,0
20791,6584,0,0
20792,7172,926,1
20793,9403,716,1
20794,12233,418,0
20795,5350,1427,1
20796,1850,0,0
20797,9120,169,0
20798,8979,802,0
20799,2035,38,1
20800,13524,429,0
20801,2702,52,0
20802,1656,305,1
20803,8377,267,0
20804,4977,952,1
20805,2942,223,0
20806,12181,88,0
20807,5735,77,0
20808,13444,464,0
20809,49,113,0
20810,1611,52,0
20811,6644,3,0
20812,7844,2104,0
20813,596,575,0
20814,3006,200,1
20815,12290,0,0
20816,3285,3,0
20817,13689,343,1
20818,9806,818,0
20819,5765,196,0
20820,9392,67,1
20821,5553,964,1
20822,13149,121,1
20823,10333,7,0
20824,1556,365,0
20825,13026,1176,0
20826,12095,204,0
20827,13034,60,0
20828,9394,985,0
20829,10734,412,0
20830,6005,1154,1
20831,863,1110,0
20832,5519,412,0
20833,2612,72,1
20834,1520,433,0
20835,3034,209,1
20836,4625,242,1
20837,12540,170,1
20838,7274,139,1
20839,244,2164,1
20840,14527,160,1
20841,13100,86,0
20842,2004,131,0
20843,10857,102,0
20844,4624,269,1
20845,14528,542,0
20846,2214,204,0
20847,3795,77,0
20848,13540,3,0
20849,9390,25,0
20850,7992,99,1
20851,10959,831,1
20852,6604,32,0
20853,4709,3,0
20854,10764,547,0
20855,7349,1072,0
20856,1686,242,0
20857,7710,6,0
20858,11895,798,1
20859,5908,1407,1
20860,3470,0,0
20861,5212,0,0
20862,682,155,0
20863,13992,9,1
20864,14469,230,0
20865,14171,634,0
20866,196,964,0
20867,3686,42,0
20868,5645,52,0
20869,13017,2535,1
20870,9558,135,1
20871,13884,429,1
20872,9206,56,0
20873,11790,32,0
20874,2336,546,1
20875,14184,67,1
20876,12680,521,1
20877,13177,67,1
20878,6356,204,0
20879,7243,329,1
20880,7306,0,0
20881,13548,67,1
20882,6158,52,0
20883,11405,196,0
20884,12141,91,1
20885,5477,204,0
20886,8039,733,0
20887,7993,148,1
20888,8062,93,1
20889,11856,964,1
20890,13491,82,1
20891,14059,75,0
20892,4928,805,1
20893,8826,341,0
20894,481,2537,1
20895,1490,48,0
20896,2761,794,0
20897,9211,212,0
20898,4203,362,0
20899,1816,77,0
20900,8879,7,0
20901,6773,22,0
20902,13772,595,0
20903,1085,154,0
20904,14533,505,0
20905,212,74,1
20906,5826,521,1
20907,13601,196,0
20908,14185,276,0
20909,14534,56,0
20910,12607,35,1
20911,7606,60,0
20912,7707,0,0
20913,10979,52,1
20914,2836,1298,0
20915,843,101,0
20916,7213,25,0
20917,13703,439,0
20918,3366,25,0
20919,8380,148,1
20920,3901,48,0
20921,10759,0,0
20922,12550,67,1
20923,14511,831,1
20924,7202,269,0
20925,873,2539,0
20926,9175,200,0
20927,12687,265,0
20928,9253,201,0
20929,13085,214,0
20930,2119,90,1
20931,268,1962,0
20932,6766,343,1
20933,14509,137,0
20934,553,2248,1
20935,7155,133,1
20936,11152,128,0
20937,288,1489,1
20938,2969,442,0
20939,13779,42,0
20940,9584,593,1
20941,8763,314,0
20942,10726,140,0
20943,6164,1234,1
20944,3231,405,0
20945,6125,220,1
20946,13155,3,0
20947,14343,7,0
20948,5616,148,1
20949,8523,86,1
20950,6659,1890,1
20951,14535,425,1
20952,2942,1317,0
20953,14372,2127,1
20954,2040,445,1
20955,5802,135,1
20956,9939,122,0
20957,710,140,1
20958,8356,3,0
20959,2786,77,0
20960,4242,329,1
20961,6277,149,0
20962,14536,357,0
20963,12124,196,0
20964,7321,0,0
20965,11677,83,1
20966,9328,242,0
20967,11174,348,0
20968,5939,599,1
20969,1569,230,1
20970,4471,409,1
20971,2942,153,0
20972,14188,694,1
20973,5490,498,1
20974,3662,38,1
20975,14176,91,1
20976,3672,654,0
20977,3095,101,0
20978,5956,1598,0
20979,13589,692,1
20980,49,1114,0
20981,6166,169,0
20982,1596,87,0
20983,97,2170,0
20984,1566,391,0
20985,14539,242,1
20986,4468,446,0
20987,14540,44,0
20988,7597,675,1
20989,13931,540,1
20990,14470,324,1
20991,7321,3,0
20992,2612,8,1
20993,6941,0,0
20994,14432,126,1
20995,6110,40,1
20996,4242,48,0
20997,8276,116,0
20998,6941,1579,0
20999,2756,964,1
21000,8531,194,0
21001,14107,67,1
21002,4045,204,0
21003,5250,262,1
21004,13237,91,0
21005,10337,126,1
21006,11956,247,1
21007,2115,297,0
21008,4265,579,0
21009,14266,414,0
21010,2428,348,0
21011,7606,3,0
21012,14527,101,0
21013,7986,1698,0
21014,9629,189,1
21015,2783,2541,1
21016,431,107,1
21017,4052,615,0
21018,13579,67,1
21019,8920,521,1
21020,8689,0,0
21021,14377,82,1
21022,3897,2035,0
21023,4503,41,0
21024,13640,77,0
21025,5594,58,1
21026,13941,52,0
21027,9290,926,1
21028,14548,86,0
21029,7155,1191,1
21030,10812,91,1
21031,1820,204,0
21032,13422,77,0
21033,1696,460,0
21034,7822,79,0
21035,2184,19,0
21036,8314,3,0
21037,968,3,0
21038,5628,160,1
21039,14549,1312,0
21040,5093,32,0
21041,3662,3,0
21042,3170,43,0
21043,3356,7,0
21044,255,509,1
21045,6261,1573,1
21046,5208,214,0
21047,7848,36,0
21048,12953,149,0
21049,6873,3,0
21050,9630,259,1
21051,583,148,1
21052,10333,39,1
21053,1391,412,0
21054,10960,724,0
21055,4747,160,1
21056,377,39,0
21057,13424,719,0
21058,14547,445,0
21059,11167,160,0
21060,14466,231,0
21061,11784,91,0
21062,13820,39,1
21063,10484,254,0
21064,7002,3,0
21065,4574,148,1
21066,7984,40,1
21067,3280,48,0
21068,11085,26,0
21069,5622,77,0
21070,12290,424,1
21071,11676,74,0
21072,10911,445,1
21073,14551,163,0
21074,5349,664,0
21075,3543,77,0
21076,69,584,0
21077,6454,75,1
21078,7867,405,0
21079,3659,7,0
21080,9148,2198,0
21081,5989,77,0
21082,12925,985,0
21083,13083,626,0
21084,3039,86,0
21085,10738,1050,1
21086,299,77,0
21087,566,1058,0
21088,9901,77,0
21089,3381,41,0
21090,14489,116,0
21091,8744,75,1
21092,1057,1488,1
21093,8491,38,1
21094,14356,47,0
21095,13886,58,1
21096,14393,593,1
21097,4446,645,1
21098,1870,242,0
21099,6119,741,1
21100,351,1014,0
21101,9484,25,0
21102,4511,552,1
21103,14333,67,1
21104,3116,530,1
21105,1154,26,0
21106,5764,418,0
21107,3637,369,1
21108,11995,1280,0
21109,5979,52,0
21110,4962,661,0
21111,8577,19,1
21112,3669,1163,0
21113,9626,719,0
21114,6070,719,0
21115,14550,67,1
21116,13064,204,0
21117,9974,48,0
21118,14406,67,1
21119,9427,41,0
21120,14554,447,1
21121,12118,615,0
21122,1690,1104,0
21123,14379,91,0
21124,14479,126,1
21125,14417,52,0
21126,387,522,0
21127,2184,33,1
21128,205,74,0
21129,14430,653,1
21130,5727,204,0
21131,14092,969,1
21132,13621,230,1
21133,14219,189,1
21134,10781,67,1
21135,14012,204,0
21136,14332,40,1
21137,896,424,1
21138,8063,170,1
21139,8226,24,0
21140,14019,271,1
21141,7348,0,0
21142,13070,52,0
21143,3247,41,0
21144,11446,3,0
21145,14038,77,0
21146,12547,224,1
21147,9374,694,0
21148,10120,48,0
21149,1089,1730,0
21150,9020,7,0
21151,10898,119,0
21152,8738,230,1
21153,13808,35,1
21154,2462,634,0
21155,9049,195,0
21156,6095,964,1
21157,14294,82,1
21158,4866,91,1
21159,3389,286,0
21160,14151,148,1
21161,14557,220,1
21162,5275,696,0
21163,9368,67,1
21164,10202,212,0
21165,14490,155,1
21166,1812,35,1
21167,10509,86,0
21168,907,1859,0
21169,1384,77,0
21170,13871,39,1
21171,11871,220,0
21172,2069,52,0
21173,14382,139,1
21174,4004,254,0
21175,9590,33,0
21176,8834,115,0
21177,13184,67,1
21178,5858,1077,0
21179,6813,201,0
21180,12175,0,0
21181,8542,1870,0
21182,563,467,0
21183,11242,343,1
21184,12634,35,1
21185,3072,220,1
21186,3805,8,1
21187,11692,460,0
21188,8062,267,0
21189,8690,392,0
21190,5003,467,1
21191,12841,67,1
21192,11588,254,0
21193,3929,611,0
21194,4148,39,1
21195,1912,1033,1
21196,4011,242,0
21197,13081,653,1
21198,4844,653,1
21199,1857,1067,1
21200,12099,39,1
21201,11133,758,0
21202,4651,126,1
21203,12525,35,1
21204,8266,13,0
21205,3196,242,1
21206,2603,223,0
21207,4503,492,0
21208,14174,2546,1
21209,863,2547,0
21210,12393,194,1
21211,553,77,0
21212,13490,1632,1
21213,268,128,0
21214,14507,91,0
21215,14419,798,1
21216,11312,992,0
21217,10540,297,0
21218,10769,163,0
21219,7603,7,0
21220,1336,25,0
21221,1234,48,0
21222,4797,149,0
21223,12566,90,0
21224,6129,786,0
21225,3509,442,0
21226,4322,9,1
21227,11347,67,1
21228,10379,40,0
21229,4224,661,0
21230,4681,22,0
21231,3943,925,1
21232,10060,7,0
21233,10310,472,1
21234,5294,349,1
21235,8603,60,0
21236,13423,91,0
21237,1977,584,0
21238,6575,7,0
21239,8377,254,0
21240,9224,948,0
21241,9890,52,0
21242,12716,625,0
21243,11608,105,1
21244,14480,941,1
21245,13696,3,0
21246,13023,1276,1
21247,2652,778,1
21248,1089,1038,0
21249,10013,518,0
21250,10539,128,0
21251,3885,58,1
21252,4809,148,1
21253,5857,48,0
21254,8641,149,0
21255,1661,522,0
21256,6931,89,1
21257,7260,93,1
21258,9472,48,0
21259,3684,0,0
21260,7409,29,0
21261,1049,330,0
21262,3722,85,1
21263,14253,39,0
21264,12803,214,0
21265,14359,40,1
21266,14070,77,0
21267,214,429,0
21268,7931,532,0
21269,3264,399,0
21270,14133,343,1
21271,5343,875,0
21272,5477,52,0
21273,1285,1191,1
21274,12820,91,1
21275,14561,67,1
21276,10672,427,1
21277,8239,579,1
21278,372,2023,0
21279,12492,204,0
21280,5101,938,1
21281,12069,0,0
21282,3018,3,0
21283,1300,2548,0
21284,7467,1504,0
21285,10792,2549,1
21286,14562,343,1
21287,14563,13,0
21288,5136,3,0
21289,10159,343,1
21290,6584,41,0
21291,3683,166,1
21292,11407,198,0
21293,3598,887,1
21294,5424,3,0
21295,477,257,1
21296,6548,35,1
21297,10560,69,1
21298,10211,39,1
21299,12703,283,0
21300,12801,344,0
21301,14501,1417,1
21302,14564,1729,1
21303,9803,818,0
21304,13085,798,1
21305,12025,86,1
21306,12572,615,0
21307,11444,343,1
21308,8053,67,1
21309,13635,89,1
21310,5520,424,1
21311,10464,210,1
21312,13148,42,0
21313,6254,24,0
21314,2876,3,1
21315,5688,77,0
21316,10997,209,1
21317,14290,26,1
21318,3433,1017,0
21319,7691,24,0
21320,9291,768,0
21321,14325,369,1
21322,8803,40,1
21323,14544,60,0
21324,14567,770,1
21325,2241,41,0
21326,13761,0,0
21327,7538,48,0
21328,8541,1857,1
21329,1302,48,0
21330,6194,612,0
21331,8689,48,0
21332,5935,267,0
21333,13255,82,1
21334,9483,3,0
21335,1771,1272,0
21336,7375,365,1
21337,1865,77,0
21338,14569,166,1
21339,5850,310,0
21340,5308,78,1
21341,6138,82,1
21342,2363,99,1
21343,475,414,0
21344,10777,445,1
21345,11171,119,0
21346,2815,7,0
21347,6260,195,0
21348,6010,106,1
21349,14530,52,0
21350,9692,155,0
21351,14484,0,0
21352,14571,1474,0
21353,11512,7,0
21354,13563,77,0
21355,3187,126,1
21356,8125,91,0
21357,12094,1051,1
21358,2540,1114,1
21359,13806,1028,1
21360,14025,505,0
21361,11310,67,1
21362,49,446,0
21363,10308,58,1
21364,9920,67,1
21365,49,399,0
21366,14573,3,0
21367,11447,3,0
21368,1380,269,1
21369,7766,932,1
21370,9111,3,0
21371,14226,220,1
21372,1286,0,0
21373,2132,2551,0
21374,1168,43,0
21375,3823,7,0
21376,5554,52,0
21377,5318,1835,1
21378,49,625,0
21379,4860,88,0
21380,10385,262,1
21381,9334,3,0
21382,7229,427,1
21383,2373,1247,0
21384,11900,9,1
21385,4626,1796,1
21386,2053,3,0
21387,10935,126,1
21388,2941,52,0
21389,548,208,0
21390,6208,658,0
21391,2153,1183,1
21392,8651,77,0
21393,1144,427,1
21394,13311,15,0
21395,3132,33,1
21396,6129,815,1
21397,1247,1308,1
21398,5278,1109,0
21399,12659,48,0
21400,14574,460,0
21401,11033,52,0
21402,1763,223,0
21403,7081,19,1
21404,13977,38,0
21405,9876,45,0
21406,14093,441,1
21407,14162,196,0
21408,10471,204,0
21409,12221,102,0
21410,6549,60,0
21411,9398,365,1
21412,7926,859,1
21413,11730,0,0
21414,12571,19,1
21415,3556,140,0
21416,11454,42,0
21417,1536,155,1
21418,13951,832,0
21419,267,399,0
21420,14465,343,1
21421,9688,0,0
21422,7122,3,0
21423,5146,1299,1
21424,10675,1483,1
21425,2831,195,0
21426,7657,1453,0
21427,10456,575,0
21428,14578,232,1
21429,6159,1206,1
21430,6427,382,1
21431,1343,246,0
21432,11717,148,1
21433,10240,79,0
21434,4092,204,0
21435,475,41,0
21436,3337,52,0
21437,9438,0,0
21438,2348,93,1
21439,1652,25,0
21440,10222,58,1
21441,2901,41,0
21442,8957,547,0
21443,5571,108,0
21444,14267,269,1
21445,4619,204,0
21446,14265,629,1
21447,817,52,0
21448,7264,0,1
21449,4626,2008,0
21450,3690,3,0
21451,13583,35,1
21452,49,89,0
21453,12912,56,0
21454,14578,386,0
21455,11207,67,1
21456,11872,204,0
21457,8602,2554,0
21458,5045,1503,0
21459,1661,86,1
21460,1701,964,0
21461,969,25,0
21462,8599,1109,1
21463,4674,242,0
21464,7314,224,1
21465,14307,157,1
21466,10131,164,1
21467,14047,163,0
21468,13555,2555,0
21469,5134,286,0
21470,377,399,0
21471,9181,412,0
21472,11277,391,0
21473,5459,60,1
21474,243,374,0
21475,14305,0,0
21476,1487,1172,0
21477,12062,60,0
21478,13285,126,1
21479,899,758,0
21480,10228,267,0
21481,6009,374,0
21482,10682,460,0
21483,1697,212,1
21484,14583,77,0
21485,11521,67,1
21486,2460,3,0
21487,5970,128,0
21488,34,223,0
21489,1359,426,0
21490,12288,74,0
21491,6766,654,0
21492,7117,77,0
21493,1359,1382,0
21494,10813,35,1
21495,11538,214,0
21496,3726,547,0
21497,4749,41,0
21498,11809,126,1
21499,7092,116,1
21500,3472,112,0
21501,5993,518,0
21502,11929,198,0
21503,1359,223,0
21504,14585,67,1
21505,49,1222,0
21506,13144,1555,0
21507,11534,409,1
21508,6259,25,0
21509,4619,140,0
21510,14583,259,1
21511,7589,32,0
21512,2508,6,1
21513,12941,1176,0
21514,4962,269,1
21515,14062,3,0
21516,13330,431,1
21517,11388,52,1
21518,11334,297,0
21519,3255,169,1
21520,13925,52,0
21521,182,2420,1
21522,11400,119,0
21523,10863,166,1
21524,1515,2027,0
21525,13431,56,0
21526,11583,173,1
21527,8702,447,1
21528,4575,831,0
21529,12384,40,0
21530,10622,126,1
21531,4562,944,1
21532,12626,77,0
21533,1197,223,0
21534,2978,794,0
21535,6117,41,0
21536,7146,1638,0
21537,4597,226,0
21538,5465,106,1
21539,6608,1259,1
21540,7404,460,1
21541,14586,137,0
21542,3058,67,1
21543,12963,705,1
21544,11542,67,1
21545,11120,412,0
21546,4175,82,1
21547,2514,0,0
21548,14528,75,1
21549,13172,369,1
21550,13941,77,0
21551,6190,1072,0
21552,128,35,1
21553,6837,211,1
21554,7407,242,0
21555,12719,91,0
21556,2487,43,0
21557,10146,3,0
21558,138,2556,0
21559,13109,39,1
21560,8369,0,0
21561,7520,38,0
21562,7585,365,1
21563,9768,751,1
21564,557,615,0
21565,12811,785,0
21566,11280,39,1
21567,14516,220,1
21568,864,1132,1
21569,14531,77,0
21570,4954,204,0
21571,12156,443,0
21572,11178,41,0
21573,14588,431,1
21574,14166,654,0
21575,13830,126,1
21576,14396,1536,1
21577,5937,0,0
21578,2512,223,0
21579,216,300,1
21580,13602,678,0
21581,13160,397,1
21582,13103,859,0
21583,10558,857,0
21584,14460,412,0
21585,10885,26,0
21586,7359,3,0
21587,11733,35,1
21588,6411,353,0
21589,4213,52,0
21590,14433,485,0
21591,7493,47,1
21592,3134,60,0
21593,526,1957,0
21594,659,1086,0
21595,13502,91,1
21596,8188,1667,1
21597,13157,91,0
21598,14419,214,0
21599,1508,35,1
21600,3284,345,0
21601,4592,0,0
21602,2443,9,1
21603,11997,149,1
21604,4395,48,0
21605,12357,620,1
21606,8800,442,0
21607,11651,1721,0
21608,13728,43,1
21609,13146,200,0
21610,13964,908,0
21611,160,985,1
21612,14001,424,1
21613,11258,225,1
21614,385,122,0
21615,14589,1000,1
21616,6972,3,0
21617,7018,200,1
21618,14282,1863,0
21619,4920,208,1
21620,1206,133,0
21621,8208,1021,1
21622,11668,102,0
21623,12464,56,0
21624,4716,0,0
21625,835,183,1
21626,9571,237,1
21627,10279,587,0
21628,1575,2529,1
21629,4397,818,0
21630,5090,267,0
21631,244,25,0
21632,1532,2227,0
21633,6737,41,0
21634,5638,77,0
21635,4512,25,0
21636,686,74,1
21637,14517,0,0
21638,10371,48,0
21639,6742,204,0
21640,2445,477,0
21641,7364,7,0
21642,9071,424,1
21643,12479,269,1
21644,4665,0,0
21645,12024,418,0
21646,13048,149,0
21647,14590,60,0
21648,8157,719,0
21649,14574,58,1
21650,9915,891,0
21651,10007,1167,0
21652,13770,237,1
21653,14444,965,1
21654,13666,242,1
21655,13744,1760,1
21656,5245,1375,0
21657,13594,126,1
21658,233,25,0
21659,13605,77,0
21660,606,89,0
21661,5975,41,0
21662,8815,326,0
21663,4122,3,0
21664,3232,521,1
21665,7423,276,1
21666,5026,77,1
21667,1194,0,0
21668,14407,214,0
21669,14306,1312,0
21670,8312,140,0
21671,1646,137,0
21672,11888,52,0
21673,4706,195,1
21674,12480,182,0
21675,1089,851,0
21676,11300,22,0
21677,14242,579,1
21678,12133,41,0
21679,13859,0,0
21680,13782,401,1
21681,9438,891,0
21682,7959,0,0
21683,2892,288,1
21684,14593,118,1
21685,10238,102,0
21686,9366,472,1
21687,13148,207,1
21688,6596,108,0
21689,2833,41,0
21690,13463,128,0
21691,9027,169,1
21692,8484,326,0
21693,3741,39,1
21694,5034,985,0
21695,12479,1779,1
21696,4146,149,0
21697,5469,52,0
21698,5349,1758,0
21699,11670,42,0
21700,7003,1033,1
21701,7909,3,0
21702,5716,112,1
21703,14567,77,0
21704,2280,2505,0
21705,1701,214,1
21706,8746,606,1
21707,4638,834,0
21708,14259,52,0
21709,1506,188,0
21710,10547,67,1
21711,9148,294,0
21712,2280,25,0
21713,3226,131,0
21714,14595,1197,1
21715,4396,77,0
21716,14588,119,0
21717,14288,56,0
21718,8148,405,0
21719,9816,305,0
21720,10132,160,1
21721,13384,431,1
21722,13313,125,1
21723,11240,26,1
21724,5052,319,0
21725,679,35,1
21726,5681,805,1
21727,11888,204,0
21728,11653,101,0
21729,11360,677,1
21730,14281,687,1
21731,14315,77,0
21732,14474,189,1
21733,1870,536,0
21734,14015,8,1
21735,957,1021,0
21736,14596,63,1
21737,11825,329,1
21738,13089,813,1
21739,14597,156,0
21740,985,35,1
21741,614,645,1
21742,272,165,1
21743,4857,683,0
21744,3605,944,0
21745,12933,67,1
21746,6522,447,0
21747,14599,83,1
21748,12820,149,0
21749,472,365,0
21750,6692,771,1
21751,3599,60,0
21752,49,1440,0
21753,2799,770,1
21754,6209,41,0
21755,9442,425,0
21756,14601,0,0
21757,14302,126,1
21758,220,0,0
21759,4881,155,0
21760,851,1875,1
21761,12483,42,0
21762,9403,809,0
21763,7231,427,1
21764,489,588,1
21765,13947,267,0
21766,14533,1011,1
21767,14602,13,0
21768,1215,429,1
21769,4915,0,0
21770,4022,2023,0
21771,14207,196,0
21772,6763,77,0
21773,2190,41,0
21774,1365,40,1
21775,5197,0,0
21776,13818,211,1
21777,12499,626,1
21778,10362,3,0
21779,14012,52,0
21780,5025,823,0
21781,12987,195,0
21782,10241,0,0
21783,14338,58,1
21784,3982,3,0
21785,12459,39,1
21786,11529,39,1
21787,14453,725,0
21788,6954,0,0
21789,6929,392,0
21790,3263,546,1
21791,10113,52,0
21792,1548,1437,0
21793,10434,7,1
21794,2771,160,1
21795,1735,626,1
21796,5840,1082,0
21797,7666,48,0
21798,2718,2249,0
21799,12322,74,1
21800,12091,521,1
21801,7541,564,0
21802,14303,3,0
21803,14514,56,0
21804,1460,212,0
21805,13056,932,0
21806,14539,2037,0
21807,12253,39,1
21808,1785,796,1
21809,14318,1183,1
21810,8097,24,0
21811,13788,1276,1
21812,6052,3,0
21813,3295,84,1
21814,11200,89,0
21815,12925,562,0
21816,11455,106,1
21817,9684,2396,0
21818,7544,230,1
21819,10878,546,1
21820,8205,48,0
21821,9834,83,1
21822,12,771,1
21823,5965,77,0
21824,8854,204,0
21825,1982,1786,1
21826,125,2562,0
21827,2280,0,0
21828,907,60,0
21829,12581,343,1
21830,11317,13,0
21831,10417,39,1
21832,8060,86,0
21833,584,997,0
21834,11226,77,0
21835,4204,718,0
21836,903,426,0
21837,6737,1297,1
21838,10004,88,0
21839,4206,1369,1
21840,991,351,0
21841,535,148,1
21842,9698,343,1
21843,7553,91,0
21844,9214,3,0
21845,1683,2564,1
21846,9613,1905,1
21847,5065,300,1
21848,6718,204,0
21849,4471,1750,0
21850,2287,3,0
21851,8560,41,1
21852,1807,266,0
21853,13218,460,0
21854,3747,2154,0
21855,7017,91,1
21856,5350,1308,0
21857,5817,262,1
21858,8296,1151,1
21859,13212,198,0
21860,4086,242,1
21861,12699,546,1
21862,4858,67,1
21863,6981,344,0
21864,1293,2492,0
21865,13454,52,0
21866,9604,3,0
21867,6681,125,1
21868,3682,52,0
21869,4194,40,0
21870,7955,1610,0
21871,7720,0,0
21872,189,78,1
21873,7131,86,0
21874,4758,725,0
21875,12734,42,0
21876,12778,32,0
21877,12701,119,0
21878,3411,7,0
21879,4374,149,0
21880,8655,232,1
21881,13566,52,0
21882,7248,58,1
21883,13942,269,0
21884,11498,195,0
21885,6023,32,0
21886,1344,992,0
21887,6834,614,0
21888,1089,345,0
21889,5624,3,0
21890,14559,1483,1
21891,2138,627,0
21892,566,682,0
21893,13771,687,1
21894,6037,204,0
21895,13951,997,0
21896,14603,115,0
21897,13687,7,0
21898,2657,32,0
21899,14604,42,0
21900,3802,3,0
21901,9409,526,0
21902,1503,467,1
21903,3849,354,0
21904,1629,147,1
21905,14428,77,0
21906,14236,166,1
21907,14569,46,0
21908,13540,967,0
21909,7260,254,0
21910,14120,91,0
21911,14366,224,1
21912,5564,101,0
21913,5888,77,0
21914,4932,77,0
21915,3875,3,0
21916,316,40,0
21917,14463,67,1
21918,7633,160,1
21919,3694,3,0
21920,9403,1127,1
21921,12342,62,0
21922,4116,84,1
21923,12745,173,1
21924,2389,0,0
21925,2604,788,1
21926,13429,52,0
21927,12225,3,0
21928,2820,429,0
21929,8766,7,0
21930,2547,1502,1
21931,5178,1636,1
21932,14379,1163,0
21933,292,985,0
21934,766,1191,1
21935,12577,77,0
21936,13731,75,1
21937,5360,33,0
21938,9341,242,1
21939,8162,0,0
21940,9800,35,1
21941,1749,348,1
21942,13536,7,0
21943,11877,518,0
21944,8184,42,0
21945,11483,83,1
21946,13874,42,0
21947,857,2071,0
21948,3914,1083,1
21949,7472,39,1
21950,5594,7,1
21951,13348,195,0
21952,13588,1555,0
21953,7359,0,0
21954,1400,242,1
21955,12911,239,1
21956,14525,195,0
21957,14606,351,1
21958,9745,125,0
21959,14299,626,1
21960,4397,615,0
21961,4185,374,0
21962,2485,246,0
21963,6802,33,1
21964,12412,67,1
21965,5473,67,1
21966,14564,3,0
21967,9932,35,1
21968,4319,1014,0
21969,6810,204,0
21970,11770,658,0
21971,1885,48,0
21972,3079,418,0
21973,6431,271,1
21974,14387,77,0
21975,5581,369,1
21976,5786,771,1
21977,6867,3,0
21978,13027,3,0
21979,9125,149,1
21980,1257,223,0
21981,4992,128,1
21982,3583,678,0
21983,4566,547,0
21984,1977,269,1
21985,6233,7,0
21986,14295,67,1
21987,859,78,1
21988,8408,119,0
21989,2066,77,0
21990,245,35,1
21991,13557,770,1
21992,9557,441,0
21993,14417,204,0
21994,9099,1861,1
21995,14548,91,1
21996,8370,35,1
21997,3247,549,0
21998,11184,42,0
21999,874,149,1
22000,4831,48,0
22001,1440,365,1
22002,13971,408,1
22003,13390,102,0
22004,5422,41,0
22005,6261,786,0
22006,4291,7,0
22007,4749,0,0
22008,7617,699,0
22009,9174,52,0
22010,425,7,0
22011,4196,140,0
22012,5355,41,0
22013,4231,733,1
22014,38,1974,0
22015,12347,232,1
22016,49,1597,0
22017,4440,149,0
22018,7975,91,0
22019,14374,369,1
22020,8781,204,0
22021,1441,0,0
22022,3885,77,0
22023,8026,301,1
22024,883,102,0
22025,1472,135,1
22026,7844,242,0
22027,11289,91,1
22028,10128,165,1
22029,7175,0,0
22030,11823,196,0
22031,13518,343,1
22032,13143,7,0
22033,10542,196,0
22034,1730,615,0
22035,810,242,1
22036,171,155,0
22037,14278,739,1
22038,3389,2299,1
22039,4683,29,0
22040,73,77,1
22041,9702,3,0
22042,381,60,0
22043,9660,195,0
22044,544,48,0
22045,1838,77,0
22046,8314,48,0
22047,10380,374,0
22048,8821,33,1
22049,13810,67,1
22050,249,242,1
22051,1916,77,0
22052,14505,56,0
22053,3632,734,0
22054,14207,770,1
22055,1167,0,0
22056,12252,48,0
22057,12154,9,1
22058,11375,3,0
22059,14540,15,1
22060,14401,91,0
22061,14611,1322,1
22062,800,518,0
22063,10215,3,0
22064,5895,259,1
22065,10179,8,1
22066,1499,83,1
22067,9375,0,0
22068,493,382,0
22069,2107,48,0
22070,7321,418,0
22071,577,668,1
22072,14001,0,0
22073,2609,67,1
22074,12478,231,0
22075,11478,254,0
22076,14373,22,0
22077,14055,1172,0
22078,7136,48,0
22079,3059,1016,0
22080,12868,75,1
22081,8985,386,0
22082,1166,0,0
22083,8133,82,1
22084,4034,2567,0
22085,13966,128,0
22086,4253,430,0
22087,2428,587,0
22088,6146,237,1
22089,1695,418,0
22090,1392,427,1
22091,1191,41,0
22092,9225,533,1
22093,9097,247,1
22094,5422,3,0
22095,3788,52,0
22096,387,1752,0
22097,12871,19,1
22098,1449,2353,0
22099,305,476,0
22100,2818,13,0
22101,2909,758,1
22102,13991,163,0
22103,5278,1543,0
22104,11414,155,0
22105,13532,40,1
22106,7873,626,1
22107,5856,165,1
22108,5393,0,0
22109,5189,271,1
22110,7575,0,0
22111,6272,1457,0
22112,193,427,1
22113,13266,86,0
22114,7990,3,0
22115,10065,269,0
22116,4910,77,0
22117,6131,3,0
22118,14500,47,1
22119,14234,77,0
22120,3329,201,0
22121,4092,52,0
22122,5361,678,0
22123,8550,3,0
22124,12477,166,1
22125,4255,77,0
22126,11137,35,1
22127,12097,2568,0
22128,903,3,0
22129,4712,996,0
22130,11562,204,0
22131,14386,67,1
22132,14613,756,0
22133,6339,348,0
22134,9426,116,0
22135,10716,242,1
22136,10799,715,1
22137,13244,374,0
22138,12176,237,1
22139,9139,457,0
22140,2771,2554,0
22141,8145,42,0
22142,9293,343,1
22143,5208,365,0
22144,14030,77,1
22145,13581,195,0
22146,3691,77,0
22147,584,1077,0
22148,12580,0,0
22149,5500,198,0
22150,14193,119,0
22151,11608,2239,0
22152,903,25,0
22153,5350,25,0
22154,6414,91,1
22155,3817,90,1
22156,9307,128,0
22157,6,1646,0
22158,6887,25,0
22159,13371,47,0
22160,11608,1224,0
22161,5424,60,0
22162,14535,442,0
22163,8780,3,0
22164,9134,1738,0
22165,6334,1418,0
22166,3301,214,0
22167,8176,42,0
22168,14611,41,0
22169,11849,137,0
22170,4562,758,0
22171,9848,89,1
22172,13962,242,1
22173,6758,824,0
22174,288,941,1
22175,14615,89,0
22176,12093,380,1
22177,13299,304,1
22178,13264,76,0
22179,13746,196,0
22180,7619,1167,1
22181,9814,687,1
22182,1327,32,0
22183,2928,1216,0
22184,2160,2570,1
22185,3965,19,0
22186,11332,52,1
22187,12191,225,1
22188,8373,242,1
22189,14585,3,0
22190,8344,189,1
22191,5845,102,0
22192,1480,77,0
22193,13236,149,0
22194,1058,330,0
22195,3943,48,0
22196,4984,3,0
22197,5808,2127,0
22198,5912,259,1
22199,10578,75,1
22200,13143,35,1
22201,5200,1577,0
22202,7253,2573,1
22203,12931,242,0
22204,7502,231,0
22205,9464,615,0
22206,7838,42,0
22207,847,242,0
22208,10420,3,0
22209,1644,944,1
22210,3015,231,0
22211,13014,67,1
22212,10750,2574,0
22213,12948,86,0
22214,6442,13,0
22215,3817,297,0
22216,7520,329,0
22217,12202,813,1
22218,14154,195,0
22219,13783,40,1
22220,10209,220,1
22221,14378,77,0
22222,4521,1977,1
22223,9305,460,0
22224,13318,0,0
22225,12336,283,1
22226,2438,189,1
22227,9115,276,1
22228,14304,198,0
22229,12935,0,0
22230,9149,677,1
22231,3294,259,1
22232,13839,3,0
22233,14618,40,1
22234,8070,521,1
22235,13404,80,1
22236,13577,86,0
22237,226,954,0
22238,13677,696,1
22239,5270,67,1
22240,10336,316,1
22241,5997,52,0
22242,12661,91,1
22243,217,2242,0
22244,8920,749,0
22245,3157,1051,0
22246,1438,77,0
22247,1859,399,1
22248,10289,237,1
22249,3660,32,0
22250,14448,908,0
22251,13735,694,0
22252,4762,128,0
22253,11750,3,0
22254,14601,1668,1
22255,510,230,1
22256,12360,77,0
22257,2254,102,0
22258,145,48,0
22259,1331,353,0
22260,14274,482,1
22261,10395,58,1
22262,2282,2468,0
22263,11741,173,1
22264,9218,1114,1
22265,9156,588,1
22266,3936,762,0
22267,8889,891,0
22268,3684,48,0
22269,205,2540,0
22270,11224,52,0
22271,1701,242,1
22272,582,125,0
22273,13035,26,1
22274,1804,52,0
22275,2082,409,1
22276,4256,67,1
22277,12392,341,1
22278,14620,60,0
22279,348,670,0
22280,3171,2291,0
22281,2998,214,0
22282,14621,137,0
22283,4475,0,1
22284,2873,446,0
22285,10779,534,1
22286,12040,262,1
22287,10312,93,1
22288,7112,210,1
22289,14484,48,0
22290,9075,67,1
22291,11090,101,0
22292,38,2249,0
22293,11603,58,1
22294,12107,169,1
22295,14587,284,1
22296,5598,360,0
22297,8209,40,1
22298,766,2579,0
22299,6715,67,1
22300,13019,67,1
22301,12051,32,0
22302,5118,42,0
22303,13158,269,0
22304,880,1415,0
22305,14166,1114,1
22306,5624,60,0
22307,387,1074,0
22308,8643,22,1
22309,65,7,0
22310,8885,447,1
22311,8374,32,0
22312,3170,33,0
22313,6026,102,0
22314,7216,485,0
22315,14612,26,0
22316,14615,200,1
22317,4397,77,0
22318,3742,0,0
22319,9711,200,0
22320,6057,272,1
22321,7465,547,0
22322,12971,2495,0
22323,387,673,0
22324,5390,344,1
22325,2445,1494,1
22326,11007,25,0
22327,2125,43,0
22328,5029,267,0
22329,14216,101,0
22330,4074,229,1
22331,3635,52,0
22332,5646,343,1
22333,6142,19,0
22334,254,112,0
22335,4146,24,0
22336,1288,1375,0
22337,12643,224,1
22338,10929,39,1
22339,12588,247,1
22340,6834,67,0
22341,12742,67,1
22342,9080,140,0
22343,6023,412,0
22344,3667,7,0
22345,8831,214,0
22346,14488,1277,1
22347,9561,3,0
22348,6557,224,1
22349,6561,699,1
22350,2667,101,1
22351,5967,33,0
22352,2139,149,0
22353,13997,40,1
22354,942,220,1
22355,14138,1429,0
22356,13962,447,1
22357,49,1566,0
22358,3223,1883,0
22359,14503,1369,0
22360,7448,341,1
22361,14523,52,0
22362,13314,348,1
22363,8758,374,0
22364,401,35,1
22365,14622,42,0
22366,14506,77,0
22367,2275,38,1
22368,6760,90,1
22369,863,382,0
22370,8198,272,1
22371,13544,32,0
22372,2110,1415,0
22373,8371,3,0
22374,7768,42,0
22375,9373,224,1
22376,13346,2580,1
22377,8002,701,0
22378,3538,431,1
22379,14481,137,0
22380,13175,40,0
22381,1690,786,0
22382,2208,2581,0
22383,2773,77,0
22384,13707,1276,1
22385,10960,3,0
22386,2246,447,0
22387,9029,212,0
22388,4631,86,0
22389,261,104,1
22390,8197,128,0
22391,12797,126,1
22392,10346,365,0
22393,11590,7,0
22394,153,365,1
22395,9363,0,0
22396,11617,0,0
22397,14195,29,0
22398,879,3,0
22399,3959,0,0
22400,3184,1889,1
22401,14604,126,1
22402,11691,1896,1
22403,3123,181,1
22404,12190,112,0
22405,3725,91,1
22406,2481,48,0
22407,5711,220,1
22408,12158,674,0
22409,8887,3,0
22410,12117,627,0
22411,8761,24,0
22412,7594,77,0
22413,3546,829,1
22414,630,590,1
22415,6829,220,0
22416,11092,741,1
22417,14625,83,1
22418,8890,1555,0
22419,13205,67,1
22420,4750,460,1
22421,2957,495,0
22422,3804,56,0
22423,10902,247,1
22424,2540,396,0
22425,7354,43,0
22426,12298,40,1
22427,3688,196,0
22428,14051,240,1
22429,12000,1322,0
22430,14562,56,0
22431,5846,624,0
22432,2115,3,0
22433,5766,117,0
22434,14546,242,0
22435,13141,873,0
22436,7358,2584,0
22437,6982,879,1
22438,9324,788,0
22439,11973,102,0
22440,5992,7,0
22441,3856,254,0
22442,14408,995,0
22443,9279,13,0
22444,13275,60,0
22445,9372,160,1
22446,12381,115,0
22447,8334,52,0
22448,8691,172,0
22449,6670,405,0
22450,13287,56,0
22451,11330,7,0
22452,14554,242,0
22453,13127,629,1
22454,5524,583,0
22455,9801,1483,1
22456,6033,41,0
22457,151,25,0
22458,3365,128,1
22459,5006,24,0
22460,10229,542,1
22461,4740,89,0
22462,11283,195,0
22463,7713,595,0
22464,3667,39,0
22465,14159,271,1
22466,8167,35,1
22467,14597,1632,1
22468,14243,813,1
22469,3632,490,0
22470,4592,60,0
22471,12042,1698,0
22472,4305,1580,0
22473,11706,77,0
22474,1477,48,0
22475,14248,112,0
22476,14116,326,1
22477,1851,22,1
22478,7835,99,1
22479,160,446,0
22480,13496,558,1
22481,13485,212,0
22482,11962,208,0
22483,13682,495,0
22484,4779,1298,0
22485,7678,90,0
22486,1892,210,1
22487,6029,0,0
22488,8940,26,1
22489,10283,975,0
22490,11745,148,1
22491,10856,220,0
22492,4722,0,0
22493,6289,90,1
22494,1331,374,0
22495,11212,58,1
22496,10868,2100,0
22497,9375,3,0
22498,3992,128,0
22499,1833,280,0
22500,387,2386,0
22501,5157,220,1
22502,3068,90,0
22503,2994,58,0
22504,2924,902,0
22505,7353,60,0
22506,6284,214,1
22507,12891,2585,0
22508,1942,60,0
22509,6192,52,0
22510,12026,2586,0
22511,4006,131,0
22512,2227,44,1
22513,1356,79,0
22514,2405,725,0
22515,3516,25,0
22516,8634,91,0
22517,8992,149,1
22518,2052,1617,1
22519,3734,987,0
22520,11301,56,0
22521,7642,25,0
22522,9468,58,1
22523,2187,48,0
22524,2195,0,0
22525,833,3,0
22526,12678,41,0
22527,4160,41,1
22528,8466,169,0
22529,6687,77,0
22530,6208,587,0
22531,5101,488,1
22532,12155,47,0
22533,13549,87,0
22534,13877,204,0
22535,14577,67,1
22536,10213,284,1
22537,13902,7,0
22538,128,7,0
22539,2326,52,0
22540,1291,447,0
22541,767,369,1
22542,5104,52,0
22543,11021,52,0
22544,1972,834,1
22545,13252,749,0
22546,1032,348,0
22547,11409,7,0
22548,11462,56,0
22549,195,224,1
22550,5830,2046,0
22551,5714,169,0
22552,2190,244,1
22553,3687,60,0
22554,9554,2263,1
22555,2695,433,0
22556,1676,25,0
22557,2703,0,0
22558,12131,204,0
22559,1241,409,1
22560,13516,3,0
22561,9511,208,0
22562,6239,490,0
22563,6782,160,1
22564,7562,267,0
22565,13540,1275,1
22566,7221,3,0
22567,10352,1001,0
22568,9558,427,1
22569,14602,445,1
22570,13640,520,1
22571,7002,0,0
22572,2945,48,0
22573,401,7,0
22574,10583,220,1
22575,13261,300,1
22576,3809,3,0
22577,4084,52,0
22578,3825,160,1
22579,8663,83,1
22580,7146,609,0
22581,10373,164,1
22582,6609,204,0
22583,1195,929,1
22584,10677,148,1
22585,5908,283,0
22586,9832,75,1
22587,14549,589,1
22588,6046,689,0
22589,3221,196,0
22590,4676,382,1
22591,9013,1815,1
22592,84,46,1
22593,4491,77,0
22594,7147,546,1
22595,14629,77,0
22596,7061,52,0
22597,466,694,0
22598,570,409,1
22599,5151,160,1
22600,3264,113,0
22601,3045,1407,0
22602,9101,1952,1
22603,14609,77,0
22604,4768,7,1
22605,88,265,1
22606,8362,0,0
22607,9991,813,1
22608,2585,48,0
22609,1957,140,0
22610,13341,595,0
22611,3308,300,1
22612,649,818,0
22613,7374,288,1
22614,11743,343,1
22615,13126,3,0
22616,4742,212,1
22617,7321,8,1
22618,8819,2024,1
22619,5296,33,0
22620,13559,220,1
22621,6295,102,0
22622,8027,67,1
22623,9573,77,0
22624,2335,634,0
22625,13073,520,1
22626,615,1615,0
22627,11877,254,0
22628,1344,0,0
22629,7457,48,0
22630,7037,38,0
22631,10233,518,0
22632,4453,32,0
22633,5745,115,0
22634,14279,353,0
22635,8364,204,0
22636,5944,1536,1
22637,6432,286,0
22638,659,2449,1
22639,12263,947,1
22640,14161,67,1
22641,8173,35,1
22642,12737,357,0
22643,14312,166,1
22644,10599,188,0
22645,14560,77,0
22646,9826,476,0
22647,13383,67,1
22648,1857,3,0
22649,2882,584,0
22650,11377,3,0
22651,13974,7,0
22652,7443,128,1
22653,6151,149,0
22654,6673,201,0
22655,957,315,0
22656,5966,74,1
22657,15,859,1
22658,13829,595,0
22659,4922,467,0
22660,6674,242,0
22661,3932,269,1
22662,13410,831,1
22663,14343,35,1
22664,11458,76,0
22665,6310,170,1
22666,4867,201,0
22667,6497,62,0
22668,3791,77,0
22669,7882,83,1
22670,10450,1264,1
22671,5720,52,0
22672,12345,170,1
22673,8756,77,1
22674,10439,204,0
22675,314,3,0
22676,8513,209,1
22677,6419,33,0
22678,13091,412,0
22679,346,247,1
22680,3429,77,0
22681,6596,344,0
22682,12640,3,0
22683,13727,3,0
22684,8993,997,0
22685,7816,83,1
22686,14029,140,0
22687,5411,223,0
22688,11840,126,1
22689,9424,369,1
22690,745,348,1
22691,2949,9,1
22692,10073,3,0
22693,6299,42,0
22694,7073,77,0
22695,2903,25,0
22696,13640,0,0
22697,14605,220,0
22698,9196,135,1
22699,12975,0,0
22700,9978,52,0
22701,11036,164,1
22702,4861,809,0
22703,4363,2590,1
22704,11552,128,0
22705,8857,0,0
22706,1922,1796,1
22707,205,579,0
22708,12634,7,0
22709,1652,558,0
22710,8073,148,1
22711,2059,444,0
22712,7717,259,1
22713,13308,91,0
22714,12067,42,0
22715,12457,25,0
22716,6426,77,0
22717,5797,77,0
22718,2680,242,0
22719,2761,2592,0
22720,12203,305,1
22721,3291,113,0
22722,4496,936,1
22723,6095,77,0
22724,8063,102,0
22725,611,2396,0
22726,9943,1011,1
22727,12380,778,1
22728,3442,269,1
22729,10454,77,0
22730,13776,32,0
22731,2039,0,0
22732,4602,2593,1
22733,10158,7,0
22734,4221,2594,0
22735,12444,77,1
22736,10179,0,0
22737,7817,77,0
22738,12782,3,0
22739,13475,39,1
22740,4592,3,0
22741,14197,908,0
22742,6735,101,0
22743,9095,0,0
22744,15,641,0
22745,13694,442,0
22746,2011,1457,0
22747,1105,105,1
22748,14558,719,0
22749,14586,262,1
22750,12250,77,0
22751,9271,42,0
22752,11804,431,1
22753,3943,0,0
22754,12947,166,1
22755,14272,15,1
22756,766,2338,1
22757,1507,204,0
22758,7390,3,0
22759,3555,620,1
22760,12746,40,1
22761,12245,77,0
22762,8069,189,0
22763,9744,196,0
22764,8864,7,0
22765,11921,1503,0
22766,11935,77,0
22767,13408,77,0
22768,14610,1113,0
22769,4156,204,0
22770,12782,19,0
22771,4845,54,0
22772,2491,90,1
22773,13440,737,1
22774,7962,165,1
22775,2605,1021,1
22776,2990,1602,0
22777,12750,164,0
22778,3319,412,1
22779,3470,329,1
22780,8621,60,0
22781,7333,272,1
22782,2646,48,0
22783,11434,32,0
22784,404,93,1
22785,1438,2595,0
22786,14498,330,0
22787,8616,52,0
22788,14589,3,0
22789,13472,86,0
22790,919,74,0
22791,3077,1023,0
22792,10126,40,1
22793,11212,460,0
22794,11980,288,1
22795,2341,77,1
22796,12837,906,0
22797,3844,3,0
22798,6907,40,1
22799,9611,696,1
22800,1565,1564,0
22801,1889,48,0
22802,12595,7,0
22803,13074,7,0
22804,2280,3,0
22805,20,258,0
22806,2087,43,0
22807,566,25,0
22808,10129,7,0
22809,8315,437,0
22810,6075,77,0
22811,2890,612,0
22812,5367,87,1
22813,11853,912,1
22814,4932,78,1
22815,11345,125,0
22816,8289,89,0
22817,6871,188,0
22818,14571,654,1
22819,7341,441,0
22820,14551,341,1
22821,10386,1308,1
22822,8832,26,0
22823,4516,832,0
22824,14391,343,1
22825,986,204,0
22826,6825,67,1
22827,13994,188,1
22828,1871,1446,1
22829,14632,670,1
22830,763,82,1
22831,9730,224,1
22832,5382,108,0
22833,7874,67,1
22834,8258,365,0
22835,13721,44,0
22836,548,460,0
22837,3366,908,0
22838,5285,705,0
22839,6856,891,0
22840,23,668,1
22841,12084,48,0
22842,14249,862,1
22843,8151,93,1
22844,3197,86,0
22845,5086,518,0
22846,160,212,0
22847,4132,1439,0
22848,5577,67,1
22849,13024,67,1
22850,8479,2040,0
22851,8671,67,1
22852,2121,609,1
22853,1152,2597,0
22854,8457,351,0
22855,14438,242,1
22856,11199,67,1
22857,4659,40,1
22858,882,0,0
22859,1257,33,1
22860,10074,35,1
22861,403,140,0
22862,1128,3,0
22863,13098,220,1
22864,13468,149,0
22865,5928,204,0
22866,10038,106,0
22867,9839,32,0
22868,3229,41,0
22869,13114,269,1
22870,10567,1276,1
22871,14634,149,0
22872,9437,126,1
22873,9149,242,0
22874,545,196,0
22875,13641,56,0
22876,4166,226,1
22877,5952,77,0
22878,13980,101,0
22879,14410,198,0
22880,602,77,0
22881,553,1089,1
22882,14515,102,0
22883,97,1610,0
22884,5967,242,0
22885,14414,344,0
22886,3279,60,0
22887,1690,1909,0
22888,830,26,0
22889,14635,224,1
22890,8542,1395,0
22891,12274,52,0
22892,1604,87,0
22893,13142,126,1
22894,12986,315,1
22895,7077,32,0
22896,14614,60,0
22897,1153,271,1
22898,1786,353,0
22899,10477,343,1
22900,1058,624,0
22901,5247,41,0
22902,1487,207,0
22903,12101,77,0
22904,7368,593,1
22905,11842,624,0
22906,1763,2176,0
22907,14603,189,1
22908,288,769,1
22909,448,1481,0
22910,11385,77,0
22911,7722,52,0
22912,1017,48,0
22913,10916,0,0
22914,3788,204,0
22915,10630,41,0
22916,13147,247,1
22917,106,571,0
22918,14636,77,0
22919,8036,148,1
22920,2621,3,0
22921,10663,3,0
22922,2912,680,1
22923,9539,343,1
22924,11609,128,0
22925,10762,424,1
22926,185,39,0
22927,672,52,0
22928,10175,204,0
22929,12860,67,1
22930,924,77,0
22931,7675,735,1
22932,9500,67,1
22933,7634,1028,1
22934,8375,365,0
22935,4588,246,0
22936,5275,803,1
22937,11334,181,1
22938,11733,39,1
22939,2785,101,0
22940,10384,3,0
22941,13023,1908,0
22942,14099,169,1
22943,658,25,0
22944,5617,412,0
22945,997,106,1
22946,7020,43,1
22947,11175,0,0
22948,14251,3,0
22949,12268,705,0
22950,14049,148,1
22951,6760,3,0
22952,11853,204,0
22953,5496,242,0
22954,4813,2600,1
22955,5553,0,0
22956,6714,831,1
22957,14634,549,1
22958,1902,270,1
22959,14166,343,1
22960,14411,40,0
22961,880,157,0
22962,14217,908,0
22963,12773,40,1
22964,14637,420,1
22965,853,32,0
22966,2187,445,0
22967,14149,128,0
22968,3030,40,1
22969,11819,357,0
22970,8504,1272,1
22971,14461,56,0
22972,2787,41,0
22973,7173,1152,1
22974,2363,418,0
22975,4190,1483,1
22976,2768,67,1
22977,115,2050,1
22978,1369,1494,1
22979,3206,300,0
22980,10895,32,0
22981,13259,32,0
22982,9780,818,0
22983,7166,115,0
22984,5603,196,0
22985,8928,52,0
22986,4934,140,0
22987,9884,128,0
22988,3330,445,1
22989,8269,437,0
22990,12575,67,1
22991,10921,137,0
22992,8809,169,0
22993,7986,161,1
22994,13030,1002,1
22995,11313,67,1
22996,5358,790,0
22997,14638,102,0
22998,2299,155,0
22999,9033,122,1
23000,4447,3,0
23001,1260,149,0
23002,14206,204,0
23003,10764,546,1
23004,9176,862,0
23005,3264,43,0
23006,12967,7,0
23007,5117,60,0
23008,4548,534,1
23009,130,204,0
23010,12415,77,0
23011,1345,648,0
23012,12470,3,0
23013,5624,818,0
23014,708,2602,1
23015,8067,102,0
23016,14526,67,1
23017,4961,412,0
23018,7570,242,0
23019,6455,749,0
23020,13033,3,0
23021,14534,343,1
23022,14636,67,1
23023,606,365,0
23024,11777,121,1
23025,12171,518,0
23026,8337,326,0
23027,9924,204,0
23028,658,2604,1
23029,6842,56,0
23030,11834,93,0
23031,8246,140,0
23032,10966,40,1
23033,14158,42,0
23034,13743,0,0
23035,14484,584,0
23036,7915,77,0
23037,5713,269,1
23038,14639,558,1
23039,13643,48,0
23040,10890,42,0
23041,12975,3,0
23042,1838,48,0
23043,4749,3,0
23044,5515,7,0
23045,630,3,0
23046,7246,67,1
23047,14632,196,0
23048,797,41,0
23049,1977,1060,1
23050,9755,230,1
23051,2658,7,0
23052,3685,122,0
23053,6489,1758,0
23054,268,689,0
23055,7426,48,0
23056,13858,747,0
23057,12411,242,1
23058,7926,3,0
23059,6045,67,1
23060,14078,924,1
23061,250,82,1
23062,9254,391,1
23063,9393,56,0
23064,822,1453,1
23065,10636,7,0
23066,13601,3,0
23067,13692,35,1
23068,7679,26,1
23069,9610,115,0
23070,5919,106,1
23071,1979,223,0
23072,2345,77,0
23073,11390,67,1
23074,9933,768,0
23075,7524,131,0
23076,8442,1091,0
23077,10363,204,0
23078,13003,8,1
23079,13872,77,0
23080,6745,401,1
23081,10960,77,0
23082,5396,3,0
23083,2335,813,1
23084,9034,442,0
23085,596,640,0
23086,1761,427,1
23087,1085,25,0
23088,7663,242,0
23089,1420,0,0
23090,13707,1453,0
23091,13037,56,0
23092,5242,126,1
23093,2053,41,0
23094,13706,40,1
23095,14200,32,0
23096,6773,214,0
23097,7876,24,0
23098,12937,0,0
23099,7075,377,0
23100,1755,41,0
23101,12779,170,1
23102,14635,137,0
23103,9818,643,1
23104,4162,3,0
23105,8779,41,0
23106,11463,687,1
23107,747,204,0
23108,14563,445,1
23109,3039,91,0
23110,11579,0,0
23111,863,47,0
23112,1520,362,1
23113,10328,1023,0
23114,12959,40,1
23115,1982,550,0
23116,9690,48,0
23117,3399,160,1
23118,11144,52,0
23119,11972,0,0
23120,4634,7,0
23121,78,83,1
23122,6841,3,0
23123,5065,25,0
23124,14436,0,0
23125,12448,93,0
23126,12512,443,1
23127,14593,424,0
23128,8884,101,0
23129,14618,32,0
23130,7737,19,1
23131,6503,77,0
23132,2652,155,0
23133,8097,374,0
23134,9676,634,0
23135,2081,1210,1
23136,4845,6,0
23137,13322,148,1
23138,10117,1090,1
23139,3734,169,0
23140,1186,3,0
23141,3809,482,1
23142,9799,2291,0
23143,8665,829,1
23144,14125,60,0
23145,12638,58,1
23146,10358,209,1
23147,8300,169,1
23148,14622,126,1
23149,5988,160,1
23150,4885,257,0
23151,14573,43,1
23152,12988,224,1
23153,3911,664,1
23154,2187,788,0
23155,1749,442,0
23156,4542,77,0
23157,957,588,0
23158,13935,214,1
23159,12815,77,0
23160,10568,56,0
23161,10871,406,1
23162,11363,1028,1
23163,5033,223,0
23164,14381,588,1
23165,12793,813,1
23166,14254,1369,1
23167,10563,196,0
23168,9282,77,0
23169,1758,267,0
23170,10516,35,1
23171,3430,220,0
23172,1028,32,0
23173,14536,651,1
23174,1195,212,1
23175,11692,7,0
23176,1485,441,0
23177,2494,1127,1
23178,9985,102,0
23179,10785,86,0
23180,6807,106,1
23181,12875,86,0
23182,14168,1536,1
23183,1380,0,0
23184,3479,482,1
23185,414,2607,0
23186,960,1604,1
23187,12521,137,0
23188,3512,568,1
23189,1548,1009,0
23190,8405,220,1
23191,14274,82,1
23192,268,1014,0
23193,12173,634,0
23194,6845,353,0
23195,847,447,0
23196,12125,271,1
23197,14067,169,1
23198,2511,272,1
23199,7652,301,1
23200,14191,128,0
23201,14472,1080,1
23202,4751,262,1
23203,9810,52,0
23204,11949,102,0
23205,11186,41,0
23206,10662,35,1
23207,9709,148,1
23208,3898,220,0
23209,8315,534,1
23210,12318,204,0
23211,9717,329,0
23212,3750,705,0
23213,4979,220,1
23214,13357,1909,0
23215,579,223,0
23216,10302,505,0
23217,13042,3,0
23218,11279,242,0
23219,13134,212,1
23220,268,844,0
23221,3930,93,1
23222,9682,204,0
23223,5961,3,0
23224,13372,979,0
23225,2779,8,1
23226,1176,2261,0
23227,10602,1483,1
23228,8865,67,1
23229,2421,40,1
23230,13637,997,0
23231,6543,7,0
23232,2731,25,0
23233,6579,74,0
23234,9715,220,1
23235,8484,125,1
23236,591,48,0
23237,14084,42,0
23238,9907,292,0
23239,11080,169,1
23240,14380,169,1
23241,565,362,0
23242,588,35,1
23243,2364,663,0
23244,1998,77,0
23245,13925,204,0
23246,2506,86,1
23247,863,1989,0
23248,11256,511,0
23249,8479,155,0
23250,5973,48,0
23251,14433,83,1
23252,1861,74,0
23253,13475,35,1
23254,581,22,0
23255,8290,67,1
23256,10183,269,1
23257,7464,3,0
23258,10070,43,1
23259,13922,232,1
23260,11013,35,1
23261,4319,1975,0
23262,7806,518,0
23263,11707,549,0
23264,13399,83,1
23265,14292,232,1
23266,629,163,0
23267,7895,261,0
23268,5321,1540,0
23269,13005,343,1
23270,581,1016,0
23271,3059,200,0
23272,11927,39,0
23273,9899,0,1
23274,12659,3,0
23275,4314,1239,1
23276,3943,2611,1
23277,5672,125,0
23278,12815,269,1
23279,10862,405,0
23280,1881,418,0
23281,4341,0,0
23282,2432,90,0
23283,14148,128,0
23284,14556,67,1
23285,4265,409,1
23286,13,2208,1
23287,7084,41,0
23288,13698,341,1
23289,688,32,0
23290,12863,122,1
23291,10411,261,0
23292,4340,818,0
23293,14247,589,0
23294,14163,777,0
23295,7863,242,0
23296,11915,67,1
23297,9091,1276,1
23298,10175,52,0
23299,14361,182,0
23300,12685,620,0
23301,8377,518,0
23302,10831,0,0
23303,7018,43,0
23304,7579,254,0
23305,10564,137,0
23306,323,2615,1
23307,9151,213,0
23308,14064,42,0
23309,1870,1646,0
23310,9351,214,0
23311,12781,77,0
23312,8795,52,0
23313,3878,128,0
23314,6117,0,0
23315,13432,99,1
23316,5629,125,1
23317,268,0,0
23318,2012,2616,1
23319,718,817,0
23320,7362,39,1
23321,7359,615,0
23322,12639,19,0
23323,12922,195,1
23324,5605,160,1
23325,5812,48,0
23326,2445,1974,0
23327,13213,369,1
23328,7155,570,1
23329,2404,43,0
23330,2756,22,1
23331,8721,562,0
23332,136,67,1
23333,14134,768,0
23334,11059,0,0
23335,5140,272,1
23336,14638,148,1
23337,3272,3,0
23338,7896,401,1
23339,5582,125,1
23340,795,77,0
23341,1030,48,0
23342,3272,823,0
23343,11513,204,0
23344,11003,48,0
23345,14621,262,1
23346,11385,3,0
23347,1719,77,0
23348,11159,211,1
23349,7566,405,0
23350,1230,201,0
23351,12382,425,1
23352,12418,32,0
23353,13145,365,0
23354,4626,1345,0
23355,7367,329,0
23356,12955,163,0
23357,4090,82,1
23358,12563,86,1
23359,4985,39,1
23360,12846,102,0
23361,12095,52,0
23362,11687,91,0
23363,5670,1299,0
23364,4703,944,0
23365,8189,102,0
23366,5769,166,1
23367,6396,214,0
23368,7532,40,1
23369,3547,230,1
23370,13540,1730,0
23371,97,223,0
23372,14291,431,1
23373,10095,60,0
23374,4486,200,0
23375,14425,210,1
23376,4568,997,0
23377,1701,208,1
23378,7576,345,0
23379,7880,77,0
23380,11209,7,0
23381,553,627,1
23382,3155,93,1
23383,7976,96,0
23384,13246,211,1
23385,13705,67,1
23386,6493,442,0
23387,10688,7,0
23388,268,2037,0
23389,4125,188,0
23390,12299,232,1
23391,11046,1559,1
23392,2318,22,0
23393,6884,7,0
23394,14491,813,1
23395,2484,19,1
23396,13950,91,0
23397,12203,266,0
23398,6644,2618,0
23399,9837,634,0
23400,13788,1453,0
23401,14613,344,1
23402,10644,200,1
23403,10253,3,0
23404,1702,369,1
23405,8494,67,1
23406,14355,237,1
23407,6316,746,1
23408,6285,90,0
23409,5902,77,0
23410,1195,1488,0
23411,10128,131,0
23412,489,101,0
23413,13525,758,1
23414,7342,35,1
23415,7580,39,1
23416,8500,19,1
23417,13889,464,1
23418,115,2620,1
23419,5737,7,0
23420,14445,1211,0
23421,8383,77,0
23422,8250,3,0
23423,9619,863,1
23424,12845,52,0
23425,190,41,0
23426,8377,93,1
23427,8599,1154,0
23428,3897,2413,0
23429,12861,542,1
23430,5297,77,0
23431,14642,195,0
23432,2937,3,0
23433,6233,39,1
23434,11189,1280,0
23435,4519,119,0
23436,14385,1107,0
23437,2715,67,1
23438,10714,2194,0
23439,6460,91,1
23440,10673,284,1
23441,171,364,1
23442,6036,106,1
23443,12814,768,0
23444,14152,198,0
23445,10905,818,0
23446,6541,267,0
23447,3943,60,0
23448,2527,813,1
23449,4137,644,1
23450,13811,902,0
23451,6207,181,0
23452,658,442,0
23453,7231,135,1
23454,544,122,1
23455,2786,566,0
23456,7877,267,0
23457,1080,716,1
23458,11091,341,0
23459,8773,200,0
23460,12674,341,1
23461,2220,428,1
23462,9938,345,0
23463,10956,276,1
23464,7759,82,1
23465,9764,365,0
23466,1564,768,0
23467,13731,133,0
23468,6364,52,0
23469,10683,2622,1
23470,8227,52,0
23471,7760,86,0
23472,5349,827,1
23473,6142,392,0
23474,13129,40,0
23475,13953,817,0
23476,13304,196,0
23477,10747,44,0
23478,766,2054,0
23479,3047,67,1
23480,4870,3,0
23481,12083,58,1
23482,9297,259,1
23483,4879,229,0
