,smiles,sequence,interactions
0,0,0,0
1,4,4,0
2,5,5,1
3,6,6,0
4,7,7,0
5,9,9,0
6,13,13,1
7,15,15,0
8,17,17,1
9,25,25,0
10,26,26,0
11,27,27,1
12,33,33,0
13,34,34,0
14,35,35,1
15,37,37,1
16,43,43,0
17,48,46,0
18,51,48,1
19,52,49,1
20,53,50,0
21,15,54,1
22,57,55,1
23,58,56,0
24,60,58,1
25,62,59,0
26,64,61,0
27,66,63,0
28,72,69,1
29,73,70,0
30,74,71,0
31,75,69,1
32,78,73,1
33,79,9,0
34,81,75,0
35,82,76,1
36,84,78,0
37,85,79,0
38,89,83,0
39,90,84,1
40,91,85,0
41,92,86,1
42,97,89,0
43,98,90,1
44,99,91,0
45,103,93,0
46,106,96,1
47,107,97,0
48,109,99,1
49,44,72,1
50,107,105,1
51,116,108,0
52,118,110,0
53,119,111,1
54,121,113,0
55,123,116,1
56,129,122,1
57,131,124,0
58,137,130,1
59,144,135,0
60,150,140,1
61,152,141,1
62,109,142,1
63,153,8,1
64,13,143,1
65,154,144,1
66,72,147,1
67,160,149,1
68,161,150,0
69,164,152,1
70,165,153,0
71,104,27,1
72,175,162,0
73,178,165,0
74,182,167,1
75,183,168,1
76,186,164,1
77,188,148,1
78,191,171,0
79,196,174,0
80,199,84,1
81,201,177,0
82,202,178,0
83,206,181,0
84,207,182,0
85,208,183,0
86,211,185,1
87,214,188,0
88,215,189,1
89,216,190,0
90,218,192,1
91,220,194,1
92,224,198,0
93,229,201,0
94,230,202,0
95,232,203,0
96,234,204,1
97,238,207,0
98,239,208,1
99,241,209,0
100,242,210,0
101,243,211,0
102,248,214,1
103,250,216,0
104,251,217,1
105,252,218,1
106,72,125,1
107,253,219,0
108,254,220,1
109,256,222,1
110,65,223,1
111,257,18,1
112,259,111,1
113,260,69,1
114,262,226,0
115,263,228,1
116,265,230,0
117,266,231,0
118,267,232,1
119,269,234,0
120,273,240,1
121,279,246,1
122,282,198,0
123,288,251,0
124,289,92,1
125,291,253,1
126,294,256,0
127,295,257,0
128,296,258,1
129,75,260,1
130,301,262,1
131,65,264,1
132,303,111,1
133,304,49,0
134,307,116,1
135,184,266,1
136,308,267,0
137,309,27,1
138,310,268,1
139,311,253,1
140,314,270,0
141,320,274,0
142,72,277,1
143,323,278,1
144,324,5,1
145,328,282,1
146,333,287,0
147,334,273,1
148,336,274,0
149,337,253,1
150,340,290,1
151,343,293,1
152,345,130,1
153,347,177,1
154,220,192,1
155,357,303,0
156,360,248,1
157,361,305,1
158,362,145,1
159,364,306,0
160,365,307,0
161,367,214,1
162,372,313,0
163,136,315,0
164,375,316,0
165,376,317,0
166,378,149,1
167,380,125,1
168,152,321,0
169,383,148,1
170,384,322,0
171,388,210,0
172,389,325,0
173,396,72,1
174,109,333,1
175,398,334,1
176,399,335,0
177,400,336,1
178,401,148,1
179,403,338,0
180,328,339,1
181,405,340,1
182,406,341,1
183,409,342,1
184,410,343,0
185,414,189,1
186,416,345,0
187,420,130,1
188,168,208,1
189,422,350,0
190,429,353,0
191,431,355,0
192,433,356,0
193,211,194,1
194,435,357,0
195,375,148,1
196,445,350,0
197,50,366,0
198,451,100,1
199,453,369,0
200,454,370,0
201,459,375,1
202,462,378,1
203,465,381,0
204,466,382,0
205,468,148,1
206,470,386,0
207,474,389,0
208,479,149,1
209,481,395,0
210,484,397,0
211,485,398,0
212,486,399,0
213,487,197,1
214,488,400,1
215,490,402,1
216,491,249,0
217,492,403,1
218,493,404,0
219,495,405,0
220,497,37,1
221,500,409,0
222,501,410,0
223,503,268,1
224,504,412,1
225,383,357,1
226,510,81,0
227,511,418,1
228,512,72,1
229,52,153,1
230,514,420,0
231,517,422,0
232,520,214,1
233,523,195,1
234,524,426,1
235,525,427,0
236,529,165,1
237,536,435,0
238,141,260,1
239,539,439,0
240,542,441,0
241,547,417,1
242,548,92,1
243,557,449,0
244,558,147,1
245,511,159,1
246,559,450,0
247,560,451,0
248,65,452,1
249,561,147,1
250,564,455,0
251,396,253,1
252,571,248,1
253,573,460,1
254,576,462,1
255,577,463,0
256,25,464,1
257,578,465,0
258,580,273,1
259,582,467,0
260,309,147,1
261,583,468,1
262,585,140,1
263,587,470,0
264,588,471,0
265,590,472,0
266,592,208,1
267,593,473,0
268,595,475,1
269,596,476,1
270,413,479,1
271,451,481,0
272,600,482,0
273,601,483,0
274,337,92,1
275,605,334,1
276,606,27,1
277,608,195,1
278,611,208,1
279,267,214,1
280,614,489,0
281,62,208,1
282,620,494,0
283,622,495,0
284,57,136,1
285,65,497,1
286,396,499,0
287,630,503,0
288,102,506,0
289,350,405,1
290,637,266,0
291,517,514,0
292,642,515,0
293,647,192,0
294,649,116,1
295,650,520,0
296,651,521,1
297,652,522,0
298,653,523,0
299,655,524,0
300,657,468,1
301,512,296,1
302,662,530,1
303,664,234,0
304,665,296,1
305,667,533,0
306,668,185,1
307,670,535,0
308,674,539,0
309,676,116,1
310,406,253,1
311,678,148,1
312,679,469,1
313,126,545,1
314,185,278,1
315,690,550,1
316,695,554,0
317,696,538,1
318,698,556,1
319,700,558,0
320,701,559,0
321,357,564,0
322,706,232,1
323,707,565,1
324,709,566,1
325,711,568,0
326,713,526,0
327,95,148,1
328,720,149,1
329,721,273,0
330,723,215,0
331,724,573,0
332,727,296,1
333,728,575,0
334,286,578,1
335,736,583,0
336,738,530,0
337,713,148,1
338,579,584,1
339,740,586,0
340,741,403,1
341,746,592,0
342,748,347,0
343,749,208,1
344,752,145,0
345,753,100,1
346,754,596,0
347,756,345,0
348,757,597,0
349,759,599,0
350,760,600,0
351,763,149,1
352,766,604,0
353,769,607,0
354,547,608,0
355,771,610,1
356,773,78,0
357,392,72,1
358,778,64,1
359,779,615,0
360,781,616,1
361,125,3,1
362,783,83,1
363,784,369,0
364,6,620,0
365,240,125,1
366,790,624,1
367,193,9,1
368,793,626,0
369,796,628,0
370,800,631,0
371,801,632,1
372,802,633,1
373,803,524,0
374,328,634,1
375,807,636,0
376,188,638,1
377,153,194,1
378,813,148,1
379,815,92,1
380,817,191,0
381,819,644,1
382,83,3,1
383,822,646,0
384,323,426,1
385,823,648,0
386,830,0,1
387,726,524,0
388,831,455,0
389,832,653,0
390,833,654,1
391,547,655,0
392,835,204,0
393,757,409,0
394,838,656,0
395,811,317,0
396,316,659,1
397,845,342,1
398,846,27,1
399,847,0,0
400,851,664,0
401,852,111,1
402,853,665,1
403,109,380,1
404,855,667,0
405,852,674,0
406,861,675,1
407,864,570,0
408,865,72,1
409,866,149,1
410,323,130,1
411,871,684,0
412,430,480,1
413,475,685,0
414,57,546,0
415,874,314,0
416,875,687,0
417,878,565,1
418,780,690,1
419,881,516,0
420,882,692,0
421,883,195,1
422,886,33,0
423,706,694,1
424,696,260,1
425,887,695,0
426,888,264,1
427,385,550,1
428,889,355,0
429,771,524,0
430,890,164,0
431,704,698,1
432,892,278,1
433,218,700,1
434,347,701,0
435,894,402,1
436,414,369,1
437,895,364,0
438,286,703,1
439,898,704,0
440,884,705,1
441,899,706,1
442,903,689,1
443,905,266,0
444,906,709,0
445,907,204,1
446,908,64,0
447,909,274,0
448,912,114,1
449,914,432,0
450,915,712,0
451,916,426,1
452,918,714,1
453,529,717,1
454,923,273,1
455,924,719,1
456,925,689,0
457,808,720,1
458,887,273,1
459,926,721,0
460,927,722,0
461,931,726,1
462,936,732,0
463,303,628,0
464,13,733,1
465,938,734,0
466,940,546,0
467,941,735,0
468,330,736,1
469,946,740,0
470,947,638,1
471,948,64,1
472,949,566,0
473,951,469,1
474,165,192,1
475,952,742,1
476,955,745,0
477,81,746,1
478,800,747,0
479,958,130,1
480,959,749,0
481,769,111,1
482,960,362,0
483,961,750,0
484,962,8,1
485,967,753,0
486,182,754,1
487,968,516,0
488,732,194,0
489,406,757,1
490,973,758,0
491,975,736,1
492,490,278,1
493,978,761,0
494,984,765,0
495,986,766,0
496,989,730,1
497,990,767,1
498,1001,773,0
499,820,774,1
500,1003,37,1
501,90,125,1
502,679,188,0
503,1006,749,0
504,588,780,0
505,1015,783,0
506,1017,785,0
507,406,786,1
508,1018,477,0
509,254,381,1
510,1019,787,0
511,1020,788,1
512,1021,789,0
513,343,278,1
514,1022,790,0
515,668,8,1
516,561,339,1
517,1024,792,1
518,1025,793,0
519,205,125,1
520,23,689,1
521,808,796,1
522,490,185,1
523,1031,135,1
524,1032,798,0
525,1034,389,0
526,1035,208,1
527,1036,550,1
528,1039,322,0
529,1040,226,0
530,803,550,1
531,453,801,0
532,1041,148,1
533,1042,347,1
534,1043,802,0
535,1044,803,0
536,1045,217,0
537,1003,185,1
538,1053,810,0
539,307,638,1
540,1060,550,1
541,238,814,1
542,183,650,0
543,1064,595,1
544,1067,816,1
545,1068,817,0
546,1070,818,0
547,1075,426,1
548,1076,337,1
549,1077,821,1
550,1078,8,1
551,794,278,1
552,1079,823,0
553,1082,253,1
554,37,825,0
555,711,208,0
556,1085,327,0
557,1086,826,0
558,1089,827,0
559,1092,829,1
560,740,757,1
561,1093,830,1
562,1094,831,0
563,134,650,0
564,1097,834,1
565,1007,835,1
566,1099,125,1
567,1100,195,1
568,52,836,1
569,1102,464,1
570,472,837,0
571,735,424,1
572,1110,375,1
573,1111,840,0
574,141,84,1
575,1113,843,0
576,899,405,0
577,651,253,1
578,561,711,1
579,1115,546,1
580,1120,846,0
581,682,848,1
582,529,850,1
583,1127,851,0
584,1129,853,1
585,822,855,0
586,1133,856,0
587,514,858,0
588,614,859,0
589,574,860,0
590,1136,861,0
591,1062,642,1
592,735,340,1
593,1141,420,0
594,1143,353,0
595,1144,657,1
596,958,194,1
597,1133,86,1
598,1147,869,1
599,1149,871,0
600,165,628,1
601,497,189,1
602,1151,55,0
603,1153,872,0
604,1163,877,0
605,1165,148,1
606,465,878,0
607,1168,879,0
608,1012,148,1
609,792,414,0
610,1173,538,1
611,208,480,1
612,1177,882,0
613,1178,883,0
614,1180,884,0
615,821,887,0
616,1182,877,1
617,1183,888,0
618,655,891,0
619,1187,892,0
620,1188,893,0
621,1192,564,0
622,1194,479,1
623,230,147,1
624,1197,897,0
625,1199,898,0
626,371,726,1
627,192,603,1
628,1201,901,1
629,1202,902,0
630,1205,903,0
631,1207,659,0
632,802,907,0
633,1210,194,1
634,1213,789,0
635,385,189,1
636,1214,909,0
637,1216,911,0
638,1067,912,0
639,1219,378,1
640,309,84,1
641,1221,916,0
642,341,917,1
643,1223,480,1
644,1225,918,0
645,1226,919,0
646,1228,921,1
647,1139,515,1
648,1230,606,0
649,982,923,1
650,1233,829,0
651,1234,924,0
652,1236,613,0
653,282,925,0
654,286,926,1
655,628,929,0
656,1237,930,1
657,1239,836,0
658,1240,932,1
659,996,610,1
660,1241,933,1
661,1244,412,1
662,1245,935,0
663,1248,65,0
664,1249,711,0
665,385,835,1
666,185,550,1
667,1251,937,1
668,790,861,1
669,1252,105,0
670,1254,909,0
671,1255,317,0
672,1241,6,1
673,1257,183,0
674,1259,941,1
675,1261,480,0
676,181,195,1
677,1262,345,0
678,1173,148,1
679,1266,946,0
680,1268,947,0
681,1270,948,0
682,733,949,0
683,1274,950,0
684,1275,951,0
685,219,111,1
686,1276,692,0
687,1279,887,0
688,205,116,1
689,1280,952,0
690,469,704,1
691,1285,954,1
692,1286,412,1
693,1288,956,1
694,1290,566,1
695,35,116,1
696,1291,148,1
697,1031,217,1
698,949,207,1
699,1296,777,1
700,1299,961,0
701,1301,963,1
702,657,944,0
703,964,566,1
704,1302,366,0
705,52,965,1
706,1303,797,1
707,184,840,1
708,1309,397,1
709,1312,148,1
710,958,189,1
711,1314,327,1
712,1316,970,0
713,1317,149,1
714,1216,974,0
715,1328,273,1
716,1330,977,0
717,1244,278,1
718,1315,980,0
719,1332,525,1
720,1336,983,0
721,1208,984,0
722,1340,140,1
723,1343,273,0
724,6,452,1
725,65,986,1
726,1352,989,0
727,1354,990,1
728,1356,271,0
729,1357,405,1
730,1359,991,0
731,1361,992,1
732,911,690,1
733,1363,220,1
734,926,993,1
735,123,994,1
736,1366,995,0
737,1367,688,0
738,1368,977,0
739,220,998,1
740,986,720,0
741,1373,1004,1
742,1374,282,1
743,1375,557,1
744,1377,1006,0
745,1378,1007,1
746,383,830,0
747,78,1012,0
748,812,765,0
749,1384,1013,1
750,109,1015,1
751,722,6,0
752,165,8,1
753,798,531,0
754,1314,1022,1
755,505,1023,0
756,969,148,1
757,914,337,0
758,345,550,1
759,1397,1028,0
760,215,194,1
761,1398,1030,0
762,1399,1031,0
763,1400,1032,0
764,1401,621,0
765,1096,628,0
766,286,732,1
767,1402,1035,1
768,1403,272,0
769,1407,1037,0
770,1410,1039,1
771,1412,1040,1
772,1413,1041,0
773,780,130,1
774,115,215,0
775,1416,1042,1
776,1417,1043,0
777,182,1047,1
778,1028,1048,0
779,668,278,1
780,1422,183,0
781,102,1051,0
782,1426,1052,0
783,1427,1053,0
784,75,195,1
785,1435,1055,0
786,1436,603,1
787,1399,1019,0
788,801,757,1
789,1444,116,0
790,1054,875,1
791,1445,725,0
792,1045,54,1
793,980,1059,0
794,1452,1063,1
795,1453,92,0
796,1454,136,1
797,1459,1066,0
798,1460,616,1
799,453,628,1
800,489,1067,0
801,781,914,0
802,1465,441,0
803,211,550,1
804,1468,1069,1
805,1472,906,1
806,1473,278,1
807,1474,608,0
808,1475,1072,0
809,1407,148,1
810,49,1074,1
811,1482,460,0
812,199,1078,0
813,1483,526,1
814,1382,13,1
815,1042,818,0
816,1192,479,0
817,950,1081,0
818,1488,1082,0
819,1493,1086,0
820,1495,869,0
821,1499,1089,1
822,1501,1090,0
823,600,376,0
824,727,63,1
825,1503,177,1
826,1506,18,1
827,1508,184,0
828,1510,1093,1
829,1511,253,1
830,1084,3,1
831,734,1095,0
832,1513,814,0
833,1514,1096,0
834,259,494,0
835,1516,961,0
836,1518,690,1
837,1518,367,1
838,884,404,1
839,803,130,1
840,111,369,0
841,241,1103,0
842,186,1104,0
843,1526,149,1
844,916,37,1
845,948,1108,0
846,158,1109,0
847,1531,875,1
848,267,1111,1
849,1532,264,0
850,1533,906,1
851,1534,1027,0
852,1536,1112,0
853,1538,389,1
854,1540,1114,1
855,1544,566,1
856,279,174,1
857,713,558,0
858,507,0,0
859,1546,546,1
860,1548,894,0
861,1394,1118,0
862,251,369,0
863,1550,1119,0
864,165,948,0
865,1552,858,0
866,219,1104,0
867,353,1122,0
868,1556,1030,1
869,1557,1026,0
870,843,743,0
871,1285,166,0
872,1562,148,1
873,538,144,1
874,614,38,1
875,1566,906,0
876,1567,1063,1
877,230,876,1
878,600,1132,1
879,276,1133,1
880,1572,1134,0
881,1573,777,1
882,109,924,1
883,1213,1137,0
884,903,733,1
885,754,1140,0
886,1579,273,1
887,1198,1142,0
888,1581,367,1
889,1042,148,1
890,1531,72,1
891,1587,1147,0
892,996,749,1
893,1565,13,1
894,869,417,1
895,1589,648,1
896,463,406,0
897,1590,426,0
898,1591,824,0
899,674,148,1
900,1593,773,1
901,952,458,1
902,1598,204,1
903,528,30,0
904,1599,1154,0
905,1601,266,1
906,1561,1156,1
907,1603,760,0
908,1147,932,1
909,1604,1157,0
910,1605,1158,0
911,1606,1159,1
912,1347,1160,1
913,330,1161,0
914,1607,1162,1
915,1608,1118,0
916,1609,264,0
917,145,480,1
918,1610,100,1
919,1611,834,1
920,1612,1164,0
921,1614,1167,1
922,1615,597,0
923,742,1170,0
924,1619,414,0
925,1621,395,0
926,1623,152,1
927,1626,1174,0
928,453,278,1
929,230,189,1
930,1629,704,1
931,1557,803,0
932,560,356,1
933,1634,628,1
934,1635,34,0
935,1637,218,1
936,1581,1140,1
937,1642,27,1
938,192,148,1
939,1646,884,1
940,1444,532,1
941,1648,149,1
942,642,1160,0
943,1649,334,1
944,1650,1180,0
945,1651,595,1
946,357,290,1
947,1655,761,0
948,511,1123,0
949,1658,1186,0
950,1660,745,1
951,1662,84,1
952,1665,72,1
953,1666,1187,1
954,1667,1188,0
955,1670,208,1
956,166,426,1
957,1221,1191,0
958,1674,1192,0
959,267,9,1
960,104,84,1
961,1678,934,0
962,1482,195,1
963,1680,1197,0
964,385,1198,0
965,472,1165,1
966,824,1119,0
967,137,37,1
968,125,538,0
969,230,3,1
970,1688,136,1
971,1689,256,0
972,1124,1208,0
973,776,1209,0
974,1127,1200,0
975,1696,260,0
976,1312,792,1
977,1698,1210,0
978,553,148,1
979,1412,1211,0
980,1700,736,1
981,461,1212,0
982,1703,556,1
983,57,1147,0
984,794,489,1
985,1473,72,1
986,1711,469,1
987,1712,1216,0
988,1219,254,1
989,49,125,1
990,1599,1217,1
991,90,206,1
992,752,1221,1
993,1718,1194,0
994,1725,257,1
995,1708,72,1
996,1729,3,0
997,287,864,0
998,1730,1229,0
999,497,550,1
1000,949,1230,1
1001,696,392,0
1002,1734,853,0
1003,1743,797,0
1004,1744,1141,0
1005,1746,1236,0
1006,1747,1238,1
1007,184,507,1
1008,1329,148,1
1009,948,1030,1
1010,882,903,0
1011,1749,42,0
1012,1370,264,0
1013,1750,1101,1
1014,1751,749,0
1015,1754,375,1
1016,1755,1243,0
1017,604,914,1
1018,1682,189,1
1019,794,733,1
1020,468,404,0
1021,1759,262,0
1022,1760,1246,0
1023,1761,472,1
1024,1762,1190,1
1025,1585,340,1
1026,548,1248,1
1027,1241,255,1
1028,1771,350,1
1029,1006,472,0
1030,413,835,1
1031,1650,1132,1
1032,916,837,1
1033,1780,1263,0
1034,1784,192,1
1035,1787,1265,0
1036,1730,1074,1
1037,1034,194,0
1038,925,736,1
1039,230,1266,0
1040,1473,55,0
1041,618,5,0
1042,1053,278,1
1043,818,1268,0
1044,369,1270,0
1045,721,481,0
1046,1792,1271,0
1047,1375,1272,0
1048,1796,1092,1
1049,233,1277,0
1050,1800,1279,1
1051,490,628,1
1052,1804,468,1
1053,1805,925,1
1054,1244,550,1
1055,333,872,0
1056,487,116,1
1057,1807,1280,0
1058,1605,1210,0
1059,740,253,1
1060,1811,149,1
1061,1410,817,1
1062,1060,192,1
1063,639,208,1
1064,1816,273,1
1065,1818,610,0
1066,883,638,1
1067,1820,1004,0
1068,1686,1282,1
1069,1821,72,1
1070,1822,147,1
1071,1824,1283,0
1072,1826,797,0
1073,1539,603,1
1074,1828,1285,0
1075,1831,994,0
1076,65,1277,1
1077,1834,1290,0
1078,1838,145,1
1079,886,468,1
1080,192,1293,1
1081,1841,1289,0
1082,1842,460,0
1083,1843,818,1
1084,1844,464,1
1085,989,538,0
1086,1239,836,0
1087,65,1263,1
1088,794,185,1
1089,37,835,1
1090,1846,405,1
1091,149,1090,0
1092,1847,381,1
1093,1848,894,1
1094,295,1294,0
1095,1850,1295,0
1096,1686,25,0
1097,938,1127,0
1098,1852,159,0
1099,1853,231,0
1100,1855,100,1
1101,1857,111,1
1102,1727,996,0
1103,1861,1301,1
1104,548,240,1
1105,1862,1302,1
1106,1863,1303,0
1107,558,1197,1
1108,1865,711,1
1109,1515,1305,0
1110,877,1306,0
1111,1866,562,0
1112,1867,1307,1
1113,1378,1310,0
1114,164,598,1
1115,392,253,1
1116,734,566,1
1117,1874,405,1
1118,1878,917,1
1119,518,1076,1
1120,1534,1316,0
1121,1882,270,0
1122,1883,464,1
1123,6,876,0
1124,1885,464,1
1125,1286,523,1
1126,511,399,1
1127,1063,146,1
1128,49,148,1
1129,1278,538,0
1130,1890,566,0
1131,1461,125,1
1132,414,37,1
1133,1891,1306,0
1134,1838,526,0
1135,1163,830,1
1136,1893,90,1
1137,1894,148,1
1138,81,1285,1
1139,371,853,1
1140,1895,664,0
1141,1897,605,1
1142,1899,1327,1
1143,1900,1307,0
1144,75,998,1
1145,1902,149,1
1146,843,148,1
1147,229,584,0
1148,52,1329,1
1149,1903,144,1
1150,1298,1332,0
1151,1906,847,0
1152,1259,1177,0
1153,1910,340,1
1154,1913,1336,0
1155,83,148,1
1156,1233,1339,0
1157,1920,1340,1
1158,1421,877,0
1159,1925,476,1
1160,565,1344,1
1161,492,1345,1
1162,231,201,1
1163,1449,149,1
1164,1539,786,0
1165,528,711,1
1166,231,1347,0
1167,1454,638,1
1168,1932,1348,0
1169,487,469,1
1170,1934,562,1
1171,1935,711,1
1172,488,1349,1
1173,1936,84,1
1174,1133,1350,0
1175,1937,1351,0
1176,1259,82,0
1177,1940,282,1
1178,1944,990,1
1179,1946,58,1
1180,1166,469,0
1181,1607,1216,0
1182,1947,405,1
1183,667,1356,0
1184,1949,272,0
1185,1682,1270,0
1186,1078,194,1
1187,39,405,1
1188,490,130,1
1189,682,1102,1
1190,82,303,0
1191,495,375,1
1192,1955,248,1
1193,1956,1357,0
1194,704,1359,0
1195,1964,760,0
1196,1970,1361,0
1197,1972,240,0
1198,1976,772,0
1199,1980,395,0
1200,1561,818,1
1201,1981,919,0
1202,1983,1364,0
1203,1984,234,0
1204,1985,198,0
1205,1986,296,1
1206,1988,1365,0
1207,422,314,1
1208,1294,339,1
1209,1991,1132,1
1210,1992,1366,0
1211,1995,1307,0
1212,1024,638,1
1213,65,371,1
1214,1997,65,0
1215,2000,189,0
1216,184,1359,0
1217,2002,1371,1
1218,2003,1372,1
1219,2005,1373,0
1220,2007,656,0
1221,44,37,1
1222,504,523,1
1223,1845,148,1
1224,2011,1376,1
1225,2012,1377,1
1226,1538,1048,0
1227,102,883,1
1228,141,638,1
1229,1223,848,0
1230,2016,872,0
1231,1940,69,1
1232,1288,633,0
1233,875,208,1
1234,2017,1380,1
1235,1606,499,0
1236,1017,554,1
1237,166,192,1
1238,2021,952,0
1239,65,1381,1
1240,745,208,1
1241,2024,1382,0
1242,2026,84,1
1243,158,116,1
1244,2028,1285,0
1245,1231,399,1
1246,1846,1384,0
1247,524,402,1
1248,2032,111,1
1249,1730,578,0
1250,501,402,1
1251,2033,1089,0
1252,2034,30,0
1253,35,479,1
1254,559,1387,0
1255,892,628,1
1256,2036,1388,0
1257,2038,1159,0
1258,1411,1389,0
1259,2039,1390,1
1260,1925,749,1
1261,735,58,1
1262,642,339,1
1263,2041,1066,0
1264,2042,1392,0
1265,65,1393,1
1266,2044,950,0
1267,696,195,1
1268,2046,208,1
1269,2047,1394,1
1270,447,18,1
1271,2050,412,0
1272,2051,1397,0
1273,1144,1398,1
1274,2053,1400,1
1275,2054,149,1
1276,2055,632,1
1277,2056,1401,0
1278,1312,417,1
1279,587,497,0
1280,2059,859,1
1281,2060,1344,1
1282,1241,1408,1
1283,2064,397,0
1284,1658,206,1
1285,2066,1410,0
1286,2068,148,1
1287,2069,27,1
1288,2070,771,0
1289,2075,1413,0
1290,1221,417,1
1291,1007,148,1
1292,1168,152,1
1293,2076,375,1
1294,1890,149,1
1295,2079,3,1
1296,2080,208,1
1297,1017,1417,0
1298,1807,1158,0
1299,1313,806,1
1300,1177,1418,0
1301,230,278,1
1302,916,1422,0
1303,583,1300,1
1304,2086,1423,0
1305,277,1104,0
1306,2088,72,1
1307,2035,317,0
1308,1343,375,0
1309,748,156,0
1310,2093,676,0
1311,2096,1425,0
1312,1572,1428,1
1313,49,55,1
1314,188,417,1
1315,2106,654,0
1316,2107,198,0
1317,2108,1023,0
1318,2109,184,0
1319,1003,194,1
1320,2111,1432,0
1321,53,1158,0
1322,65,1433,1
1323,2112,1434,1
1324,2115,69,1
1325,2116,149,0
1326,2119,27,1
1327,2120,1436,0
1328,956,382,1
1329,1286,786,1
1330,2122,125,1
1331,2123,1437,0
1332,1227,853,0
1333,371,700,1
1334,2125,273,1
1335,1422,757,0
1336,2129,1441,0
1337,2130,375,1
1338,818,116,1
1339,874,1309,0
1340,1901,965,0
1341,2135,578,0
1342,175,1444,0
1343,2136,293,0
1344,808,1445,1
1345,1219,136,1
1346,204,257,0
1347,2143,626,0
1348,2144,1447,0
1349,2146,1093,0
1350,2147,1448,0
1351,557,100,1
1352,2153,149,1
1353,2154,1190,1
1354,1773,262,0
1355,2155,1397,0
1356,191,149,1
1357,1572,1307,0
1358,2158,771,1
1359,2159,116,1
1360,2160,81,1
1361,2161,691,0
1362,65,1453,1
1363,561,282,1
1364,222,1454,0
1365,2165,703,0
1366,2166,1456,0
1367,1378,1208,0
1368,2167,1173,1
1369,2170,403,1
1370,406,690,1
1371,182,823,1
1372,312,439,0
1373,2174,149,1
1374,2178,168,1
1375,1099,339,1
1376,388,1465,0
1377,1589,1,1
1378,2188,491,0
1379,2191,1468,0
1380,1542,378,0
1381,2192,1469,0
1382,2193,1470,0
1383,2195,1471,0
1384,492,48,1
1385,2017,565,1
1386,2196,864,0
1387,103,192,1
1388,915,914,1
1389,230,402,1
1390,1861,773,0
1391,183,240,1
1392,1039,1377,0
1393,2201,1472,0
1394,1060,628,1
1395,1427,1473,1
1396,1219,195,1
1397,451,1407,0
1398,1906,405,1
1399,2203,114,1
1400,2205,343,0
1401,571,1476,0
1402,2161,772,1
1403,2209,293,1
1404,1124,1127,1
1405,2212,1454,0
1406,2214,1482,1
1407,1649,525,0
1408,942,859,1
1409,461,450,0
1410,1698,887,0
1411,245,3,1
1412,940,824,0
1413,335,148,1
1414,892,185,1
1415,2221,726,0
1416,2026,1484,0
1417,2224,1485,1
1418,2226,257,1
1419,480,1487,0
1420,382,402,0
1421,2227,450,1
1422,2228,86,0
1423,2229,253,1
1424,2230,927,0
1425,2231,1177,0
1426,2234,1488,0
1427,2236,414,0
1428,2238,1290,0
1429,2240,253,1
1430,518,1111,1
1431,2243,615,0
1432,2244,522,0
1433,2245,923,0
1434,996,144,1
1435,2157,38,1
1436,2247,334,0
1437,1560,208,1
1438,1016,79,0
1439,1476,206,1
1440,104,254,1
1441,2249,1493,0
1442,715,13,1
1443,2258,1495,0
1444,2261,1092,0
1445,1374,417,1
1446,2051,1497,0
1447,52,230,1
1448,1241,621,1
1449,646,1501,1
1450,979,1504,0
1451,2269,691,0
1452,922,1335,0
1453,72,195,1
1454,195,724,1
1455,2119,1507,0
1456,2271,1508,0
1457,2053,1509,0
1458,414,426,1
1459,2272,566,1
1460,794,944,1
1461,777,1510,1
1462,65,846,1
1463,2275,847,1
1464,784,462,0
1465,1031,1512,1
1466,2276,736,0
1467,2278,821,0
1468,1338,1175,0
1469,1413,405,1
1470,1374,711,1
1471,2282,294,0
1472,2283,380,1
1473,406,166,1
1474,363,148,1
1475,1241,1516,0
1476,2284,1517,0
1477,1606,1518,0
1478,1289,1093,0
1479,2285,1519,0
1480,52,1104,1
1481,1878,92,1
1482,742,1521,0
1483,2287,598,0
1484,2200,5,0
1485,601,84,0
1486,49,1466,1
1487,1834,724,1
1488,1826,206,1
1489,595,37,1
1490,2292,1526,0
1491,993,1478,0
1492,370,367,1
1493,1354,1528,0
1494,1361,1160,1
1495,2297,278,1
1496,2298,1529,0
1497,526,854,0
1498,518,877,1
1499,2302,1059,1
1500,1363,381,1
1501,2165,1530,0
1502,1727,248,1
1503,185,185,1
1504,2307,1531,1
1505,98,550,1
1506,1036,402,1
1507,2309,149,1
1508,949,1423,1
1509,2311,901,1
1510,1228,462,1
1511,2313,1533,0
1512,2318,417,1
1513,2319,825,0
1514,29,1013,1
1515,1078,402,1
1516,903,849,1
1517,75,84,1
1518,2323,796,0
1519,2324,404,0
1520,2325,1381,0
1521,1773,1538,0
1522,2329,1540,0
1523,2068,638,1
1524,1172,1541,0
1525,2330,1543,0
1526,2332,1123,0
1527,2333,464,0
1528,2338,100,1
1529,75,426,1
1530,2192,469,1
1531,2340,792,0
1532,211,192,1
1533,2341,826,0
1534,947,38,0
1535,2342,476,0
1536,340,1549,0
1537,490,998,1
1538,2347,395,0
1539,2350,749,1
1540,486,206,1
1541,2353,480,1
1542,511,564,1
1543,1706,1553,0
1544,2284,1556,1
1545,1384,850,0
1546,947,148,1
1547,2358,1557,0
1548,2361,692,0
1549,1897,1371,1
1550,512,657,1
1551,1831,1561,0
1552,2123,1562,0
1553,2200,566,1
1554,1123,616,0
1555,2365,803,0
1556,1075,194,1
1557,892,8,1
1558,2367,214,1
1559,355,1563,0
1560,2369,683,0
1561,2371,258,0
1562,594,556,1
1563,2372,380,0
1564,1075,628,1
1565,2375,1173,1
1566,996,366,1
1567,2376,977,0
1568,2205,1511,1
1569,2377,404,0
1570,916,1018,1
1571,2382,262,1
1572,1299,1221,1
1573,820,849,1
1574,2152,1567,0
1575,1340,644,0
1576,2186,236,0
1577,2386,1568,0
1578,2387,307,1
1579,2390,1243,0
1580,899,646,1
1581,884,1162,1
1582,1314,1571,1
1583,2394,753,0
1584,2395,1340,0
1585,1801,327,1
1586,1912,1175,0
1587,1561,1543,1
1588,721,1497,0
1589,2399,111,1
1590,1386,356,1
1591,267,148,1
1592,1244,8,1
1593,661,378,1
1594,2401,565,1
1595,614,1576,0
1596,2403,1578,0
1597,996,1580,1
1598,2404,601,0
1599,577,1581,0
1600,2406,1194,1
1601,1170,711,1
1602,2407,447,0
1603,2324,1584,0
1604,1124,253,1
1605,562,1123,1
1606,2411,1585,1
1607,820,1512,1
1608,894,628,1
1609,777,507,0
1610,49,63,1
1611,2416,18,1
1612,2417,1510,0
1613,1620,266,0
1614,1610,1591,0
1615,2421,149,1
1616,1635,314,1
1617,2422,464,1
1618,1604,700,0
1619,2423,1170,0
1620,2424,704,1
1621,2426,403,0
1622,470,1592,0
1623,1045,1593,0
1624,56,1594,0
1625,1678,1040,0
1626,2428,778,1
1627,899,1345,1
1628,1254,18,1
1629,1144,1595,1
1630,1370,375,1
1631,2432,1596,0
1632,583,1562,1
1633,948,557,1
1634,2434,659,0
1635,2435,376,0
1636,2436,1600,1
1637,847,426,1
1638,884,1540,1
1639,453,194,1
1640,1045,660,0
1641,65,1601,1
1642,2440,1177,1
1643,2441,1110,1
1644,648,148,1
1645,946,1604,1
1646,2446,84,1
1647,466,1295,1
1648,2045,1607,0
1649,184,56,1
1650,2450,1608,0
1651,133,458,0
1652,2451,1285,1
1653,1039,1267,0
1654,2146,1072,0
1655,2457,100,1
1656,2458,604,0
1657,819,1007,1
1658,2460,17,0
1659,2463,347,0
1660,637,341,0
1661,2024,1089,0
1662,2468,1567,0
1663,2469,182,0
1664,220,550,1
1665,489,914,1
1666,2473,1616,0
1667,286,1617,1
1668,1926,1618,0
1669,1924,206,1
1670,1354,1142,0
1671,2478,754,0
1672,2479,925,0
1673,2480,208,1
1674,2299,1619,0
1675,2481,1620,0
1676,2482,1083,0
1677,2483,1621,1
1678,836,1622,0
1679,2488,830,1
1680,2490,1625,0
1681,2494,1627,0
1682,2495,917,1
1683,1729,796,0
1684,416,480,1
1685,2498,9,0
1686,780,642,1
1687,2499,1479,0
1688,838,1629,0
1689,2501,464,1
1690,2280,1630,0
1691,343,835,1
1692,2087,708,0
1693,1136,153,0
1694,2152,1633,0
1695,2504,739,0
1696,220,402,1
1697,846,378,1
1698,502,758,0
1699,1296,1480,1
1700,1359,1635,0
1701,2507,726,0
1702,470,480,1
1703,2509,208,1
1704,1552,290,0
1705,2510,262,1
1706,341,1637,0
1707,2468,1640,0
1708,497,835,1
1709,2512,1642,1
1710,908,1090,0
1711,1634,402,1
1712,2167,1644,1
1713,1482,469,1
1714,1654,1648,0
1715,553,723,0
1716,205,260,1
1717,2395,1651,0
1718,2524,48,1
1719,2525,1652,0
1720,104,206,1
1721,650,1120,0
1722,2533,1656,1
1723,2436,992,1
1724,2535,917,1
1725,2075,1042,0
1726,1823,1658,0
1727,2536,1521,0
1728,1228,959,0
1729,2392,378,1
1730,2541,598,1
1731,227,1659,0
1732,2543,1209,0
1733,1537,148,1
1734,2439,80,1
1735,1286,690,1
1736,2547,1485,0
1737,1518,642,1
1738,2551,1357,0
1739,2556,462,0
1740,559,84,1
1741,295,114,1
1742,2107,1666,0
1743,420,8,1
1744,1864,1667,0
1745,2558,268,1
1746,2324,893,0
1747,2560,3,1
1748,328,136,1
1749,630,1482,0
1750,370,375,1
1751,1069,1456,0
1752,2436,266,1
1753,1937,91,0
1754,2562,1669,0
1755,2563,1670,0
1756,166,278,1
1757,990,1671,0
1758,2564,557,0
1759,1473,998,1
1760,2565,1074,0
1761,90,136,1
1762,37,278,1
1763,2567,1410,0
1764,2570,783,0
1765,2571,404,1
1766,1363,1534,0
1767,2572,177,0
1768,2575,526,0
1769,2576,1476,0
1770,2579,802,0
1771,2086,1151,0
1772,2581,1674,0
1773,1843,1594,1
1774,954,1012,0
1775,2582,149,1
1776,2583,676,0
1777,889,846,0
1778,806,1676,0
1779,2525,206,1
1780,1054,897,0
1781,1590,69,1
1782,1412,195,0
1783,2364,603,1
1784,32,147,1
1785,2589,865,0
1786,2592,148,1
1787,963,689,1
1788,1402,557,1
1789,76,69,1
1790,27,1340,0
1791,2596,1683,0
1792,1313,642,1
1793,963,318,1
1794,2597,1541,1
1795,2598,1684,0
1796,518,530,1
1797,2599,598,1
1798,2599,195,0
1799,1751,1685,0
1800,2329,917,1
1801,1268,111,1
1802,2601,1687,0
1803,558,417,1
1804,2602,565,0
1805,1501,1465,0
1806,2347,27,1
1807,1374,792,1
1808,1999,584,1
1809,2283,610,0
1810,2604,149,1
1811,364,1689,0
1812,2044,1236,1
1813,1343,149,1
1814,2608,218,1
1815,1031,749,0
1816,2613,1679,0
1817,2616,1692,0
1818,75,27,1
1819,193,1549,1
1820,722,679,0
1821,2619,1352,1
1822,968,81,0
1823,1823,1694,0
1824,1518,1068,0
1825,2622,980,0
1826,254,859,0
1827,638,27,1
1828,2501,1504,0
1829,2630,82,0
1830,2243,100,1
1831,962,426,1
1832,2631,1528,0
1833,963,69,1
1834,1482,6,0
1835,727,798,0
1836,2634,871,0
1837,2636,717,0
1838,47,1224,0
1839,299,18,1
1840,2638,721,0
1841,2639,1702,0
1842,668,220,0
1843,63,690,1
1844,2642,1336,1
1845,2030,825,1
1846,2643,1344,0
1847,1926,624,0
1848,1834,208,1
1849,2647,140,0
1850,1891,1093,0
1851,2648,991,0
1852,2650,1706,0
1853,2043,480,0
1854,2647,382,0
1855,2325,1348,0
1856,2417,346,1
1857,453,192,1
1858,2654,69,0
1859,1063,1302,1
1860,2655,1664,1
1861,2656,3,0
1862,2657,1707,0
1863,75,538,1
1864,1358,1708,1
1865,37,8,1
1866,384,144,1
1867,668,998,1
1868,2393,214,1
1869,1515,1500,0
1870,2667,1310,0
1871,1129,1713,1
1872,2668,1066,1
1873,554,1676,0
1874,323,192,1
1875,962,523,1
1876,2669,334,0
1877,2638,392,1
1878,745,914,0
1879,2672,818,0
1880,44,130,1
1881,467,1369,1
1882,2673,18,1
1883,728,742,0
1884,182,1715,0
1885,10,260,1
1886,694,231,1
1887,577,1717,0
1888,2610,1718,0
1889,2258,1719,1
1890,385,37,1
1891,1060,475,1
1892,1762,1720,0
1893,2675,1721,0
1894,2676,578,0
1895,2269,149,0
1896,2678,1722,0
1897,2681,467,0
1898,2512,1578,1
1899,824,1723,0
1900,2583,469,1
1901,565,525,1
1902,1422,277,0
1903,2683,136,1
1904,2684,1725,1
1905,2685,1707,0
1906,1272,990,1
1907,2686,92,1
1908,2203,802,0
1909,2687,58,0
1910,220,1726,1
1911,205,84,1
1912,2690,1669,0
1913,1936,339,1
1914,498,147,1
1915,1364,864,0
1916,2692,733,0
1917,2693,1528,1
1918,2694,1170,0
1919,1768,1529,0
1920,2699,1173,0
1921,1758,147,1
1922,818,43,0
1923,608,260,1
1924,512,353,1
1925,256,492,0
1926,1244,835,1
1927,2050,472,0
1928,345,90,1
1929,2230,1127,0
1930,2707,565,1
1931,2710,941,0
1932,2311,452,1
1933,2010,665,0
1934,1210,1067,0
1935,1682,192,1
1936,413,116,1
1937,1536,610,0
1938,2718,1732,0
1939,2281,745,1
1940,1656,1542,1
1941,637,749,1
1942,343,550,1
1943,414,192,1
1944,2012,1518,1
1945,2522,1445,0
1946,2725,1675,0
1947,1133,934,0
1948,996,532,1
1949,2730,1403,0
1950,2562,1134,1
1951,2590,1103,0
1952,2735,111,1
1953,2739,1742,1
1954,65,1229,1
1955,328,147,1
1956,2744,1142,1
1957,1163,699,0
1958,2086,1745,0
1959,2748,278,0
1960,2749,260,0
1961,2390,1093,1
1962,1288,1691,0
1963,245,771,0
1964,1294,1748,0
1965,153,319,0
1966,524,628,1
1967,626,469,1
1968,2757,1031,1
1969,628,420,0
1970,2165,183,1
1971,462,195,1
1972,65,562,1
1973,2761,1248,0
1974,796,994,0
1975,2764,1512,0
1976,575,426,1
1977,392,1480,0
1978,512,1757,1
1979,2770,1759,1
1980,2771,13,0
1981,2772,177,1
1982,2046,620,0
1983,2017,476,0
1984,949,272,0
1985,1635,346,0
1986,948,1760,0
1987,2737,1762,1
1988,1983,1763,1
1989,343,90,1
1990,2776,633,1
1991,279,752,1
1992,2779,1224,1
1993,2070,1101,0
1994,2403,901,0
1995,2038,974,0
1996,2699,1186,1
1997,2333,790,0
1998,2783,782,1
1999,2784,389,0
2000,2284,705,1
2001,996,1768,1
2002,2786,48,1
2003,230,260,1
2004,2787,149,1
2005,2788,1339,1
2006,2790,248,1
2007,21,1645,0
2008,2792,623,0
2009,2724,1241,0
2010,2662,846,0
2011,1060,189,1
2012,2793,1604,1
2013,345,998,1
2014,501,998,1
2015,2797,195,0
2016,2034,1773,0
2017,2799,214,1
2018,185,293,1
2019,808,1269,1
2020,211,278,1
2021,2547,477,0
2022,1314,113,1
2023,899,1556,1
2024,23,13,1
2025,2803,111,1
2026,2473,49,0
2027,1960,316,0
2028,1865,84,1
2029,2808,114,1
2030,2809,662,0
2031,1614,1083,0
2032,178,1777,0
2033,2811,27,1
2034,2812,1778,1
2035,781,1013,1
2036,1129,65,1
2037,2814,1780,0
2038,2815,1781,0
2039,1534,480,1
2040,420,37,1
2041,1257,148,1
2042,1435,1093,1
2043,1007,792,1
2044,1132,48,1
2045,2817,1133,1
2046,2818,754,0
2047,2819,149,0
2048,1233,892,0
2049,811,149,1
2050,453,998,1
2051,535,471,1
2052,229,1782,0
2053,1248,851,1
2054,2821,818,0
2055,1811,114,1
2056,780,185,1
2057,2824,703,0
2058,1036,426,1
2059,286,1785,1
2060,1429,1786,1
2061,301,1787,0
2062,1196,1788,0
2063,2610,1531,0
2064,2244,162,0
2065,2447,983,0
2066,1651,1015,1
2067,1724,1045,0
2068,2827,1617,0
2069,158,1155,0
2070,2828,290,0
2071,2354,1789,0
2072,1562,125,1
2073,593,1790,0
2074,2831,1194,0
2075,1348,1791,1
2076,1508,1371,1
2077,378,458,0
2078,1003,402,1
2079,2247,111,1
2080,511,1792,1
2081,579,550,0
2082,2355,1793,0
2083,1984,1359,0
2084,2837,1794,0
2085,1682,37,1
2086,2838,783,0
2087,1701,948,1
2088,72,260,1
2089,1358,136,0
2090,846,136,1
2091,52,122,1
2092,504,726,1
2093,2842,1651,1
2094,892,130,1
2095,1278,963,1
2096,2014,1167,0
2097,2178,1798,0
2098,2844,405,1
2099,2846,182,0
2100,2599,1122,0
2101,2847,214,1
2102,565,829,0
2103,1929,657,0
2104,512,251,1
2105,1239,83,1
2106,2291,1632,0
2107,2332,834,0
2108,2851,557,1
2109,911,761,1
2110,918,894,1
2111,342,1111,1
2112,512,435,1
2113,123,914,1
2114,2857,1803,0
2115,1085,1175,1
2116,738,848,0
2117,1063,48,1
2118,2859,144,1
2119,1036,8,1
2120,537,1216,0
2121,1091,947,1
2122,356,122,0
2123,2865,1807,0
2124,104,55,1
2125,1768,206,1
2126,916,412,1
2127,604,479,1
2128,2115,339,1
2129,2867,1808,0
2130,2263,17,0
2131,1370,1106,0
2132,65,182,1
2133,2869,802,0
2134,1909,990,0
2135,33,92,1
2136,2517,753,0
2137,2870,1366,0
2138,820,13,1
2139,1560,854,0
2140,365,526,0
2141,75,278,1
2142,2874,598,0
2143,2875,405,1
2144,2302,1096,0
2145,2876,8,0
2146,2877,899,0
2147,13,1541,0
2148,1291,638,1
2149,2878,638,1
2150,149,1119,0
2151,240,148,1
2152,2880,1658,0
2153,796,97,0
2154,2881,27,1
2155,1363,894,1
2156,2882,1812,0
2157,1909,1567,0
2158,2296,464,1
2159,1669,859,1
2160,984,1285,1
2161,2886,1231,0
2162,21,27,1
2163,286,1814,1
2164,2887,1815,0
2165,2435,1676,0
2166,984,464,0
2167,1294,575,0
2168,2894,1725,1
2169,2528,916,1
2170,2896,1679,0
2171,2898,818,0
2172,2901,1400,0
2173,1598,403,0
2174,2902,70,0
2175,1249,1824,0
2176,850,674,0
2177,154,1411,0
2178,1972,86,0
2179,2903,830,1
2180,2905,932,0
2181,2907,1339,1
2182,1624,90,1
2183,678,775,0
2184,1378,757,1
2185,2045,1397,0
2186,2610,875,0
2187,139,959,0
2188,2912,96,0
2189,803,1709,0
2190,2591,148,1
2191,695,1132,0
2192,250,26,0
2193,2428,610,0
2194,1748,1830,0
2195,2917,1664,0
2196,2919,1489,0
2197,1092,1831,1
2198,236,1832,1
2199,2917,1757,0
2200,2920,1833,0
2201,2922,914,1
2202,1656,217,0
2203,181,260,1
2204,2924,1835,0
2205,4,1058,0
2206,2567,1092,1
2207,392,148,1
2208,1755,1751,1
2209,167,1646,0
2210,1278,1791,0
2211,1688,724,0
2212,958,1563,0
2213,2931,18,0
2214,2933,993,0
2215,2286,1446,1
2216,202,1316,0
2217,2312,220,0
2218,2936,174,0
2219,2937,141,1
2220,52,1516,1
2221,2319,545,0
2222,2423,903,0
2223,2940,1842,0
2224,2941,1133,1
2225,1776,690,1
2226,1853,249,0
2227,2942,930,0
2228,2694,624,0
2229,1133,263,1
2230,996,588,1
2231,1321,1567,1
2232,949,1721,1
2233,1363,714,1
2234,2755,1133,1
2235,65,723,1
2236,2009,469,1
2237,1115,296,0
2238,2948,1845,0
2239,706,690,1
2240,2950,1722,0
2241,2956,956,0
2242,2426,6,0
2243,1454,125,1
2244,4,141,0
2245,1674,692,0
2246,345,402,1
2247,903,1849,0
2248,2316,148,1
2249,1944,1850,1
2250,1801,1660,0
2251,2370,148,1
2252,2967,1231,0
2253,1842,1092,1
2254,1665,253,1
2255,661,195,1
2256,512,174,1
2257,2970,594,0
2258,1250,253,1
2259,740,72,1
2260,2670,1853,0
2261,215,192,1
2262,1539,566,1
2263,1374,116,1
2264,511,1347,1
2265,1763,1076,0
2266,735,1382,1
2267,2365,54,0
2268,2869,114,0
2269,385,293,1
2270,2975,1732,1
2271,511,467,1
2272,49,339,1
2273,53,876,0
2274,1251,405,1
2275,13,667,1
2276,363,991,0
2277,2846,348,0
2278,796,1410,1
2279,222,1620,0
2280,726,214,1
2281,796,1768,0
2282,2263,1857,0
2283,2981,278,0
2284,2983,1858,0
2285,1358,1557,0
2286,2986,5,1
2287,2245,1357,0
2288,76,1315,0
2289,2013,111,1
2290,1264,1379,0
2291,1650,111,1
2292,2988,1860,0
2293,2990,823,0
2294,2991,69,0
2295,1237,506,1
2296,1397,1428,0
2297,2076,8,0
2298,2657,1861,0
2299,433,3,1
2300,2669,190,0
2301,104,538,1
2302,1604,1540,0
2303,719,989,1
2304,2687,632,0
2305,1709,1864,0
2306,2373,947,0
2307,2088,1376,0
2308,220,130,1
2309,1682,278,1
2310,1016,1865,0
2311,376,272,0
2312,2997,1133,0
2313,881,546,0
2314,2200,108,0
2315,2678,636,0
2316,1747,1478,0
2317,2679,1109,0
2318,48,1185,0
2319,3006,184,0
2320,345,293,1
2321,638,339,1
2322,1843,358,1
2323,3010,646,0
2324,251,787,0
2325,3011,1517,0
2326,3012,562,1
2327,3013,782,0
2328,1315,1246,1
2329,1214,583,1
2330,3022,1871,0
2331,1053,293,1
2332,1682,194,1
2333,309,638,1
2334,2047,1456,1
2335,3027,27,1
2336,3028,404,0
2337,2312,274,0
2338,2200,690,1
2339,407,642,1
2340,1759,1584,0
2341,3029,405,1
2342,2441,667,0
2343,3030,161,0
2344,678,1156,0
2345,1078,998,1
2346,3032,125,1
2347,3033,64,1
2348,1771,771,0
2349,3035,223,0
2350,3037,1241,0
2351,2687,792,0
2352,1272,736,1
2353,2377,961,0
2354,3038,594,1
2355,3039,208,1
2356,970,921,0
2357,2056,1137,1
2358,974,947,1
2359,1913,111,1
2360,694,887,1
2361,996,1434,1
2362,2099,983,0
2363,513,468,1
2364,574,785,0
2365,35,27,1
2366,1383,780,0
2367,1053,194,1
2368,3044,451,0
2369,1634,426,1
2370,2929,810,1
2371,3047,1876,0
2372,3049,1272,0
2373,491,1878,0
2374,260,63,1
2375,2658,1879,0
2376,107,1192,1
2377,1119,55,0
2378,3052,92,1
2379,3054,725,0
2380,820,1701,1
2381,3058,703,0
2382,492,9,0
2383,1940,27,1
2384,1401,1635,0
2385,154,1883,0
2386,3060,1884,0
2387,3062,253,1
2388,2042,214,1
2389,2072,92,1
2390,1503,858,0
2391,3064,1471,0
2392,65,1798,1
2393,3066,469,1
2394,704,952,1
2395,2038,144,1
2396,1481,594,0
2397,3069,659,1
2398,1854,1436,0
2399,721,1381,0
2400,323,194,1
2401,3016,3,1
2402,1063,1108,1
2403,2254,775,0
2404,1031,689,1
2405,2015,307,0
2406,558,148,1
2407,65,1018,1
2408,3070,1306,0
2409,107,1466,1
2410,21,1891,0
2411,3071,1556,1
2412,3073,376,1
2413,2920,1270,0
2414,820,1125,1
2415,175,1007,0
2416,968,871,0
2417,3077,195,0
2418,949,1894,1
2419,1228,1236,1
2420,414,1895,0
2421,486,378,1
2422,1210,278,1
2423,83,206,1
2424,2740,1583,1
2425,390,82,0
2426,1708,799,0
2427,2872,116,0
2428,2509,1723,0
2429,1359,949,0
2430,3025,208,1
2431,3084,1831,0
2432,2687,72,0
2433,861,72,1
2434,1946,909,0
2435,490,192,1
2436,451,25,0
2437,195,1896,1
2438,2590,1397,0
2439,2468,657,0
2440,1257,420,0
2441,820,1897,1
2442,39,1403,0
2443,1552,1351,0
2444,3088,1899,0
2445,2512,1450,0
2446,2046,497,0
2447,662,1625,1
2448,65,1469,1
2449,1259,1901,1
2450,3089,539,1
2451,1036,475,1
2452,967,463,1
2453,1176,1749,0
2454,794,189,1
2455,3093,1316,1
2456,2537,1598,0
2457,3094,562,1
2458,716,148,1
2459,3096,1905,0
2460,2447,1372,0
2461,385,130,1
2462,1531,657,1
2463,962,189,1
2464,806,214,1
2465,3100,1051,0
2466,742,113,1
2467,618,708,0
2468,1892,656,0
2469,3101,1898,1
2470,1210,130,1
2471,3105,1907,0
2472,445,817,0
2473,2955,307,1
2474,3108,1898,1
2475,84,1908,0
2476,1811,111,0
2477,2781,603,1
2478,563,1212,0
2479,3110,1588,0
2480,2379,214,0
2481,2683,116,1
2482,3112,730,1
2483,3113,307,0
2484,777,1132,1
2485,52,746,1
2486,2708,18,1
2487,3117,1557,1
2488,1250,371,0
2489,3121,1217,1
2490,3122,145,0
2491,1043,469,1
2492,2002,1671,0
2493,216,114,1
2494,3126,1911,0
2495,372,1912,0
2496,1244,523,1
2497,65,25,1
2498,3010,1037,1
2499,3131,1419,0
2500,1651,257,1
2501,668,426,1
2502,276,1086,0
2503,1701,851,1
2504,1350,153,0
2505,794,1387,1
2506,1455,1861,0
2507,2889,1722,0
2508,83,116,1
2509,1387,220,1
2510,365,458,0
2511,36,1915,0
2512,2889,254,0
2513,10,914,1
2514,215,628,1
2515,1940,84,1
2516,141,195,1
2517,1790,1791,0
2518,3117,1478,0
2519,2929,588,0
2520,1953,1101,0
2521,911,990,0
2522,3143,405,0
2523,893,841,1
2524,956,464,1
2525,2358,1918,0
2526,2880,792,1
2527,3144,1920,0
2528,213,899,0
2529,1950,559,0
2530,1276,843,0
2531,3148,773,1
2532,2857,650,0
2533,3149,176,0
2534,2653,1583,0
2535,780,278,1
2536,1690,1325,0
2537,3151,1674,0
2538,1678,1922,0
2539,1465,642,0
2540,2751,502,0
2541,3155,702,0
2542,3156,799,0
2543,2846,562,1
2544,6,1923,0
2545,3158,219,0
2546,279,208,1
2547,3160,1097,0
2548,1601,597,0
2549,289,1387,0
2550,3162,532,1
2551,243,565,1
2552,3163,1562,1
2553,564,1236,1
2554,674,206,1
2555,3165,613,1
2556,3167,1769,0
2557,2473,5,1
2558,2529,1929,0
2559,3169,334,1
2560,1036,628,1
2561,286,1861,0
2562,182,1685,1
2563,153,90,1
2564,2400,859,0
2565,3173,778,0
2566,2656,1375,1
2567,1244,726,1
2568,3171,1643,0
2569,831,92,1
2570,2028,339,1
2571,3174,1931,0
2572,704,420,1
2573,2585,1356,0
2574,1017,1375,1
2575,497,293,1
2576,2471,148,1
2577,1634,599,0
2578,836,1905,0
2579,1970,1295,0
2580,3179,1932,0
2581,103,998,1
2582,3035,720,0
2583,2811,9,0
2584,2535,1476,0
2585,1559,5,1
2586,1202,208,1
2587,3181,325,0
2588,2423,148,1
2589,3182,1724,0
2590,3183,690,1
2591,819,1379,0
2592,3184,857,0
2593,2948,1722,0
2594,578,90,1
2595,2203,1935,0
2596,2050,603,0
2597,1481,1251,1
2598,90,1936,0
2599,3185,1388,0
2600,2347,195,1
2601,979,353,0
2602,407,18,1
2603,1792,1348,1
2604,1624,539,0
2605,1473,37,1
2606,938,1429,0
2607,818,1511,0
2608,638,136,1
2609,3191,792,1
2610,1807,825,0
2611,1276,510,0
2612,104,195,1
2613,1780,63,1
2614,303,389,1
2615,103,337,1
2616,722,1485,1
2617,3194,90,1
2618,962,130,1
2619,892,998,1
2620,2583,1901,0
2621,742,85,1
2622,247,1899,0
2623,1004,623,1
2624,916,523,1
2625,2315,148,1
2626,2654,1078,0
2627,1846,851,0
2628,3199,1939,1
2629,3200,405,1
2630,165,148,1
2631,3201,1824,1
2632,3202,506,0
2633,3203,789,0
2634,886,158,0
2635,1133,1940,0
2636,492,1738,1
2637,3205,562,1
2638,3206,752,0
2639,2882,1789,1
2640,776,894,0
2641,1400,925,1
2642,3207,66,0
2643,3208,1942,0
2644,3209,556,0
2645,518,1943,1
2646,883,378,1
2647,1867,222,0
2648,3214,1945,0
2649,233,1637,0
2650,230,84,1
2651,3215,894,1
2652,3216,1375,1
2653,913,282,0
2654,2993,1793,0
2655,962,402,1
2656,104,147,1
2657,2697,654,1
2658,411,234,1
2659,56,600,0
2660,195,148,1
2661,175,1828,1
2662,3220,1718,0
2663,3062,469,1
2664,3062,48,1
2665,3072,147,1
2666,424,1289,1
2667,1538,740,0
2668,3222,398,0
2669,309,711,1
2670,1386,566,1
2671,578,65,0
2672,3226,1798,0
2673,227,1622,0
2674,32,559,0
2675,103,185,1
2676,1667,111,1
2677,1461,282,1
2678,518,495,1
2679,704,450,1
2680,2314,334,1
2681,492,1947,1
2682,646,256,1
2683,2324,749,0
2684,3002,1400,0
2685,974,148,1
2686,836,1950,0
2687,277,1031,0
2688,3201,790,0
2689,3011,1263,0
2690,1313,1111,1
2691,2560,1477,0
2692,337,188,1
2693,294,206,1
2694,2043,1472,0
2695,738,410,1
2696,1892,1627,0
2697,1452,340,1
2698,1090,684,0
2699,1377,1156,0
2700,1790,72,1
2701,1170,136,1
2702,98,278,1
2703,864,1952,0
2704,65,970,1
2705,428,468,1
2706,2739,1417,0
2707,694,1953,1
2708,396,403,1
2709,3242,471,0
2710,1135,1667,0
2711,3245,993,0
2712,963,378,1
2713,688,149,1
2714,3247,1392,0
2715,3249,355,0
2716,1036,194,1
2717,3252,1902,1
2718,2105,1957,0
2719,264,422,1
2720,890,912,0
2721,652,946,0
2722,2087,1737,0
2723,3255,675,1
2724,3256,1958,0
2725,798,492,1
2726,2020,524,0
2727,794,628,1
2728,149,469,1
2729,2576,1173,1
2730,3105,695,0
2731,1511,72,1
2732,2244,929,0
2733,955,1960,0
2734,2087,1307,0
2735,2076,1302,0
2736,83,125,1
2737,2668,1912,1
2738,3262,1852,0
2739,82,37,0
2740,892,194,1
2741,1007,417,1
2742,1363,162,1
2743,1940,260,1
2744,1384,993,0
2745,3263,1962,0
2746,1826,188,0
2747,3027,1674,0
2748,3011,144,1
2749,472,469,1
2750,1682,148,1
2751,3266,397,1
2752,1036,189,1
2753,1997,924,0
2754,2149,1422,1
2755,2972,339,1
2756,547,1894,0
2757,722,726,0
2758,2120,1310,0
2759,1769,1174,0
2760,1973,259,0
2761,137,189,1
2762,1590,339,1
2763,1758,84,1
2764,3268,380,1
2765,1984,825,0
2766,3116,1835,0
2767,3270,1717,0
2768,2000,482,0
2769,3272,208,1
2770,90,1709,0
2771,3273,513,0
2772,3274,1164,0
2773,963,339,1
2774,2541,1058,0
2775,715,1512,1
2776,286,1325,1
2777,722,1607,1
2778,3276,27,1
2779,1549,92,1
2780,137,1920,0
2781,3247,27,1
2782,646,1467,0
2783,3279,1236,0
2784,3281,480,1
2785,2239,345,1
2786,2592,296,1
2787,3283,1646,0
2788,3284,121,0
2789,2094,1092,0
2790,3285,719,1
2791,2101,189,0
2792,1429,1072,0
2793,3287,950,0
2794,2045,747,0
2795,1007,1619,0
2796,236,646,0
2797,2590,63,1
2798,383,9,0
2799,3010,1056,0
2800,794,130,1
2801,104,148,1
2802,2974,737,1
2803,165,130,1
2804,2889,1615,0
2805,2291,149,1
2806,1724,1968,0
2807,1273,1440,0
2808,3292,1417,0
2809,3293,381,0
2810,195,849,1
2811,1678,313,0
2812,1567,595,1
2813,2886,513,0
2814,3294,1324,1
2815,1237,263,1
2816,1654,1971,0
2817,3297,736,0
2818,36,1553,0
2819,3298,203,0
2820,3301,1164,0
2821,1312,638,1
2822,996,562,1
2823,575,192,1
2824,3304,1972,1
2825,3040,864,1
2826,3306,739,0
2827,1437,513,0
2828,2895,566,1
2829,163,248,0
2830,65,1629,1
2831,3307,90,1
2832,134,418,0
2833,341,1543,0
2834,3070,1689,0
2835,434,690,1
2836,587,417,1
2837,576,1744,0
2838,1734,343,0
2839,3318,1785,0
2840,2751,42,0
2841,401,1950,0
2842,1144,92,1
2843,4,1059,0
2844,2395,1364,0
2845,923,772,0
2846,3320,1040,0
2847,400,1351,0
2848,1696,111,1
2849,10,1782,0
2850,3322,214,1
2851,2024,1980,0
2852,746,339,1
2853,790,1598,0
2854,958,37,1
2855,2269,1397,0
2856,363,63,1
2857,3325,404,0
2858,1885,1982,0
2859,2634,296,1
2860,3327,906,1
2861,3108,883,0
2862,192,1861,0
2863,1514,1581,0
2864,859,1076,0
2865,3331,447,0
2866,3332,1620,0
2867,2436,1593,1
2868,3333,262,1
2869,1114,33,0
2870,1053,1729,0
2871,3163,532,0
2872,453,550,1
2873,1290,209,0
2874,2131,919,0
2875,3335,476,1
2876,2493,114,1
2877,2188,1751,1
2878,3337,603,1
2879,3338,1313,0
2880,1950,545,0
2881,1116,1102,0
2882,104,1894,0
2883,583,64,1
2884,3339,1336,1
2885,3341,111,1
2886,3342,9,0
2887,3343,405,1
2888,963,195,1
2889,524,8,1
2890,3345,1283,0
2891,1808,1897,1
2892,698,653,0
2893,2555,168,0
2894,866,1467,0
2895,3229,1340,0
2896,2059,1982,0
2897,2093,1987,0
2898,3347,48,1
2899,256,1719,1
2900,1567,1140,1
2901,137,550,1
2902,192,566,1
2903,1932,1932,0
2904,2396,1231,0
2905,1374,638,1
2906,192,222,1
2907,2013,1980,0
2908,2886,100,1
2909,137,278,1
2910,3348,105,0
2911,651,1371,1
2912,323,37,1
2913,1821,690,1
2914,2094,136,0
2915,457,65,0
2916,467,1023,1
2917,2184,116,1
2918,2708,211,0
2919,2140,195,1
2920,3356,1990,0
2921,518,1991,1
2922,211,998,1
2923,2590,386,1
2924,1032,730,0
2925,2579,27,1
2926,165,402,1
2927,398,934,0
2928,3359,449,0
2929,3360,1599,0
2930,212,515,0
2931,2030,208,1
2932,2683,914,1
2933,2920,1120,0
2934,1725,1508,0
2935,2417,1831,0
2936,1250,240,1
2937,3363,296,0
2938,376,1191,0
2939,337,917,1
2940,3365,1768,0
2941,778,70,0
2942,3366,1445,0
2943,2975,1709,1
2944,55,3,1
2945,648,253,1
2946,530,1994,0
2947,1847,557,0
2948,2386,1059,0
2949,372,1995,1
2950,2502,125,1
2951,286,1488,1
2952,2365,347,0
2953,3090,277,0
2954,3131,792,1
2955,497,1066,0
2956,2643,566,1
2957,1414,140,1
2958,3372,1217,1
2959,2620,1830,0
2960,3373,482,0
2961,1936,386,1
2962,1053,986,0
2963,468,1861,0
2964,1686,1035,1
2965,3318,1651,1
2966,963,596,0
2967,1909,1895,0
2968,3095,178,0
2969,1940,378,1
2970,3378,1848,0
2971,3352,932,0
2972,3380,1879,1
2973,986,994,1
2974,3271,316,0
2975,166,8,1
2976,882,1996,1
2977,547,1067,0
2978,2645,1997,0
2979,65,1397,1
2980,646,1683,1
2981,3383,381,1
2982,2575,1935,0
2983,3388,894,0
2984,583,424,1
2985,2411,1510,1
2986,3389,665,0
2987,3391,861,0
2988,193,611,1
2989,2426,1448,0
2990,383,143,1
2991,1028,719,0
2992,843,198,0
2993,2683,148,1
2994,3394,72,1
2995,1801,217,0
2996,2481,159,0
2997,1063,772,1
2998,1110,709,0
2999,1556,557,1
3000,2369,801,0
3001,2570,1162,0
3002,2095,125,0
3003,1842,2001,1
3004,420,835,1
3005,2166,562,1
3006,3398,1620,0
3007,3399,708,0
3008,2238,1782,0
3009,63,293,0
3010,3402,228,0
3011,608,143,0
3012,335,1419,0
3013,1605,1159,0
3014,1837,290,0
3015,3161,278,1
3016,44,835,1
3017,3407,690,1
3018,1249,356,0
3019,1763,192,1
3020,3408,464,1
3021,287,339,1
3022,291,79,0
3023,3410,3,1
3024,1565,733,1
3025,595,426,1
3026,2297,130,1
3027,3411,1684,0
3028,3273,1441,0
3029,2528,732,1
3030,3412,1006,0
3031,309,775,0
3032,0,405,1
3033,3414,268,1
3034,3415,296,0
3035,1763,426,1
3036,279,1915,1
3037,1314,2006,1
3038,1412,689,0
3039,103,35,1
3040,1801,308,1
3041,286,1974,1
3042,1187,1732,0
3043,3015,1907,0
3044,853,1807,0
3045,240,183,0
3046,1654,1484,0
3047,1035,266,0
3048,1723,656,0
3049,3226,1399,0
3050,878,2008,0
3051,211,426,1
3052,2034,114,1
3053,1313,214,1
3054,409,624,0
3055,2830,1238,0
3056,286,165,1
3057,3423,1263,0
3058,3424,902,1
3059,3425,2002,0
3060,1805,136,0
3061,753,2011,0
3062,3427,788,0
3063,3428,404,0
3064,3341,2013,0
3065,3431,149,1
3066,3005,1254,0
3067,2854,752,0
3068,668,189,1
3069,364,1119,0
3070,3435,2015,0
3071,3437,64,0
3072,3439,375,1
3073,512,959,1
3074,1088,1898,0
3075,724,1692,0
3076,1682,402,1
3077,1607,513,1
3078,1474,1838,0
3079,316,700,0
3080,3093,218,0
3081,1937,223,0
3082,1352,72,1
3083,662,1601,1
3084,1244,1047,0
3085,1708,253,1
3086,700,2020,0
3087,65,1975,0
3088,518,806,1
3089,1211,92,1
3090,3445,69,1
3091,3446,1835,0
3092,3447,48,1
3093,2153,1858,0
3094,1911,439,1
3095,3449,624,0
3096,649,148,1
3097,2204,412,1
3098,3089,531,0
3099,3453,632,1
3100,3414,1571,0
3101,72,116,1
3102,2963,148,1
3103,2525,260,1
3104,3456,1713,0
3105,3458,859,1
3106,846,339,1
3107,2903,1384,0
3108,503,6,0
3109,1315,1102,1
3110,3134,2024,0
3111,2446,148,1
3112,2296,1835,0
3113,3181,1371,0
3114,13,318,1
3115,1422,257,0
3116,552,937,1
3117,37,293,1
3118,2898,479,1
3119,1486,50,0
3120,3463,480,1
3121,85,319,1
3122,3464,2026,0
3123,3286,734,0
3124,3063,440,0
3125,3466,578,1
3126,2860,2028,0
3127,3410,1569,0
3128,3467,1095,0
3129,1053,90,1
3130,518,736,1
3131,1931,362,0
3132,692,56,0
3133,3468,767,1
3134,44,90,1
3135,903,1897,1
3136,2727,6,0
3137,57,1106,0
3138,123,164,0
3139,1053,130,1
3140,1901,1542,0
3141,438,1584,0
3142,1708,2029,1
3143,1288,2030,1
3144,575,278,1
3145,3471,1197,0
3146,2170,149,1
3147,1358,1632,0
3148,3474,2031,1
3149,922,190,0
3150,472,481,1
3151,414,194,1
3152,2329,1185,0
3153,583,1435,1
3154,618,1530,0
3155,2003,90,1
3156,3477,911,1
3157,645,796,0
3158,3479,1265,0
3159,3480,1097,0
3160,3207,1987,1
3161,453,37,1
3162,3483,387,0
3163,123,260,1
3164,109,257,1
3165,1861,1511,0
3166,1367,1918,1
3167,182,1571,1
3168,3485,1619,0
3169,3486,210,1
3170,1655,214,1
3171,2937,381,0
3172,963,148,1
3173,3487,125,1
3174,13,689,1
3175,286,284,1
3176,286,25,1
3177,63,1035,1
3178,1248,772,0
3179,3303,965,0
3180,2549,254,1
3181,2322,253,1
3182,1732,2010,1
3183,2707,1658,0
3184,1476,1861,0
3185,84,113,0
3186,3491,469,1
3187,3492,1794,0
3188,3493,1929,0
3189,65,934,1
3190,621,879,0
3191,2560,1878,0
3192,905,1339,1
3193,1129,249,1
3194,1931,338,0
3195,1665,1615,1
3196,345,1268,0
3197,1686,148,1
3198,469,272,1
3199,1590,147,1
3200,2094,1336,0
3201,1776,1902,0
3202,3496,735,0
3203,3498,80,1
3204,369,963,1
3205,3500,1807,0
3206,784,72,1
3207,2269,356,1
3208,2830,314,1
3209,3501,1591,1
3210,3503,850,0
3211,3504,149,1
3212,328,1725,0
3213,3506,327,1
3214,3507,690,1
3215,3508,420,0
3216,1201,1986,0
3217,1619,947,0
3218,1681,378,1
3219,3513,675,1
3220,2870,826,1
3221,595,194,1
3222,490,194,1
3223,2154,1147,0
3224,1007,1085,1
3225,3515,1197,1
3226,3516,464,1
3227,65,449,1
3228,2446,1701,0
3229,3519,1913,0
3230,181,206,1
3231,1843,1313,1
3232,1997,799,0
3233,2818,638,1
3234,595,130,1
3235,2957,1562,1
3236,3379,1301,0
3237,841,1371,1
3238,3520,1898,0
3239,3523,562,1
3240,1431,18,1
3241,1995,149,1
3242,3525,254,0
3243,529,1728,1
3244,1809,2039,0
3245,2726,706,0
3246,794,849,1
3247,949,82,1
3248,1405,603,1
3249,65,133,1
3250,3526,821,0
3251,1891,847,1
3252,2315,125,1
3253,3527,111,1
3254,3528,268,1
3255,2017,1769,1
3256,649,638,1
3257,65,1604,1
3258,1481,1478,0
3259,1616,133,0
3260,3099,970,0
3261,1313,694,1
3262,2525,2040,0
3263,1531,690,1
3264,715,1935,0
3265,166,998,1
3266,469,1598,1
3267,1078,37,1
3268,1403,69,1
3269,583,989,1
3270,894,189,1
3271,2788,1955,0
3272,46,1723,0
3273,1926,149,1
3274,956,1762,0
3275,2392,125,1
3276,205,638,1
3277,2921,1268,0
3278,3530,1004,0
3279,52,743,1
3280,3531,792,1
3281,2419,1401,0
3282,3532,1640,0
3283,1732,1658,1
3284,701,694,0
3285,125,148,1
3286,336,426,0
3287,1244,90,1
3288,3446,216,0
3289,2894,240,0
3290,193,1786,1
3291,2426,1594,0
3292,1536,1707,0
3293,780,192,1
3294,3535,1720,0
3295,3536,1295,0
3296,3537,1646,0
3297,3449,1584,1
3298,1667,133,0
3299,3428,114,1
3300,3456,787,0
3301,777,464,1
3302,524,998,1
3303,1612,711,1
3304,1007,1349,1
3305,820,322,1
3306,587,263,1
3307,2619,1787,0
3308,52,2042,1
3309,989,1995,1
3310,958,185,1
3311,10,479,1
3312,2627,114,1
3313,3139,470,0
3314,1249,318,0
3315,872,392,0
3316,3156,204,0
3317,3538,258,1
3318,1317,391,0
3319,958,550,1
3320,3479,1786,0
3321,950,711,1
3322,3542,1363,0
3323,1700,424,0
3324,1900,952,1
3325,2322,492,1
3326,2244,566,1
3327,362,983,0
3328,3544,273,1
3329,3051,2045,0
3330,65,271,1
3331,1120,464,1
3332,241,1567,0
3333,1531,270,1
3334,1599,287,0
3335,1766,914,1
3336,3546,1056,0
3337,3548,38,1
3338,1127,921,0
3339,3550,111,1
3340,903,636,0
3341,869,254,1
3342,3551,700,0
3343,1516,296,1
3344,951,734,0
3345,480,1095,0
3346,2811,1142,0
3347,1139,853,0
3348,2970,449,0
3349,1219,277,1
3350,1078,835,1
3351,367,232,1
3352,3554,208,1
3353,1978,654,0
3354,295,1972,0
3355,1548,2049,0
3356,71,1932,1
3357,3556,875,1
3358,65,1707,1
3359,103,796,0
3360,3557,792,1
3361,1618,54,0
3362,1508,690,1
3363,3023,810,0
3364,2532,144,1
3365,407,1859,1
3366,1241,108,0
3367,3535,116,0
3368,602,319,1
3369,3562,100,1
3370,2866,1986,0
3371,3563,1108,0
3372,3214,739,0
3373,1590,27,1
3374,3031,165,0
3375,1626,1327,1
3376,1465,1468,0
3377,420,550,1
3378,3202,1013,0
3379,334,1032,0
3380,576,1708,0
3381,3565,380,1
3382,286,1372,1
3383,2318,1019,0
3384,759,445,1
3385,1936,69,1
3386,3566,349,0
3387,501,628,1
3388,3318,1895,1
3389,2320,538,0
3390,3056,1660,0
3391,35,110,0
3392,414,174,1
3393,123,34,0
3394,3189,1485,0
3395,3273,714,0
3396,918,167,0
3397,3570,161,0
3398,2955,1787,0
3399,433,2054,0
3400,193,1509,1
3401,383,1944,0
3402,2613,405,1
3403,2371,144,1
3404,869,346,1
3405,3571,178,1
3406,3326,1186,0
3407,2953,646,0
3408,236,2038,1
3409,166,130,1
3410,1378,594,0
3411,1536,108,0
3412,2225,1521,0
3413,894,8,1
3414,794,835,1
3415,3575,1822,0
3416,2627,66,0
3417,90,339,1
3418,2282,1220,0
3419,1482,378,1
3420,962,628,1
3421,1045,1174,1
3422,2467,8,0
3423,2129,989,1
3424,2282,148,1
3425,3489,736,1
3426,3578,161,1
3427,3579,81,0
3428,2489,733,0
3429,914,1140,0
3430,190,2057,0
3431,2347,1194,0
3432,3582,1069,0
3433,1219,148,1
3434,3583,2029,0
3435,3490,1436,0
3436,2847,367,1
3437,184,2040,0
3438,3584,46,0
3439,294,1615,0
3440,3586,1790,0
3441,3394,616,0
3442,1219,147,1
3443,474,611,1
3444,808,1323,1
3445,925,667,0
3446,1808,148,1
3447,1665,86,0
3448,511,1510,1
3449,2403,1562,0
3450,3587,510,1
3451,2853,208,0
3452,1398,2010,0
3453,3407,1191,0
3454,962,998,1
3455,1673,1265,1
3456,1766,1995,0
3457,2881,270,0
3458,1198,556,0
3459,2224,653,1
3460,2787,2058,0
3461,371,1616,0
3462,618,774,1
3463,3591,72,1
3464,54,1598,0
3465,794,400,1
3466,1245,405,1
3467,3595,1630,0
3468,915,1277,0
3469,796,472,0
3470,1766,479,1
3471,3570,1942,0
3472,3597,854,1
3473,2245,725,1
3474,3066,1026,0
3475,594,1517,1
3476,846,125,1
3477,2671,801,0
3478,582,84,1
3479,3603,875,0
3480,2776,1301,0
3481,279,1469,0
3482,1003,8,1
3483,720,864,0
3484,260,84,1
3485,141,711,1
3486,864,414,0
3487,2713,1484,0
3488,822,554,0
3489,3160,5,0
3490,3606,1133,1
3491,3607,1664,0
3492,603,148,1
3493,374,147,1
3494,3397,1327,1
3495,1080,113,1
3496,2972,116,1
3497,3062,18,1
3498,2035,1371,1
3499,3468,1387,0
3500,2645,566,1
3501,3078,197,0
3502,3611,595,1
3503,3612,214,1
3504,3614,616,0
3505,894,278,1
3506,486,835,0
3507,1834,256,0
3508,183,1,1
3509,3615,1441,0
3510,2392,148,1
3511,251,849,1
3512,3059,691,0
3513,497,278,1
3514,3617,1377,0
3515,848,89,0
3516,1674,1881,0
3517,2131,48,1
3518,882,1444,0
3519,3619,1305,0
3520,894,185,1
3521,3620,345,1
3522,123,148,1
3523,466,634,0
3524,3622,566,1
3525,2028,147,1
3526,82,416,0
3527,2017,2067,0
3528,3624,208,1
3529,1646,78,0
3530,2524,507,1
3531,3626,1625,0
3532,3627,1692,1
3533,1266,524,1
3534,3628,816,0
3535,1459,1163,0
3536,1994,980,0
3537,3630,1188,0
3538,3603,1488,0
3539,3631,1528,0
3540,1769,1154,0
3541,969,462,0
3542,3633,843,0
3543,3134,356,1
3544,63,1007,1
3545,230,998,1
3546,3635,882,0
3547,1679,422,0
3548,3423,1069,0
3549,195,13,1
3550,247,1376,0
3551,588,1879,0
3552,105,1302,0
3553,1495,657,0
3554,1841,1826,0
3555,3639,1180,0
3556,1787,148,1
3557,2323,1208,0
3558,3640,146,1
3559,578,550,1
3560,3641,1454,0
3561,1712,901,1
3562,1219,55,1
3563,1899,409,0
3564,6,161,1
3565,2972,638,1
3566,3643,970,0
3567,1413,1028,1
3568,2604,294,0
3569,63,1231,0
3570,350,1108,0
3571,1531,253,1
3572,1709,2013,0
3573,365,73,1
3574,3645,234,0
3575,3624,882,0
3576,2854,111,0
3577,1531,631,0
3578,3647,1664,0
3579,668,194,1
3580,1882,1664,1
3581,942,460,1
3582,49,538,1
3583,3396,375,0
3584,3073,1089,0
3585,492,414,0
3586,735,877,1
3587,1035,1888,0
3588,1809,1600,0
3589,578,130,1
3590,3653,1591,0
3591,205,69,1
3592,3652,1089,0
3593,220,628,1
3594,2118,2060,0
3595,816,992,0
3596,3372,2070,0
3597,3654,1092,1
3598,90,378,1
3599,453,1601,0
3600,2193,72,1
3601,741,116,1
3602,694,1055,1
3603,780,550,1
3604,3454,628,0
3605,3154,3,1
3606,3655,111,1
3607,2152,1749,1
3608,1062,566,1
3609,982,642,1
3610,1015,1265,1
3611,49,206,1
3612,2525,125,1
3613,2711,946,0
3614,1329,84,1
3615,3656,801,0
3616,34,893,1
3617,1940,284,0
3618,3659,2012,0
3619,2988,2071,0
3620,2754,962,0
3621,2105,875,1
3622,2075,1967,0
3623,267,1096,1
3624,1837,282,1
3625,3149,208,1
3626,677,264,0
3627,1545,760,0
3628,1598,84,0
3629,1275,1777,0
3630,2214,1285,1
3631,816,1585,1
3632,3003,698,1
3633,3666,1744,1
3634,3155,234,0
3635,2000,1568,1
3636,1473,475,1
3637,2703,1382,0
3638,453,8,1
3639,803,402,1
3640,1080,1022,1
3641,1698,1078,0
3642,184,793,1
3643,2340,469,1
3644,807,376,1
3645,963,849,1
3646,3670,148,1
3647,3035,900,0
3648,1495,2074,0
3649,2205,1241,0
3650,3674,152,0
3651,2045,1140,0
3652,1352,1175,1
3653,308,565,1
3654,3675,1482,0
3655,1256,1293,1
3656,1139,471,1
3657,982,1437,1
3658,75,194,1
3659,466,167,1
3660,105,8,0
3661,3680,1936,1
3662,1618,1943,0
3663,588,27,1
3664,2810,636,0
3665,3681,146,0
3666,2517,1588,0
3667,3682,216,1
3668,1080,1151,1
3669,2014,854,1
3670,3097,1165,0
3671,1165,1096,1
3672,706,2075,1
3673,3284,1371,1
3674,1682,550,1
3675,2628,848,0
3676,3687,1294,0
3677,1724,1428,1
3678,323,189,1
3679,1758,2076,0
3680,766,1916,0
3681,3688,1248,0
3682,2667,1388,1
3683,1361,1187,1
3684,2315,711,1
3685,1758,491,1
3686,260,704,0
3687,286,721,1
3688,892,1726,1
3689,2354,214,1
3690,3693,378,1
3691,251,2012,0
3692,104,2074,0
3693,1208,1772,0
3694,3694,271,0
3695,2160,653,0
3696,2926,278,0
3697,342,650,0
3698,76,339,1
3699,1192,183,0
3700,1612,1501,0
3701,2279,2077,1
3702,2318,1819,1
3703,853,1037,0
3704,291,556,1
3705,1630,659,0
3706,1294,1789,0
3707,1612,449,0
3708,1226,1134,0
3709,1244,293,1
3710,3699,410,1
3711,1294,136,1
3712,2026,69,1
3713,3597,3,0
3714,3700,1778,1
3715,862,149,0
3716,49,27,1
3717,2561,1751,0
3718,501,37,1
3719,2215,914,1
3720,266,1035,0
3721,2035,343,0
3722,1650,2078,1
3723,3704,1307,0
3724,286,726,1
3725,105,1609,0
3726,3705,375,1
3727,1196,1059,0
3728,3706,334,1
3729,2708,566,1
3730,3423,395,0
3731,257,1223,1
3732,371,1019,1
3733,2780,947,0
3734,1113,149,1
3735,1166,924,0
3736,1084,406,1
3737,3708,1167,0
3738,963,84,1
3739,668,402,1
3740,2282,145,0
3741,564,219,0
3742,3710,1375,1
3743,1703,1307,0
3744,1004,1967,1
3745,3217,1125,1
3746,824,342,1
3747,107,2060,1
3748,1567,1349,0
3749,1634,130,1
3750,846,69,1
3751,236,517,1
3752,2896,1248,1
3753,1445,356,1
3754,1919,1607,0
3755,2784,18,1
3756,651,1708,0
3757,252,2030,0
3758,328,469,1
3759,75,638,1
3760,3716,1313,0
3761,1368,340,1
3762,1545,272,1
3763,1710,125,1
3764,309,148,1
3765,1473,8,1
3766,3719,1884,1
3767,2798,562,1
3768,183,2008,0
3769,1422,1446,1
3770,196,702,0
3771,1867,2079,0
3772,651,492,0
3773,1088,876,0
3774,3720,688,0
3775,3082,1039,0
3776,2880,1344,1
3777,141,136,1
3778,3203,86,1
3779,490,475,1
3780,3722,758,0
3781,803,1726,1
3782,3723,1290,0
3783,111,1848,0
3784,2392,538,1
3785,1662,339,1
3786,3507,757,1
3787,2118,1223,0
3788,2655,1067,0
3789,3242,1724,0
3790,1097,1669,0
3791,2489,533,0
3792,2665,1895,1
3793,1041,116,1
3794,279,296,1
3795,3479,1583,1
3796,1773,636,0
3797,501,185,1
3798,2490,974,0
3799,2287,445,0
3800,601,2081,0
3801,2149,597,1
3802,2191,2082,0
3803,1180,72,1
3804,2422,1132,1
3805,1461,136,1
3806,822,906,1
3807,2667,55,0
3808,3734,335,0
3809,2201,463,0
3810,884,1446,1
3811,512,872,1
3812,590,356,1
3813,1660,491,0
3814,141,3,1
3815,1575,339,0
3816,2787,1998,0
3817,882,1751,0
3818,3737,468,1
3819,562,1849,0
3820,3738,721,0
3821,1646,739,1
3822,2527,2074,0
3823,1817,772,1
3824,723,951,0
3825,3262,603,1
3826,3445,339,1
3827,3740,341,0
3828,3742,1309,0
3829,1086,2083,1
3830,3743,1896,0
3831,2577,1848,0
3832,954,1285,1
3833,3744,152,1
3834,3745,1097,0
3835,1611,1097,0
3836,2203,1114,0
3837,1691,202,0
3838,1848,313,0
3839,3747,638,0
3840,3748,5,1
3841,865,86,0
3842,1227,1858,0
3843,3750,711,1
3844,2261,149,0
3845,230,130,1
3846,524,1726,1
3847,1183,208,1
3848,3751,71,0
3849,3705,1977,0
3850,553,667,0
3851,1817,1236,0
3852,2817,1363,0
3853,3505,1007,0
3854,1631,621,0
3855,75,189,1
3856,3082,422,0
3857,973,1194,0
3858,2186,54,0
3859,1250,875,1
3860,3753,847,1
3861,1760,464,1
3862,1474,240,0
3863,232,818,1
3864,3298,659,1
3865,1940,1220,0
3866,103,1531,0
3867,2898,914,1
3868,1268,588,0
3869,3021,1998,0
3870,3757,906,1
3871,2336,144,1
3872,794,2053,1
3873,2432,659,1
3874,583,350,1
3875,3638,1853,1
3876,499,1997,0
3877,2610,664,1
3878,414,185,1
3879,3758,598,1
3880,907,897,0
3881,3759,694,0
3882,2527,1824,1
3883,2748,539,0
3884,1313,1922,1
3885,3761,1541,1
3886,3200,371,0
3887,3763,1781,0
3888,845,1361,0
3889,1286,757,1
3890,794,402,1
3891,2323,2087,0
3892,3767,220,1
3893,2882,834,1
3894,3069,514,0
3895,72,27,1
3896,2201,2088,0
3897,2499,2089,0
3898,435,480,1
3899,2715,694,0
3900,1730,1466,1
3901,2380,148,1
3902,1239,1469,0
3903,2226,1212,0
3904,2455,334,0
3905,1542,417,1
3906,1669,469,1
3907,1689,265,0
3908,3774,293,0
3909,583,1104,1
3910,3195,1965,0
3911,63,757,1
3912,182,951,1
3913,1531,524,0
3914,2483,1770,0
3915,746,84,1
3916,778,468,1
3917,2881,1913,0
3918,1515,810,1
3919,1623,1713,0
3920,2665,111,1
3921,3779,888,0
3922,1230,1528,0
3923,489,1501,0
3924,65,676,0
3925,371,1996,1
3926,3780,144,1
3927,1892,84,1
3928,927,869,1
3929,3781,290,1
3930,1431,54,0
3931,518,797,1
3932,2574,232,0
3933,503,1283,0
3934,668,550,1
3935,279,2029,0
3936,3785,1055,0
3937,940,524,1
3938,230,27,1
3939,1205,214,1
3940,3786,1952,0
3941,501,8,1
3942,1043,1303,0
3943,1170,1876,0
3944,2950,149,1
3945,2653,125,1
3946,888,469,1
3947,888,204,1
3948,3692,1267,0
3949,3787,620,1
3950,1144,2053,1
3951,1286,726,1
3952,3217,2091,0
3953,2105,690,1
3954,1012,63,1
3955,2320,1111,1
3956,3788,214,1
3957,483,705,1
3958,192,346,1
3959,2877,1739,1
3960,1620,771,0
3961,552,565,0
3962,3790,749,0
3963,3791,375,1
3964,1533,719,1
3965,286,293,1
3966,793,277,0
3967,942,73,1
3968,2256,932,0
3969,649,875,1
3970,2967,424,0
3971,567,983,0
3972,1686,251,1
3973,3794,204,1
3974,429,719,1
3975,428,642,1
3976,3246,692,0
3977,240,1277,0
3978,594,144,0
3979,286,496,1
3980,3530,2091,0
3981,123,638,1
3982,1085,1418,0
3983,428,460,1
3984,328,338,1
3985,576,9,0
3986,3797,211,0
3987,2042,517,0
3988,3802,514,0
3989,1279,1307,0
3990,2458,1375,0
3991,3803,638,0
3992,941,983,1
3993,1003,628,1
3994,3805,1901,1
3995,240,27,1
3996,2781,984,0
3997,1237,2093,1
3998,363,125,1
3999,3806,1324,1
4000,3807,334,1
4001,65,1180,1
4002,2579,1375,0
4003,1149,771,1
4004,3332,27,1
4005,309,3,1
4006,163,177,0
4007,647,1283,0
4008,35,147,1
4009,638,378,1
4010,3810,1388,1
4011,2808,336,0
4012,882,758,1
4013,1084,136,1
4014,3648,130,1
4015,3811,564,0
4016,3095,30,0
4017,3431,284,0
4018,3085,1437,0
4019,3126,657,0
4020,3813,566,1
4021,3797,34,0
4022,166,1968,0
4023,1210,192,1
4024,230,37,1
4025,2195,1428,1
4026,2287,1545,0
4027,3086,1694,0
4028,646,1468,1
4029,3815,174,0
4030,1159,1557,0
4031,698,2070,0
4032,488,1085,1
4033,3189,556,0
4034,153,402,1
4035,104,282,1
4036,3631,1724,0
4037,2602,410,0
4038,488,2076,1
4039,63,681,0
4040,461,610,1
4041,3242,566,0
4042,241,112,0
4043,958,835,1
4044,3113,1052,0
4045,3818,510,1
4046,862,1134,0
4047,3626,1092,1
4048,3410,1059,0
4049,526,766,1
4050,1801,85,1
4051,1696,348,0
4052,72,538,1
4053,735,375,1
4054,1686,609,1
4055,808,1722,1
4056,3820,389,1
4057,185,998,1
4058,996,1556,1
4059,1747,2082,1
4060,420,90,1
4061,3525,875,1
4062,3199,2058,0
4063,2615,108,0
4064,1469,1782,0
4065,1531,1511,1
4066,780,628,1
4067,501,278,1
4068,1078,628,1
4069,749,1340,0
4070,3830,204,1
4071,3831,507,1
4072,287,27,1
4073,371,158,1
4074,3833,472,0
4075,3645,860,0
4076,1231,271,0
4077,32,125,1
4078,2499,1103,0
4079,1073,2038,0
4080,677,1348,0
4081,864,1157,1
4082,75,8,1
4083,207,766,0
4084,388,1922,0
4085,3836,650,0
4086,777,1056,1
4087,2990,570,0
4088,3839,854,1
4089,3840,1897,1
4090,374,1241,0
4091,1893,683,0
4092,3736,1159,0
4093,2380,72,1
4094,193,189,0
4095,1459,122,1
4096,73,198,0
4097,579,15,0
4098,1288,719,0
4099,3788,1974,0
4100,2302,1379,1
4101,846,195,1
4102,3848,149,1
4103,1316,1039,0
4104,638,206,1
4105,3849,530,0
4106,2376,251,0
4107,3445,84,1
4108,1127,1216,0
4109,3850,1399,0
4110,1236,253,1
4111,2666,468,0
4112,3852,2097,0
4113,2191,148,0
4114,3853,1591,0
4115,3747,114,1
4116,1012,296,1
4117,71,1803,1
4118,1826,469,1
4119,3125,1246,0
4120,2882,737,0
4121,803,628,1
4122,582,69,1
4123,808,1359,1
4124,253,2010,0
4125,808,1053,1
4126,3202,507,1
4127,984,752,0
4128,3859,613,0
4129,1460,93,0
4130,181,27,1
4131,103,37,1
4132,638,125,1
4133,3861,218,0
4134,2897,259,1
4135,3862,468,0
4136,3064,449,0
4137,963,206,1
4138,3773,507,1
4139,3563,348,0
4140,41,849,0
4141,2688,2015,0
4142,1649,1567,0
4143,3863,1048,0
4144,1127,1180,0
4145,3630,601,0
4146,136,1950,1
4147,893,799,0
4148,846,1953,0
4149,709,1556,0
4150,654,208,0
4151,986,347,1
4152,2703,416,0
4153,1713,660,0
4154,1060,829,0
4155,124,1762,0
4156,1129,1289,1
4157,65,477,1
4158,112,1390,0
4159,3519,2058,0
4160,962,37,1
4161,607,1522,1
4162,1354,147,0
4163,1358,1092,1
4164,1207,339,1
4165,2562,148,1
4166,833,266,1
4167,3105,1030,0
4168,598,367,0
4169,989,745,1
4170,1241,1692,0
4171,3867,1618,0
4172,3531,994,0
4173,3096,72,1
4174,3446,725,1
4175,2610,276,1
4176,149,829,0
4177,3869,1208,0
4178,2857,533,0
4179,430,646,0
4180,3382,1416,0
4181,2917,841,0
4182,370,912,1
4183,3655,1942,0
4184,3807,124,0
4185,660,347,1
4186,514,884,0
4187,3871,2101,1
4188,1170,1705,0
4189,1249,1618,0
4190,1821,1689,0
4191,1682,907,0
4192,986,27,1
4193,424,417,1
4194,457,1187,0
4195,424,410,1
4196,2561,1053,0
4197,2015,356,0
4198,1474,2085,0
4199,345,1861,0
4200,518,1285,1
4201,2238,674,1
4202,1020,1869,0
4203,3437,1684,1
4204,792,339,1
4205,1651,1504,1
4206,215,130,1
4207,3550,1389,0
4208,3551,1562,1
4209,847,130,1
4210,2948,1859,0
4211,41,644,0
4212,103,837,1
4213,428,204,0
4214,165,426,1
4215,3794,1963,0
4216,65,1849,1
4217,3236,1302,0
4218,2754,43,0
4219,1401,1708,0
4220,1237,164,1
4221,144,469,1
4222,3876,1616,0
4223,915,747,0
4224,3757,1352,1
4225,10,72,1
4226,3877,338,0
4227,647,273,1
4228,1627,995,0
4229,256,1093,0
4230,2154,650,0
4231,3785,1599,0
4232,65,204,1
4233,529,1785,1
4234,638,69,1
4235,3093,704,0
4236,2729,208,1
4237,3882,675,1
4238,2104,1751,0
4239,3883,111,1
4240,1359,689,0
4241,3103,464,1
4242,1385,1778,1
4243,3335,56,1
4244,3884,906,1
4245,1078,185,1
4246,3885,1594,0
4247,1060,130,1
4248,434,550,1
4249,73,48,0
4250,696,714,0
4251,3799,149,1
4252,2154,1958,0
4253,3887,789,0
4254,1444,623,0
4255,1314,765,1
4256,1874,1263,0
4257,1889,495,0
4258,1144,875,1
4259,79,831,0
4260,2903,2012,0
4261,2271,541,0
4262,3625,1487,0
4263,3257,367,1
4264,2322,376,0
4265,3872,1315,0
4266,3702,206,1
4267,192,220,0
4268,1514,492,0
4269,993,208,1
4270,1758,63,1
4271,3890,424,0
4272,123,412,1
4273,2464,1041,0
4274,1992,1332,0
4275,3892,1998,0
4276,3738,1429,0
4277,58,84,0
4278,2021,1187,0
4279,3687,492,0
4280,1730,378,1
4281,2582,875,1
4282,1924,148,1
4283,777,140,1
4284,715,93,0
4285,7,1912,0
4286,512,975,1
4287,3340,1583,1
4288,2988,49,0
4289,2085,984,0
4290,2307,140,0
4291,3812,257,1
4292,1358,599,1
4293,3895,1359,1
4294,3217,1708,0
4295,3031,780,0
4296,529,1617,1
4297,3402,1812,0
4298,3896,2054,1
4299,2045,688,0
4300,414,998,1
4301,233,1557,0
4302,1732,1266,0
4303,2970,893,0
4304,1153,1714,0
4305,2905,927,0
4306,651,72,1
4307,710,912,1
4308,3412,2103,0
4309,1321,995,0
4310,1988,145,0
4311,127,520,0
4312,1228,1356,1
4313,2981,790,0
4314,608,538,1
4315,3165,1508,0
4316,917,830,0
4317,3901,477,0
4318,127,148,1
4319,2730,64,1
4320,3028,209,1
4321,2105,884,1
4322,1591,1878,0
4323,3903,1185,0
4324,95,63,1
4325,2007,1413,0
4326,2970,5,0
4327,1411,1348,0
4328,3905,523,0
4329,1210,628,1
4330,536,1436,0
4331,846,1363,0
4332,3298,675,0
4333,75,116,1
4334,84,1607,0
4335,3099,3,1
4336,2165,1407,0
4337,567,405,1
4338,2882,1826,0
4339,1397,925,0
4340,3908,1163,0
4341,3763,1305,0
4342,1698,1990,0
4343,492,1371,1
4344,3606,355,0
4345,978,18,1
4346,869,1411,0
4347,1092,1518,1
4348,1658,90,0
4349,1063,417,1
4350,378,2104,0
4351,2192,347,1
4352,3910,75,0
4353,1111,950,0
4354,1763,189,1
4355,536,598,1
4356,3537,1096,0
4357,1997,338,0
4358,1862,91,0
4359,3684,2082,0
4360,286,1289,1
4361,3294,1339,1
4362,3376,1676,0
4363,1250,1007,1
4364,3914,830,0
4365,1214,336,0
4366,704,1082,0
4367,3915,1943,1
4368,3293,253,1
4369,1483,1133,1
4370,3403,1705,0
4371,3037,1106,0
4372,504,974,1
4373,3240,1541,1
4374,2012,1170,0
4375,251,296,1
4376,3916,111,1
4377,1811,2105,0
4378,434,475,1
4379,1486,1398,0
4380,3918,1542,0
4381,593,1479,0
4382,559,197,1
4383,798,188,1
4384,242,1676,0
4385,2051,273,1
4386,1207,417,0
4387,2502,147,1
4388,1244,1302,0
4389,2342,380,1
4390,1565,894,0
4391,958,918,0
4392,286,1316,1
4393,3922,1133,1
4394,3924,381,0
4395,582,339,1
4396,3926,1808,0
4397,1708,1473,1
4398,1489,1557,0
4399,123,917,0
4400,646,1869,0
4401,1413,1159,0
4402,1924,378,1
4403,488,835,1
4404,3926,871,0
4405,2623,2028,0
4406,2639,941,0
4407,498,27,1
4408,916,684,1
4409,776,1042,0
4410,1177,122,0
4411,1566,507,1
4412,1031,1701,1
4413,1998,1159,0
4414,2373,515,0
4415,580,1676,0
4416,85,1918,0
4417,3383,1301,1
4418,65,1724,1
4419,2860,1852,0
4420,2030,1759,0
4421,2110,1267,0
4422,267,334,0
4423,3214,1022,0
4424,3795,1625,0
4425,512,695,1
4426,414,550,1
4427,2519,1165,0
4428,3932,1397,0
4429,2192,296,1
4430,370,1028,1
4431,535,1217,1
4432,3637,75,0
4433,2432,515,0
4434,3907,1542,0
4435,3766,950,0
4436,1003,189,1
4437,2979,664,0
4438,3877,1347,0
4439,757,1468,0
4440,843,414,0
4441,1308,464,1
4442,2382,688,0
4443,3936,356,0
4444,3937,1040,0
4445,3938,1477,0
4446,3939,1635,1
4447,3941,1175,0
4448,575,8,1
4449,517,469,1
4450,528,2066,0
4451,1972,471,0
4452,65,1045,1
4453,3943,214,1
4454,3944,327,0
4455,1749,148,1
4456,3546,1133,0
4457,3945,1901,0
4458,3217,322,1
4459,996,1770,1
4460,2585,2052,0
4461,1278,701,0
4462,3701,2087,0
4463,2980,1863,0
4464,3257,879,0
4465,1764,278,0
4466,808,1640,1
4467,3141,963,1
4468,2666,1707,0
4469,794,8,1
4470,3946,122,1
4471,836,772,1
4472,3520,1420,1
4473,1044,1541,0
4474,1593,897,1
4475,2528,823,1
4476,3948,56,1
4477,1618,356,1
4478,447,495,0
4479,3949,397,0
4480,2640,737,0
4481,126,624,0
4482,438,440,1
4483,608,378,1
4484,3754,92,1
4485,3475,962,1
4486,843,254,1
4487,39,80,1
4488,916,194,1
4489,1063,1778,1
4490,2439,405,1
4491,3952,700,0
4492,1784,148,1
4493,3953,307,1
4494,230,185,1
4495,2026,339,1
4496,731,1940,0
4497,1062,54,0
4498,2027,566,1
4499,251,1173,1
4500,3385,114,1
4501,109,1865,1
4502,2108,1270,0
4503,424,1392,0
4504,3638,950,1
4505,576,1216,1
4506,3108,1727,1
4507,2562,48,1
4508,3200,1440,0
4509,230,406,1
4510,2090,1757,0
4511,194,951,0
4512,727,148,1
4513,1032,149,1
4514,37,130,1
4515,3929,1137,1
4516,3698,503,0
4517,3546,405,1
4518,3958,1324,0
4519,3144,264,0
4520,1476,195,1
4521,52,631,1
4522,3343,1842,0
4523,65,790,1
4524,3960,2110,0
4525,712,1629,0
4526,141,339,1
4527,3070,125,1
4528,3677,375,1
4529,2017,765,0
4530,794,1283,1
4531,603,321,0
4532,35,914,1
4533,2561,2111,0
4534,2015,1781,1
4535,1083,2057,0
4536,575,37,1
4537,2133,532,0
4538,1047,620,0
4539,661,206,1
4540,1637,1679,0
4541,3144,424,0
4542,1473,1858,0
4543,2983,1289,0
4544,3966,1865,0
4545,65,1814,1
4546,2837,471,0
4547,1294,254,1
4548,888,289,1
4549,3578,714,0
4550,3967,714,0
4551,1397,1238,0
4552,165,998,1
4553,2324,1588,0
4554,3968,208,1
4555,504,1187,0
4556,1288,2099,0
4557,2877,452,0
4558,193,2002,1
4559,3429,367,1
4560,3005,588,0
4561,82,854,1
4562,1669,18,1
4563,890,92,1
4564,1703,1724,0
4565,1345,64,0
4566,2615,2114,0
4567,1127,3,1
4568,2411,182,0
4569,3973,43,0
4570,215,278,1
4571,286,994,1
4572,846,206,1
4573,149,695,0
4574,65,947,1
4575,2116,5,1
4576,286,395,1
4577,1316,1528,0
4578,674,1248,0
4579,65,1366,1
4580,272,450,0
4581,359,777,1
4582,1017,1416,0
4583,3974,86,1
4584,654,901,1
4585,618,733,1
4586,708,405,0
4587,3185,257,1
4588,1918,662,1
4589,3979,2039,0
4590,490,426,1
4591,2341,879,0
4592,286,1702,1
4593,1321,550,0
4594,3516,1083,0
4595,2535,1151,0
4596,2416,477,0
4597,665,1438,0
4598,413,1349,1
4599,794,2076,1
4600,201,2065,0
4601,1528,2089,0
4602,668,475,1
4603,1706,48,1
4604,66,144,1
4605,2417,995,0
4606,3031,2030,0
4607,1265,1092,1
4608,3984,894,1
4609,3985,405,1
4610,207,462,0
4611,1245,743,0
4612,3144,164,1
4613,962,192,1
4614,963,13,1
4615,1207,879,0
4616,1306,236,0
4617,748,705,0
4618,3987,1699,0
4619,3176,1497,0
4620,3988,924,0
4621,894,1732,1
4622,2827,296,1
4623,2144,195,0
4624,1407,296,1
4625,552,382,1
4626,214,998,0
4627,2649,691,1
4628,3818,861,0
4629,3990,208,1
4630,3421,1920,0
4631,2995,853,0
4632,3992,190,0
4633,3687,1224,0
4634,3816,1684,0
4635,1080,1540,0
4636,1308,348,0
4637,2406,489,0
4638,306,1040,0
4639,1259,722,0
4640,1092,263,1
4641,3582,1478,0
4642,36,1157,0
4643,1662,1557,0
4644,3994,722,0
4645,916,1223,1
4646,2184,2119,0
4647,2715,72,1
4648,638,260,1
4649,383,318,1
4650,790,875,0
4651,512,270,1
4652,3724,1068,0
4653,3207,816,0
4654,3998,1625,1
4655,1542,1997,1
4656,1417,76,0
4657,3999,566,1
4658,166,1040,0
4659,2212,898,0
4660,2330,480,1
4661,1444,1345,0
4662,3366,1916,0
4663,710,1808,0
4664,859,290,0
4665,2572,675,0
4666,3113,674,0
4667,3990,1349,0
4668,2791,86,1
4669,10,136,1
4670,371,952,1
4671,1936,491,1
4672,2824,562,1
4673,3089,1023,0
4674,4002,1616,0
4675,1082,927,0
4676,2478,1381,0
4677,1352,893,0
4678,4004,43,0
4679,4005,5,1
4680,3201,1160,0
4681,690,194,1
4682,3295,523,1
4683,1045,604,1
4684,4006,1198,0
4685,4007,743,0
4686,2697,1066,0
4687,504,642,1
4688,1060,37,1
4689,2381,397,0
4690,794,1349,1
4691,3582,149,1
4692,3617,1521,0
4693,3874,370,0
4694,3331,317,0
4695,3491,253,1
4696,3999,679,0
4697,1644,162,0
4698,230,8,1
4699,1400,611,0
4700,1411,111,1
4701,4010,1625,0
4702,3861,64,1
4703,2042,164,0
4704,3698,369,0
4705,512,875,1
4706,466,43,1
4707,1926,1945,0
4708,3236,986,0
4709,1291,136,1
4710,468,72,1
4711,376,699,1
4712,2649,616,0
4713,1349,959,0
4714,2129,1031,1
4715,2315,1630,0
4716,4013,273,1
4717,3389,565,1
4718,694,403,1
4719,111,381,1
4720,1054,1175,1
4721,3121,341,0
4722,230,192,1
4723,3648,1332,0
4724,1843,1156,1
4725,2956,1336,1
4726,2482,507,0
4727,4014,1092,1
4728,3480,1541,0
4729,996,989,1
4730,3306,1340,1
4731,4016,532,1
4732,3743,463,0
4733,3293,158,0
4734,848,273,1
4735,4017,58,0
4736,955,148,1
4737,590,642,1
4738,1557,624,1
4739,4019,460,1
4740,3543,149,1
4741,706,1419,0
4742,1159,786,1
4743,2378,148,1
4744,573,705,0
4745,818,1304,0
4746,620,339,1
4747,2788,1324,1
4748,153,185,1
4749,980,846,0
4750,746,147,0
4751,3629,1269,0
4752,4020,1760,0
4753,603,2122,0
4754,2501,1132,1
4755,1218,1423,0
4756,4022,1037,1
4757,4023,1793,0
4758,428,1035,1
4759,2193,194,0
4760,90,260,1
4761,1159,1007,1
4762,2379,1027,0
4763,2842,1303,0
4764,1682,998,1
4765,4025,335,0
4766,3911,1541,0
4767,4026,1821,0
4768,958,90,1
4769,3566,1717,0
4770,704,263,1
4771,3242,149,1
4772,3731,1519,0
4773,1136,1397,0
4774,964,1998,0
4775,3530,85,0
4776,3538,146,0
4777,1542,148,1
4778,2536,1371,1
4779,3751,1676,0
4780,4033,480,1
4781,3094,321,0
4782,1328,918,0
4783,2340,598,1
4784,1417,2119,1
4785,3826,583,0
4786,2808,902,0
4787,2622,1112,1
4788,3044,1477,0
4789,2757,2001,0
4790,3247,1942,1
4791,1219,1487,0
4792,434,757,1
4793,3295,1403,0
4794,1133,1770,0
4795,1950,2070,0
4796,498,125,1
4797,1932,507,1
4798,740,1007,1
4799,72,378,1
4800,4038,4,1
4801,1652,2066,0
4802,1067,24,1
4803,1021,757,1
4804,2055,1479,0
4805,3437,268,0
4806,3683,753,0
4807,3793,1325,0
4808,740,875,1
4809,4039,334,1
4810,2480,877,0
4811,2494,726,0
4812,1809,723,1
4813,10,1819,1
4814,2812,414,0
4815,646,219,1
4816,2536,1081,1
4817,3288,1770,0
4818,1119,1090,0
4819,2403,259,1
4820,1182,375,1
4821,2724,1336,0
4822,4041,495,1
4823,4042,513,0
4824,1016,1038,0
4825,1960,983,0
4826,3247,319,0
4827,2999,1156,0
4828,788,513,0
4829,345,835,1
4830,2677,3,1
4831,2221,653,1
4832,507,902,0
4833,3417,792,1
4834,1564,340,1
4835,1315,2030,1
4836,2039,1497,1
4837,938,730,1
4838,4045,2119,0
4839,2869,736,1
4840,2401,1971,0
4841,1084,339,1
4842,958,293,1
4843,4047,367,1
4844,166,550,1
4845,1412,1305,0
4846,2413,933,0
4847,1900,1163,0
4848,2000,995,0
4849,3668,862,1
4850,4049,723,0
4851,3893,2008,1
4852,133,721,0
4853,1932,1956,0
4854,1350,191,1
4855,1402,859,1
4856,3802,1254,0
4857,1900,1788,0
4858,4050,792,0
4859,1826,1027,0
4860,884,1123,1
4861,371,961,1
4862,1923,1132,1
4863,1837,339,1
4864,1299,35,0
4865,1991,464,1
4866,3944,140,1
4867,345,426,1
4868,3638,427,0
4869,1188,7,0
4870,279,2117,1
4871,1952,785,0
4872,185,37,1
4873,3740,208,1
4874,1075,402,1
4875,4052,339,0
4876,1043,941,0
4877,47,1562,0
4878,83,538,1
4879,2590,69,1
4880,2860,1807,0
4881,304,1749,1
4882,2147,1679,0
4883,144,665,0
4884,2683,2077,0
4885,4053,158,0
4886,3953,194,0
4887,2363,1694,0
4888,2041,2127,1
4889,1019,1401,1
4890,41,709,0
4891,4054,977,0
4892,1846,2129,0
4893,2420,445,0
4894,307,206,0
4895,2563,539,0
4896,2680,1692,1
4897,3874,1929,0
4898,4055,79,0
4899,734,717,0
4900,469,1782,1
4901,4057,100,1
4902,4033,2047,0
4903,3972,659,0
4904,2094,1652,0
4905,65,1242,1
4906,1473,189,1
4907,2047,112,0
4908,147,1699,0
4909,2791,403,0
4910,231,851,1
4911,2620,566,1
4912,518,1905,1
4913,1411,2114,0
4914,1837,711,1
4915,2819,1345,1
4916,1787,711,1
4917,1998,369,0
4918,3220,1067,0
4919,1380,532,1
4920,2683,638,1
4921,1981,1423,1
4922,1799,27,1
4923,335,195,1
4924,4046,782,0
4925,2030,130,0
4926,911,1194,0
4927,3475,61,1
4928,1493,100,1
4929,90,27,1
4930,2589,2065,0
4931,899,1092,0
4932,3182,620,1
4933,1252,1642,0
4934,49,638,1
4935,83,657,0
4936,2039,306,1
4937,2764,935,0
4938,833,2114,0
4939,1828,72,1
4940,3109,2057,0
4941,403,1304,0
4942,3002,2131,0
4943,915,1576,0
4944,2261,817,0
4945,2105,148,1
4946,1678,2114,0
4947,4066,100,1
4948,3144,799,0
4949,630,273,1
4950,230,136,1
4951,579,2098,0
4952,524,130,1
4953,3503,164,1
4954,3063,1310,1
4955,1303,1051,0
4956,2336,1408,0
4957,861,642,1
4958,715,702,0
4959,4067,2084,0
4960,109,1621,1
4961,2809,653,0
4962,1350,1371,1
4963,1946,1432,0
4964,1675,1685,0
4965,36,521,0
4966,2872,1624,0
4967,114,990,1
4968,13,849,1
4969,10,378,1
4970,2535,777,1
4971,3774,514,0
4972,1489,209,0
4973,1681,260,1
4974,104,1807,0
4975,848,1833,0
4976,3822,667,0
4977,916,192,1
4978,1885,1132,1
4979,1244,2133,0
4980,3901,3,1
4981,353,234,0
4982,2240,86,1
4983,1976,1584,0
4984,185,130,1
4985,3885,6,0
4986,3342,1347,0
4987,2715,253,1
4988,3680,1878,0
4989,2847,1090,0
4990,272,1285,1
4991,1956,380,1
4992,3396,1403,0
4993,3821,1290,0
4994,1666,990,1
4995,193,405,1
4996,2819,621,0
4997,982,2134,1
4998,3706,798,0
4999,469,1489,1
5000,512,1035,1
5001,2572,149,1
5002,3594,724,0
5003,1241,1842,1
5004,4070,1911,0
5005,65,1982,1
5006,1567,150,1
5007,716,3,1
5008,3294,586,0
5009,149,1857,0
5010,2393,1519,0
5011,1306,1125,0
5012,2375,231,0
5013,4071,897,0
5014,2562,565,1
5015,3951,405,1
5016,3758,583,1
5017,3579,90,1
5018,1272,806,0
5019,724,2076,1
5020,3428,817,0
5021,4073,464,1
5022,2528,1350,1
5023,808,1652,1
5024,2656,1438,0
5025,2823,1289,0
5026,1250,757,1
5027,2841,1197,0
5028,1698,206,1
5029,1561,358,1
5030,489,731,0
5031,2198,121,0
5032,3102,1493,0
5033,3812,1994,0
5034,343,8,1
5035,4,989,0
5036,728,613,0
5037,3631,1994,0
5038,3606,159,0
5039,2043,685,0
5040,2311,535,0
5041,4080,146,0
5042,312,43,0
5043,501,165,0
5044,807,921,1
5045,260,339,1
5046,948,468,1
5047,3762,18,1
5048,2639,417,1
5049,2599,469,1
5050,4082,208,1
5051,2209,1109,0
5052,3875,371,0
5053,1078,550,1
5054,4083,1413,1
5055,504,293,1
5056,3252,921,0
5057,2851,849,1
5058,1569,148,1
5059,201,1627,0
5060,1562,924,0
5061,711,615,0
5062,165,37,1
5063,2050,2042,0
5064,2416,1999,0
5065,1197,532,1
5066,220,76,0
5067,1080,327,1
5068,1198,34,0
5069,3070,541,0
5070,824,406,0
5071,1092,1595,0
5072,4087,1687,0
5073,1481,1344,1
5074,913,947,1
5075,2297,783,0
5076,1627,1588,0
5077,2614,15,0
5078,552,1589,0
5079,1165,232,1
5080,3730,783,0
5081,1724,1177,1
5082,1075,998,1
5083,3360,963,1
5084,4080,1243,0
5085,230,711,1
5086,192,932,0
5087,2610,831,1
5088,4089,219,0
5089,594,952,0
5090,777,918,1
5091,260,932,0
5092,2650,675,1
5093,4091,96,0
5094,1777,797,0
5095,3272,1675,0
5096,3957,307,0
5097,1581,1940,1
5098,894,426,1
5099,3158,405,1
5100,2860,1045,0
5101,868,603,1
5102,103,8,1
5103,449,699,0
5104,3814,124,0
5105,2186,1369,0
5106,1315,1476,0
5107,63,596,0
5108,3602,1304,0
5109,3725,1132,1
5110,1675,834,1
5111,65,513,1
5112,2119,1220,0
5113,397,854,1
5114,2297,1134,0
5115,2468,603,1
5116,3826,1880,0
5117,469,1388,1
5118,2894,2084,1
5119,21,146,0
5120,2501,38,0
5121,3031,398,0
5122,1978,801,0
5123,794,723,1
5124,851,262,1
5125,1708,133,0
5126,4099,1913,0
5127,847,628,1
5128,1723,719,1
5129,3468,1617,0
5130,1758,386,1
5131,2897,1969,0
5132,1534,1266,0
5133,524,192,1
5134,753,1702,0
5135,64,1585,1
5136,3961,334,1
5137,2571,1609,0
5138,4100,2129,0
5139,2953,1093,1
5140,1764,174,1
5141,3799,296,0
5142,582,1630,0
5143,1254,7,0
5144,3622,479,0
5145,4101,2093,0
5146,2106,85,0
5147,3396,1382,1
5148,3647,246,0
5149,355,1715,0
5150,528,1344,1
5151,3416,902,1
5152,2167,208,1
5153,956,1132,1
5154,4080,210,0
5155,3503,2030,0
5156,1728,204,0
5157,279,1469,0
5158,2517,909,0
5159,2927,489,1
5160,2422,818,0
5161,1590,892,1
5162,525,219,0
5163,1040,468,1
5164,593,1022,0
5165,3167,1447,0
5166,853,1268,0
5167,2379,144,1
5168,3954,2010,1
5169,4103,1023,1
5170,10,116,1
5171,878,1074,0
5172,323,998,1
5173,3906,705,0
5174,877,417,0
5175,4104,1692,0
5176,894,998,1
5177,2188,2136,0
5178,167,100,0
5179,1427,2085,0
5180,1220,746,0
5181,3725,464,1
5182,2882,690,1
5183,273,1,1
5184,1542,197,1
5185,2278,194,0
5186,1113,346,0
5187,3695,206,0
5188,2831,536,0
5189,3869,1794,0
5190,1798,603,1
5191,355,420,0
5192,1608,1487,0
5193,4107,92,0
5194,735,510,1
5195,1315,1913,1
5196,2897,977,0
5197,108,1336,1
5198,3597,1567,1
5199,1078,426,1
5200,304,152,0
5201,577,2082,0
5202,3723,468,1
5203,3897,562,1
5204,4110,171,0
5205,4111,1782,0
5206,2780,30,0
5207,2011,1230,0
5208,1787,282,1
5209,1734,403,0
5210,3343,1719,1
5211,3222,1309,1
5212,4113,1593,0
5213,2979,197,1
5214,748,91,0
5215,4115,1180,0
5216,3615,818,0
5217,3517,1162,0
5218,75,570,0
5219,3619,12,0
5220,712,517,0
5221,3840,148,1
5222,2524,1534,0
5223,690,192,1
5224,1210,37,1
5225,3464,375,1
5226,4117,266,1
5227,511,2141,1
5228,1075,278,1
5229,65,1123,1
5230,855,624,0
5231,2144,1838,0
5232,2539,2142,0
5233,2576,277,0
5234,3705,1180,0
5235,3531,166,1
5236,125,1504,0
5237,1889,273,1
5238,1045,315,0
5239,794,1379,1
5240,2225,1879,1
5241,4080,356,0
5242,65,17,1
5243,1797,2115,0
5244,75,402,1
5245,4120,149,1
5246,4123,1859,0
5247,397,468,1
5248,1926,1768,0
5249,1219,27,1
5250,3283,464,1
5251,1350,1888,0
5252,1481,329,1
5253,1516,148,1
5254,524,706,0
5255,4125,248,1
5256,1166,63,0
5257,694,642,1
5258,1680,208,1
5259,323,15,0
5260,3594,2001,0
5261,4126,395,0
5262,3936,266,1
5263,1751,1963,0
5264,4127,135,0
5265,4128,469,1
5266,2407,1015,0
5267,3151,1468,0
5268,1021,1006,0
5269,111,1519,0
5270,893,1643,1
5271,4043,3,1
5272,916,1644,1
5273,3884,1058,0
5274,3198,818,0
5275,2572,440,0
5276,4129,2012,0
5277,1076,2054,0
5278,1634,1726,1
5279,3295,994,1
5280,2731,1285,0
5281,4132,566,1
5282,3317,2108,1
5283,1382,689,1
5284,2212,1567,0
5285,511,780,1
5286,3677,797,0
5287,1003,550,1
5288,207,2071,0
5289,3016,148,1
5290,184,2052,1
5291,4134,524,0
5292,453,1726,1
5293,800,2097,0
5294,1590,136,1
5295,1911,562,1
5296,794,452,1
5297,1334,469,1
5298,1508,2077,0
5299,1867,350,0
5300,481,1357,0
5301,3987,405,1
5302,698,722,0
5303,3629,925,0
5304,2690,405,1
5305,192,642,1
5306,1609,149,1
5307,662,2139,1
5308,10,125,1
5309,790,494,0
5310,558,854,1
5311,2582,1480,1
5312,71,342,0
5313,453,426,1
5314,1573,869,0
5315,979,3,1
5316,924,2001,0
5317,3881,1167,0
5318,2426,100,1
5319,1053,402,1
5320,337,72,1
5321,3681,1716,0
5322,371,624,1
5323,99,882,0
5324,754,27,1
5325,606,2052,0
5326,4089,536,0
5327,3215,714,1
5328,833,1133,0
5329,207,570,1
5330,651,719,1
5331,1666,82,0
5332,236,1943,1
5333,2126,2042,0
5334,4140,1808,0
5335,2133,1656,1
5336,3606,679,0
5337,529,907,1
5338,1718,1521,1
5339,3143,458,0
5340,3782,914,1
5341,1210,185,1
5342,462,538,1
5343,1345,1709,0
5344,4142,975,1
5345,511,1585,1
5346,4143,220,1
5347,4144,1596,0
5348,1909,1488,0
5349,2724,1660,0
5350,3408,1538,0
5351,193,771,0
5352,80,754,0
5353,1289,471,1
5354,52,1648,1
5355,1916,1585,0
5356,3234,2060,0
5357,2901,648,1
5358,1313,232,1
5359,1182,562,1
5360,413,638,1
5361,3184,208,1
5362,3051,422,0
5363,3408,1316,0
5364,3341,1871,0
5365,3049,417,0
5366,2296,1715,0
5367,83,136,1
5368,1883,1423,0
5369,4146,480,1
5370,378,1543,0
5371,2347,451,0
5372,2432,1352,1
5373,4005,1871,0
5374,2109,771,0
5375,236,65,1
5376,3323,271,0
5377,2882,1635,0
5378,2249,565,1
5379,3842,594,0
5380,414,278,1
5381,3297,171,0
5382,3447,339,1
5383,2167,747,0
5384,4148,469,1
5385,2011,143,1
5386,3278,1376,0
5387,1855,1562,0
5388,400,497,0
5389,185,835,1
5390,3236,254,0
5391,559,147,1
5392,986,116,1
5393,35,538,1
5394,1427,2127,0
5395,1743,1081,0
5396,2396,1669,0
5397,3434,1945,0
5398,3611,1382,0
5399,334,293,0
5400,913,932,0
5401,286,2012,1
5402,113,2118,0
5403,4151,447,0
5404,963,231,0
5405,4153,114,1
5406,2971,984,0
5407,801,148,1
5408,1321,1351,0
5409,1769,1471,1
5410,1548,900,0
5411,2744,825,0
5412,2406,636,1
5413,2818,1351,0
5414,1533,901,0
5415,1424,2148,0
5416,820,1896,1
5417,1099,27,1
5418,4005,2148,0
5419,1566,1484,0
5420,498,339,1
5421,1798,1836,0
5422,996,1852,1
5423,2221,992,1
5424,4158,1915,0
5425,384,194,0
5426,1040,1751,0
5427,1194,914,1
5428,2440,623,0
5429,230,345,0
5430,3044,1526,0
5431,792,2009,0
5432,1427,749,0
5433,518,606,1
5434,83,69,1
5435,1883,1694,0
5436,3735,2038,0
5437,2017,2148,0
5438,4159,1454,0
5439,2011,468,1
5440,575,130,1
5441,528,339,1
5442,299,642,1
5443,600,1967,0
5444,215,185,1
5445,3998,416,0
5446,1063,823,0
5447,3446,1263,0
5448,1565,849,1
5449,3913,865,0
5450,1248,364,0
5451,1546,598,1
5452,4160,2136,0
5453,1004,1569,0
5454,1007,18,1
5455,512,236,1
5456,106,1083,0
5457,3720,80,1
5458,681,214,1
5459,291,1448,1
5460,103,278,1
5461,2581,956,0
5462,588,148,1
5463,4151,471,0
5464,4161,1912,0
5465,4129,947,1
5466,3997,469,1
5467,141,277,1
5468,741,1739,0
5469,3566,1883,0
5470,1373,516,0
5471,1495,2110,0
5472,1605,2081,0
5473,4162,148,1
5474,2953,179,0
5475,4163,1132,0
5476,1682,1723,0
5477,2512,2150,1
5478,2997,1392,0
5479,908,27,1
5480,778,1030,1
5481,2632,1429,0
5482,1445,566,1
5483,1730,206,1
5484,1366,375,1
5485,3813,1859,0
5486,4166,917,0
5487,230,426,1
5488,3566,1985,0
5489,4167,1398,0
5490,379,1578,0
5491,3487,711,1
5492,371,412,1
5493,279,353,1
5494,2276,5,1
5495,784,1935,0
5496,985,1007,1
5497,512,9,0
5498,1747,1808,0
5499,3976,597,0
5500,3030,1860,0
5501,1075,192,1
5502,3910,1350,0
5503,3464,1822,0
5504,2819,1947,1
5505,4087,2067,0
5506,2901,830,1
5507,3780,2151,0
5508,962,994,1
5509,214,1109,1
5510,1295,1591,0
5511,2051,1484,0
5512,1745,1180,0
5513,1822,339,1
5514,109,1552,1
5515,2582,657,1
5516,2691,210,0
5517,1004,753,1
5518,1069,1824,0
5519,65,2104,1
5520,208,633,0
5521,3100,1051,0
5522,1211,1530,0
5523,4172,251,0
5524,4173,1778,1
5525,3359,1630,0
5526,243,503,0
5527,2857,214,1
5528,2994,525,1
5529,2679,100,1
5530,2671,142,0
5531,72,638,1
5532,1978,1224,0
5533,776,1035,0
5534,1544,350,0
5535,2793,1748,1
5536,259,1676,0
5537,996,462,1
5538,1427,319,1
5539,1078,189,1
5540,2818,1438,0
5541,1931,111,1
5542,2318,254,1
5543,958,998,1
5544,2522,827,0
5545,161,197,0
5546,850,1340,1
5547,2630,1864,1
5548,2697,564,0
5549,4160,412,0
5550,4176,538,1
5551,606,765,0
5552,642,1380,1
5553,279,724,1
5554,2953,480,1
5555,2,1656,1
5556,2158,925,0
5557,2109,1898,0
5558,3639,492,0
5559,185,628,1
5560,3362,325,0
5561,236,125,0
5562,1686,962,1
5563,1303,990,0
5564,1084,711,1
5565,1940,148,1
5566,2224,1607,1
5567,2974,257,0
5568,760,1679,0
5569,579,64,1
5570,2279,113,0
5571,215,174,1
5572,706,1310,0
5573,191,256,0
5574,3735,1831,0
5575,1804,2148,0
5576,4179,218,0
5577,32,69,1
5578,131,1339,0
5579,2420,1170,0
5580,1920,33,0
5581,1036,185,1
5582,3666,1646,0
5583,2582,1007,1
5584,3697,767,0
5585,3819,1972,1
5586,231,1209,1
5587,4180,1310,0
5588,3143,1594,0
5589,3992,335,0
5590,843,72,1
5591,2126,69,0
5592,3391,441,0
5593,1047,86,0
5594,2620,1248,1
5595,4181,1508,0
5596,501,550,1
5597,4043,192,0
5598,3863,1031,1
5599,4182,826,0
5600,2285,177,1
5601,616,1043,0
5602,4151,1540,0
5603,3288,3,1
5604,215,1965,0
5605,2166,458,0
5606,794,1085,1
5607,4183,2142,0
5608,3868,1051,0
5609,3437,1980,1
5610,1801,2064,0
5611,4050,450,0
5612,647,1581,0
5613,385,8,1
5614,286,178,0
5615,3836,562,1
5616,4184,1584,0
5617,3429,1507,0
5618,414,130,1
5619,4121,337,0
5620,3240,1208,1
5621,1912,1953,0
5622,1144,1511,1
5623,2589,894,0
5624,859,1798,0
5625,1630,420,0
5626,2287,1621,0
5627,2972,148,1
5628,3824,1096,0
5629,1644,949,0
5630,1031,733,1
5631,3685,780,0
5632,606,1674,0
5633,1328,1640,0
5634,690,426,1
5635,3809,562,1
5636,1662,116,1
5637,3013,2024,0
5638,3471,181,1
5639,3306,8,0
5640,2073,524,1
5641,1249,130,0
5642,91,606,0
5643,539,1101,0
5644,770,296,1
5645,512,1081,1
5646,672,541,0
5647,307,1051,0
5648,595,189,1
5649,4188,859,1
5650,185,90,1
5651,32,339,1
5652,3920,1466,0
5653,690,998,1
5654,3685,1982,0
5655,803,998,1
5656,2675,1479,0
5657,808,1838,1
5658,1483,1585,0
5659,3068,771,0
5660,659,147,1
5661,109,2013,1
5662,20,240,1
5663,3998,1469,0
5664,153,550,1
5665,3809,136,0
5666,3326,2136,0
5667,2548,203,0
5668,2907,1324,1
5669,4064,1942,0
5670,3719,941,1
5671,2084,435,0
5672,466,1327,1
5673,4189,1534,0
5674,1218,1583,1
5675,1031,91,0
5676,3934,381,1
5677,65,787,1
5678,640,38,1
5679,1698,195,1
5680,287,148,1
5681,103,308,0
5682,2367,141,0
5683,874,923,0
5684,610,1871,0
5685,794,550,1
5686,3300,366,0
5687,4190,149,1
5688,1728,17,0
5689,493,159,1
5690,3699,772,0
5691,2039,857,0
5692,413,914,1
5693,10,876,1
5694,759,827,0
5695,3528,906,0
5696,2615,701,0
5697,56,99,0
5698,1399,565,1
5699,1830,892,0
5700,15,1141,0
5701,1956,398,0
5702,1053,189,1
5703,3054,675,1
5704,1237,124,1
5705,2085,439,0
5706,1923,274,0
5707,1727,1884,0
5708,2528,1533,1
5709,3026,749,1
5710,65,1994,1
5711,2502,1089,0
5712,583,165,0
5713,2731,149,1
5714,1023,130,0
5715,2562,1783,1
5716,2952,1879,1
5717,788,735,0
5718,103,1456,0
5719,487,674,0
5720,90,69,1
5721,472,1659,1
5722,4194,675,1
5723,3700,284,0
5724,2725,1236,1
5725,199,195,0
5726,1747,1052,1
5727,2828,185,0
5728,3951,201,0
5729,4197,2088,0
5730,794,392,1
5731,649,1007,1
5732,1680,1,0
5733,4198,1537,0
5734,752,653,1
5735,2878,1224,0
5736,1891,752,0
5737,1729,1859,0
5738,2965,1339,0
5739,1637,1325,0
5740,103,194,1
5741,3202,499,0
5742,4201,1907,0
5743,2703,1569,0
5744,3914,380,0
5745,2957,1058,0
5746,3773,1633,0
5747,113,1901,1
5748,85,2029,1
5749,4144,2028,0
5750,3911,479,1
5751,2320,514,0
5752,3557,1393,0
5753,4067,608,0
5754,1294,3,1
5755,4204,2018,0
5756,3168,861,0
5757,611,334,0
5758,1210,189,1
5759,3505,5,1
5760,2494,771,0
5761,2131,1947,0
5762,2193,253,1
5763,4161,1759,0
5764,286,412,1
5765,3562,1407,0
5766,820,135,1
5767,1944,746,1
5768,2639,1517,0
5769,3537,1935,0
5770,2987,480,1
5771,2548,1621,1
5772,3294,2067,0
5773,2450,64,0
5774,1831,0,0
5775,3936,1413,1
5776,993,917,0
5777,794,1897,1
5778,3338,1894,0
5779,1115,114,0
5780,35,260,1
5781,731,588,0
5782,4159,865,0
5783,134,130,0
5784,4206,1725,1
5785,277,924,0
5786,3681,1902,0
5787,1561,909,1
5788,2439,1482,0
5789,188,26,0
5790,90,711,1
5791,2190,566,1
5792,3201,796,0
5793,567,1619,0
5794,1728,308,0
5795,523,469,1
5796,311,757,1
5797,4209,1028,0
5798,1338,1749,0
5799,3352,290,1
5800,962,901,1
5801,233,1944,0
5802,3536,257,1
5803,3170,1864,0
5804,3602,1163,0
5805,1053,550,1
5806,264,1541,1
5807,2249,1517,0
5808,107,719,0
5809,820,1956,0
5810,466,984,1
5811,1489,1604,0
5812,434,1007,1
5813,309,195,1
5814,1270,1726,0
5815,2130,424,1
5816,4213,469,1
5817,328,125,1
5818,1135,1013,1
5819,3786,2020,0
5820,3208,100,1
5821,4214,1774,0
5822,4215,941,0
5823,1944,772,1
5824,3122,92,1
5825,1181,206,1
5826,610,1351,1
5827,1909,1850,0
5828,949,568,1
5829,75,628,1
5830,3944,1787,0
5831,3890,263,1
5832,1054,72,1
5833,558,568,0
5834,2000,1544,1
5835,1279,872,0
5836,4216,296,1
5837,4217,1274,0
5838,1099,148,1
5839,2036,2153,0
5840,3824,416,0
5841,1763,194,1
5842,783,194,0
5843,583,743,1
5844,454,817,0
5845,2805,605,0
5846,472,1167,0
5847,2499,1007,0
5848,776,148,1
5849,2859,761,0
5850,576,144,1
5851,1289,2060,0
5852,231,2066,0
5853,4157,13,0
5854,1117,426,1
5855,3236,1221,0
5856,1724,1901,1
5857,3075,1158,0
5858,704,156,1
5859,2404,1518,0
5860,2688,1935,0
5861,243,1336,0
5862,401,222,0
5863,3644,1304,1
5864,1329,3,1
5865,1508,849,0
5866,1060,8,1
5867,2068,417,1
5868,3525,525,1
5869,1819,405,1
5870,251,148,1
5871,1667,1729,0
5872,337,1670,1
5873,3916,711,0
5874,3180,736,0
5875,482,1151,0
5876,4162,339,1
5877,2648,350,0
5878,1079,771,0
5879,570,203,0
5880,2183,465,1
5881,4221,1160,1
5882,4190,1589,0
5883,4053,422,0
5884,3518,191,0
5885,1437,675,1
5886,272,403,0
5887,166,194,1
5888,2865,259,1
5889,1567,58,1
5890,2436,1266,0
5891,2821,1553,0
5892,4046,469,1
5893,4223,1380,1
5894,716,638,1
5895,4225,334,1
5896,2372,149,1
5897,3072,711,1
5898,1589,1351,0
5899,1132,1956,0
5900,1940,125,1
5901,1604,1185,0
5902,640,1963,0
5903,1828,253,1
5904,49,260,1
5905,2107,83,0
5906,103,402,1
5907,846,260,1
5908,107,1582,1
5909,3471,3,1
5910,4226,1562,0
5911,893,927,1
5912,2296,909,0
5913,858,148,1
5914,4227,479,1
5915,2481,152,1
5916,1612,1483,0
5917,2404,1375,1
5918,92,1031,0
5919,3070,342,0
5920,690,402,1
5921,1502,208,1
5922,3208,912,0
5923,4230,1371,0
5924,2590,471,0
5925,4231,1348,0
5926,558,3,1
5927,2105,2083,1
5928,3979,375,1
5929,2509,1724,0
5930,2925,792,0
5931,1394,148,1
5932,1437,1958,0
5933,3983,841,0
5934,2660,923,0
5935,1063,1651,1
5936,2563,1159,0
5937,3408,1675,1
5938,1575,803,0
5939,558,865,1
5940,147,475,0
5941,3487,178,0
5942,832,268,1
5943,375,2056,0
5944,4234,1352,0
5945,512,1759,0
5946,55,1380,1
5947,1309,1845,0
5948,2694,648,0
5949,1728,1108,0
5950,1533,262,1
5951,3783,100,1
5952,1976,266,1
5953,2451,1675,1
5954,3927,477,0
5955,309,125,1
5956,3491,831,0
5957,1589,306,0
5958,400,404,0
5959,3406,481,0
5960,1691,659,1
5961,962,566,1
5962,1701,480,1
5963,4237,371,0
5964,1220,1462,1
5965,2528,190,1
5966,3205,1015,0
5967,1219,538,1
5968,1363,1876,1
5969,3252,1103,0
5970,4238,914,0
5971,345,185,1
5972,1471,378,0
5973,1842,1285,1
5974,3548,1400,0
5975,185,194,1
5976,883,125,1
5977,1219,876,1
5978,2444,694,0
5979,83,147,1
5980,3932,1428,1
5981,1612,148,1
5982,2285,2024,0
5983,4239,124,0
5984,1165,694,1
5985,3274,603,1
5986,466,2139,1
5987,1914,149,1
5988,1800,460,0
5989,727,1645,1
5990,3463,565,0
5991,694,1980,0
5992,1382,849,1
5993,1403,417,1
5994,3281,1793,0
5995,588,504,0
5996,3672,450,0
5997,899,171,1
5998,1294,125,1
5999,2665,184,1
6000,431,616,1
6001,3994,648,1
6002,4179,206,1
6003,3161,849,0
6004,916,944,1
6005,4241,1526,0
6006,872,260,0
6007,3028,1435,0
6008,2154,690,0
6009,512,347,1
6010,2653,55,1
6011,908,206,1
6012,1042,1125,0
6013,3033,2084,0
6014,453,402,1
6015,141,206,1
6016,3099,2139,0
6017,3980,1447,0
6018,181,148,1
6019,1384,1576,0
6020,65,1392,1
6021,4118,1109,0
6022,274,198,0
6023,2627,1303,0
6024,205,206,1
6025,107,1500,1
6026,1314,85,1
6027,2446,894,0
6028,1760,1271,0
6029,1004,1622,1
6030,3454,79,0
6031,1170,148,1
6032,3751,195,1
6033,3209,480,1
6034,1173,206,1
6035,1948,307,1
6036,1159,272,0
6037,3145,1719,1
6038,3977,259,0
6039,2426,701,0
6040,1063,792,1
6041,893,370,1
6042,843,876,1
6043,3094,865,0
6044,3546,1164,0
6045,2889,100,1
6046,1609,100,0
6047,1637,1140,1
6048,1556,1974,0
6049,1248,616,0
6050,1988,2006,0
6051,306,2115,0
6052,1648,1119,0
6053,3447,1732,1
6054,1053,8,1
6055,3246,1102,0
6056,422,1221,0
6057,2980,2013,0
6058,950,339,1
6059,1843,1543,1
6060,3030,1471,1
6061,2881,1041,0
6062,2138,1446,1
6063,3047,1748,0
6064,1410,1285,1
6065,1634,37,1
6066,1924,1090,0
6067,2691,565,1
6068,3134,566,1
6069,1314,1047,1
6070,3270,251,0
6071,1023,1335,0
6072,3759,1508,0
6073,3398,1508,0
6074,734,1248,1
6075,3489,2119,0
6076,4251,1897,0
6077,1701,1267,0
6078,1931,146,0
6079,2864,334,1
6080,103,348,1
6081,4252,2007,0
6082,3223,380,1
6083,3781,2093,0
6084,488,313,1
6085,73,594,0
6086,416,90,0
6087,1265,1991,1
6088,3198,1615,1
6089,3484,83,1
6090,3044,1246,0
6091,262,688,0
6092,182,2116,1
6093,2214,405,1
6094,166,1726,1
6095,472,231,0
6096,2627,149,1
6097,642,84,1
6098,2282,496,0
6099,2422,65,0
6100,3785,573,0
6101,4254,152,1
6102,3153,2053,0
6103,4147,100,1
6104,2284,171,0
6105,847,189,1
6106,2365,2058,0
6107,2393,1040,0
6108,1634,550,1
6109,3785,375,1
6110,0,975,0
6111,2209,121,0
6112,512,1269,0
6113,1132,1254,0
6114,74,1963,1
6115,2853,1501,0
6116,1960,208,1
6117,371,337,1
6118,1219,642,1
6119,4256,1526,0
6120,4257,599,0
6121,1368,1420,1
6122,2458,111,1
6123,1219,206,1
6124,1602,2087,0
6125,4259,80,1
6126,4260,216,0
6127,3572,2057,1
6128,343,189,1
6129,2488,17,0
6130,967,1986,1
6131,1082,690,1
6132,3028,1012,0
6133,65,600,1
6134,4260,2089,0
6135,1053,185,1
6136,1031,632,1
6137,1312,147,1
6138,3872,906,0
6139,2689,1392,0
6140,1508,1480,1
6141,1601,56,1
6142,1275,258,0
6143,2302,1372,1
6144,44,278,1
6145,4067,149,1
6146,1837,147,1
6147,2964,1621,0
6148,2920,1517,0
6149,1313,1945,1
6150,1708,1760,0
6151,3121,2047,1
6152,628,259,1
6153,1565,667,1
6154,1542,147,1
6155,2076,1454,0
6156,652,1040,0
6157,688,877,0
6158,371,754,0
6159,950,1656,0
6160,1759,397,1
6161,947,675,0
6162,1219,937,0
6163,1007,2076,1
6164,1244,37,1
6165,3047,334,1
6166,147,925,0
6167,4262,778,1
6168,1075,189,1
6169,2903,840,0
6170,2548,1707,0
6171,2323,273,1
6172,290,1552,0
6173,2400,937,0
6174,1078,192,1
6175,958,402,1
6176,75,711,1
6177,2294,148,1
6178,815,675,0
6179,4263,72,1
6180,558,827,1
6181,894,130,1
6182,715,469,1
6183,279,1709,1
6184,2853,933,0
6185,660,1699,0
6186,1465,1622,1
6187,4034,2156,0
6188,4208,856,0
6189,338,854,1
6190,3285,934,0
6191,1373,1435,0
6192,2901,168,1
6193,3170,208,1
6194,3066,58,0
6195,3480,171,0
6196,1679,525,1
6197,65,1858,1
6198,4264,1471,1
6199,1806,1798,0
6200,1792,1968,0
6201,470,1093,1
6202,4054,1040,1
6203,916,148,1
6204,3054,318,0
6205,2209,914,0
6206,578,296,1
6207,501,189,1
6208,1905,1666,0
6209,2322,417,1
6210,3278,1757,0
6211,735,321,1
6212,719,1918,0
6213,3226,1808,0
6214,3295,638,1
6215,35,55,1
6216,4186,1982,0
6217,1846,75,0
6218,2585,1380,0
6219,4265,1448,0
6220,4266,610,1
6221,4065,412,0
6222,528,750,0
6223,1053,998,1
6224,2056,694,0
6225,356,1133,1
6226,1113,1445,0
6227,1265,746,1
6228,65,2098,1
6229,815,786,0
6230,850,1923,0
6231,820,992,0
6232,500,963,1
6233,192,1305,1
6234,75,378,1
6235,4267,100,1
6236,769,1450,0
6237,3500,847,1
6238,2166,133,0
6239,2214,424,0
6240,692,262,1
6241,371,1272,1
6242,2324,1694,0
6243,461,1007,0
6244,709,1190,0
6245,3906,435,0
6246,1345,653,1
6247,2406,1454,0
6248,4268,140,1
6249,4169,1632,1
6250,1214,1495,0
6251,649,479,1
6252,808,861,0
6253,883,148,1
6254,577,911,1
6255,2165,1958,0
6256,511,730,1
6257,65,691,1
6258,3742,378,0
6259,888,2155,1
6260,1279,204,1
6261,2136,2015,0
6262,950,84,1
6263,554,1997,0
6264,1718,473,0
6265,2244,1248,1
6266,4198,2012,0
6267,414,8,1
6268,4151,655,1
6269,2582,1371,1
6270,2010,1063,0
6271,512,410,1
6272,3256,1633,1
6273,847,37,1
6274,958,1114,0
6275,3042,1220,0
6276,480,265,0
6277,595,998,1
6278,3815,83,0
6279,3526,1955,0
6280,1116,934,0
6281,182,1757,1
6282,4023,1869,0
6283,1354,1489,0
6284,3591,1419,0
6285,618,13,1
6286,3518,149,1
6287,2184,638,1
6288,2446,797,0
6289,231,918,0
6290,1075,8,1
6291,238,1418,0
6292,3806,1339,1
6293,892,37,1
6294,2354,1880,0
6295,3721,100,1
6296,279,956,0
6297,1377,778,1
6298,2948,1857,0
6299,4033,100,0
6300,102,556,0
6301,550,502,0
6302,434,189,1
6303,465,883,1
6304,1478,1863,0
6305,884,1707,1
6306,1025,339,1
6307,3542,690,1
6308,116,504,0
6309,819,2159,0
6310,727,1053,0
6311,2176,1769,0
6312,4041,611,0
6313,2797,1822,0
6314,1299,1869,0
6315,3227,397,1
6316,2543,2012,0
6317,3099,166,0
6318,1964,1553,0
6319,3750,219,0
6320,2901,1,1
6321,3276,148,1
6322,3603,201,0
6323,524,185,1
6324,1187,1133,1
6325,3965,125,1
6326,4278,1529,0
6327,808,504,1
6328,309,538,1
6329,3641,2136,0
6330,1842,1111,1
6331,803,194,1
6332,1427,775,0
6333,2104,59,0
6334,780,194,1
6335,1537,1397,0
6336,1021,148,1
6337,43,1466,0
6338,3277,223,0
6339,345,412,1
6340,2936,1197,0
6341,3163,1335,0
6342,526,148,1
6343,913,1899,1
6344,76,854,1
6345,104,876,1
6346,428,467,0
6347,1389,3,1
6348,230,277,1
6349,1424,578,0
6350,3242,2116,0
6351,3375,412,0
6352,1872,1618,0
6353,1023,1723,0
6354,3176,507,1
6355,2160,605,0
6356,1663,1599,0
6357,261,2088,0
6358,4229,350,1
6359,3824,2110,1
6360,284,148,1
6361,259,847,1
6362,3789,26,1
6363,1144,1007,1
6364,4160,144,0
6365,2525,538,1
6366,3879,412,0
6367,3872,771,1
6368,1077,4,0
6369,1698,435,0
6370,2828,1315,0
6371,1978,100,1
6372,4283,382,0
6373,134,27,1
6374,800,1891,0
6375,288,479,1
6376,2269,862,0
6377,1614,1470,0
6378,931,412,1
6379,916,278,1
6380,1822,69,1
6381,2149,1006,1
6382,2838,1793,0
6383,1023,1585,0
6384,2713,1356,1
6385,106,184,0
6386,1847,1217,0
6387,3289,916,0
6388,794,2111,1
6389,370,1185,0
6390,3412,1448,0
6391,1901,1918,1
6392,1905,2118,0
6393,3966,1051,1
6394,4201,284,0
6395,155,1848,0
6396,1468,843,0
6397,1883,1248,0
6398,2947,675,1
6399,1690,1102,0
6400,716,1423,0
6401,4286,204,1
6402,4287,149,1
6403,882,1822,0
6404,606,150,0
6405,311,1175,1
6406,4289,141,0
6407,668,1037,0
6408,969,1932,0
6409,818,1167,0
6410,1940,516,0
6411,3093,1142,0
6412,3681,1537,0
6413,709,1878,0
6414,3689,1465,0
6415,1473,550,1
6416,1201,149,0
6417,1995,1589,0
6418,472,2031,1
6419,15,147,1
6420,286,90,1
6421,55,197,1
6422,185,426,1
6423,1475,1708,0
6424,3148,949,0
6425,869,1445,0
6426,2157,2007,1
6427,962,412,1
6428,3093,984,0
6429,2011,1667,1
6430,2225,932,0
6431,963,538,1
6432,3892,469,1
6433,434,278,1
6434,337,492,1
6435,2525,195,1
6436,2047,565,1
6437,1003,933,0
6438,1565,2007,0
6439,279,417,1
6440,592,975,0
6441,3556,253,1
6442,518,1345,0
6443,3437,1469,0
6444,690,130,1
6445,4107,1192,0
6446,626,1759,0
6447,4103,1369,1
6448,1712,1432,0
6449,3486,695,0
6450,887,1345,0
6451,1394,1680,0
6452,3939,1685,0
6453,4295,610,1
6454,52,556,1
6455,1116,2078,0
6456,188,1651,0
6457,3490,566,1
6458,982,674,1
6459,3121,149,1
6460,622,1719,1
6461,147,1089,0
6462,668,1726,1
6463,3354,2002,0
6464,2831,1419,0
6465,2931,562,1
6466,2837,554,0
6467,2950,1828,0
6468,2122,1593,0
6469,3431,1441,0
6470,333,750,0
6471,1417,780,0
6472,1039,739,1
6473,3769,1106,0
6474,3670,1538,0
6475,973,1323,0
6476,1394,827,0
6477,3836,701,0
6478,803,278,1
6479,681,533,0
6480,1294,147,1
6481,104,260,1
6482,3635,2099,0
6483,2458,1191,0
6484,3379,206,0
6485,106,2024,0
6486,1337,2161,0
6487,2667,2075,0
6488,511,2162,1
6489,2861,409,0
6490,3621,274,0
6491,53,1864,0
6492,776,1446,1
6493,2813,706,0
6494,4300,690,1
6495,3446,525,1
6496,4205,1293,0
6497,1732,263,1
6498,741,792,1
6499,3295,148,1
6500,1007,400,1
6501,959,514,0
6502,2282,116,1
6503,1550,149,1
6504,3472,140,1
6505,3492,562,1
6506,2399,1915,0
6507,2817,841,0
6508,3437,355,1
6509,2014,218,1
6510,2771,937,0
6511,1194,1995,0
6512,387,1132,1
6513,1031,1095,0
6514,286,941,0
6515,141,125,1
6516,370,2163,1
6517,3148,1790,0
6518,3342,2142,0
6519,1036,37,1
6520,2965,1375,1
6521,4301,934,0
6522,1315,1416,1
6523,75,147,1
6524,3973,403,1
6525,952,1417,0
6526,1655,410,0
6527,590,479,1
6528,3680,364,1
6529,563,562,1
6530,4010,1522,0
6531,2621,251,0
6532,1538,111,1
6533,453,130,1
6534,3122,271,0
6535,3107,168,0
6536,512,1072,0
6537,430,517,0
6538,894,37,1
6539,815,1583,0
6540,1401,719,1
6541,911,452,1
6542,2971,1413,1
6543,1063,15,1
6544,3286,1018,0
6545,2948,480,0
6546,108,626,0
6547,1216,1853,0
6548,4089,366,0
6549,4117,1420,0
6550,2086,2059,1
6551,154,1689,0
6552,518,303,1
6553,3062,801,0
6554,345,726,1
6555,1637,58,0
6556,1888,653,1
6557,3557,171,0
6558,335,116,1
6559,4225,683,0
6560,1024,148,1
6561,3596,114,1
6562,2146,949,0
6563,2316,632,1
6564,962,1268,0
6565,3855,825,0
6566,483,414,1
6567,2825,911,0
6568,44,1620,0
6569,2610,1519,1
6570,356,1783,0
6571,3770,282,1
6572,1923,110,0
6573,1585,1162,0
6574,3843,821,0
6575,2474,507,0
6576,3594,836,0
6577,1252,319,0
6578,4302,34,0
6579,1358,1110,0
6580,602,570,0
6581,2473,720,0
6582,2920,386,0
6583,91,144,1
6584,1646,232,1
6585,2780,2156,0
6586,867,0,0
6587,51,1944,0
6588,141,147,1
6589,2038,325,0
6590,2322,403,1
6591,3414,1773,0
6592,3245,1332,0
6593,2590,339,1
6594,3383,892,0
6595,4107,1436,0
6596,1940,1289,0
6597,414,208,1
6598,1807,108,1
6599,239,1190,0
6600,790,2151,0
6601,886,1030,1
6602,1561,1313,1
6603,2370,1280,0
6604,3234,765,0
6605,29,747,0
6606,2105,694,1
6607,1732,850,1
6608,1345,925,0
6609,83,339,1
6610,1043,1272,0
6611,192,1732,1
6612,65,1122,1
6613,4302,818,0
6614,1210,426,1
6615,2519,135,0
6616,2358,624,0
6617,472,2148,1
6618,1581,346,1
6619,1751,140,1
6620,2499,257,1
6621,1607,1377,0
6622,65,1508,1
6623,211,8,1
6624,1842,83,1
6625,3552,1081,0
6626,4306,1800,0
6627,2653,2082,0
6628,4026,1905,0
6629,668,130,1
6630,4307,469,1
6631,884,513,1
6632,3278,603,1
6633,4308,1995,1
6634,3209,1093,1
6635,1073,1896,0
6636,3688,1725,0
6637,4309,1164,0
6638,2789,480,1
6639,3699,1359,0
6640,230,628,1
6641,3041,1375,1
6642,3932,1407,0
6643,559,339,1
6644,1894,1694,0
6645,2634,685,0
6646,57,1357,0
6647,32,148,1
6648,279,872,1
6649,2068,792,1
6650,1453,375,1
6651,2838,737,0
6652,4311,1836,0
6653,2087,1422,1
6654,2214,1028,1
6655,2230,1888,0
6656,3333,906,1
6657,1681,206,1
6658,3259,2053,0
6659,230,55,1
6660,580,1923,0
6661,1732,1167,1
6662,752,893,0
6663,149,1953,0
6664,1531,148,1
6665,160,1585,0
6666,803,192,1
6667,2819,2006,0
6668,1560,724,1
6669,927,950,0
6670,1294,84,1
6671,2676,439,0
6672,1363,1540,0
6673,236,1508,1
6674,526,2015,1
6675,371,949,1
6676,1021,1446,1
6677,4164,665,0
6678,4019,468,1
6679,32,282,1
6680,801,1007,1
6681,147,1185,1
6682,1924,538,1
6683,2095,1347,0
6684,155,1957,0
6685,1894,1200,0
6686,2896,801,0
6687,1336,2108,1
6688,4176,195,1
6689,846,1433,0
6690,3052,496,0
6691,1727,1985,0
6692,3004,1167,1
6693,1213,2134,0
6694,338,607,0
6695,4313,676,0
6696,335,296,1
6697,892,402,1
6698,2639,792,1
6699,242,903,0
6700,2869,525,0
6701,580,520,0
6702,4278,96,0
6703,2933,375,1
6704,1565,689,1
6705,4316,56,0
6706,2307,541,0
6707,3934,877,0
6708,529,2103,1
6709,107,34,1
6710,3480,12,1
6711,2583,901,0
6712,512,1942,0
6713,558,339,1
6714,1124,72,1
6715,912,1967,0
6716,1019,1778,1
6717,700,847,1
6718,58,164,1
6719,409,130,1
6720,651,875,1
6721,103,1018,1
6722,1465,1751,0
6723,286,1379,1
6724,1076,2020,0
6725,3287,1727,0
6726,2834,1301,0
6727,215,998,1
6728,3799,5,0
6729,2317,1462,1
6730,230,254,1
6731,2404,894,0
6732,2297,37,1
6733,3754,2165,0
6734,261,66,0
6735,3444,1529,0
6736,4318,307,1
6737,2495,1689,0
6738,1165,72,1
6739,595,550,1
6740,1196,1732,0
6741,2536,1119,1
6742,266,149,0
6743,2751,1180,0
6744,927,708,0
6745,482,322,1
6746,3515,1041,0
6747,4019,765,0
6748,1348,1371,1
6749,211,37,1
6750,345,628,1
6751,3867,992,0
6752,958,628,1
6753,4061,2117,0
6754,973,1265,1
6755,2436,2045,1
6756,181,1907,0
6757,65,1446,1
6758,4158,1725,1
6759,3060,1821,0
6760,986,523,1
6761,3553,27,1
6762,83,84,1
6763,2216,1177,0
6764,498,136,1
6765,642,69,1
6766,211,628,1
6767,4319,598,1
6768,4123,1876,0
6769,1139,1380,1
6770,89,375,1
6771,2963,1701,0
6772,1219,2133,0
6773,333,2097,0
6774,2581,1672,0
6775,1662,1997,1
6776,1063,1167,1
6777,3214,1900,1
6778,1386,18,1
6779,290,1023,1
6780,488,148,1
6781,1837,84,1
6782,4005,1051,0
6783,2104,1982,0
6784,570,793,0
6785,1063,1798,1
6786,1219,125,1
6787,1964,603,0
6788,3901,63,1
6789,1552,977,1
6790,646,262,1
6791,17,736,0
6792,2446,116,1
6793,2238,1085,0
6794,2865,1942,0
6795,414,1702,1
6796,4265,1708,0
6797,1186,78,0
6798,2948,1963,0
6799,667,207,0
6800,1686,61,1
6801,457,100,1
6802,1687,887,0
6803,2245,1683,0
6804,3182,215,0
6805,1298,208,1
6806,1903,342,0
6807,517,412,0
6808,4233,2129,0
6809,2378,206,1
6810,3629,554,0
6811,616,82,0
6812,472,514,1
6813,2979,148,1
6814,3644,1913,0
6815,2683,479,1
6816,336,149,1
6817,204,835,0
6818,4127,597,0
6819,3647,146,0
6820,3335,266,1
6821,1312,197,1
6822,479,1556,0
6823,1929,648,0
6824,3602,1604,0
6825,2392,206,1
6826,2712,1778,1
6827,3619,963,1
6828,1687,694,0
6829,215,402,1
6830,3644,165,0
6831,103,426,1
6832,757,1883,1
6833,2115,148,1
6834,3088,1637,0
6835,57,148,1
6836,3122,1165,0
6837,3647,1997,0
6838,323,228,0
6839,638,116,1
6840,4332,1108,0
6841,2812,565,1
6842,958,278,1
6843,511,1750,1
6844,638,148,1
6845,4079,1922,0
6846,511,1995,1
6847,2294,1995,0
6848,2154,1947,0
6849,847,8,1
6850,3169,888,0
6851,982,1220,1
6852,2672,253,1
6853,167,1529,0
6854,1385,565,1
6855,3274,817,0
6856,955,597,0
6857,1018,198,0
6858,2852,85,0
6859,2830,445,0
6860,1544,445,0
6861,3547,1864,0
6862,3687,1879,1
6863,3643,258,0
6864,3720,405,1
6865,2498,690,0
6866,3134,1684,0
6867,0,143,0
6868,4132,1918,0
6869,1367,1824,1
6870,2027,1248,1
6871,35,3,1
6872,2980,148,1
6873,3646,1305,0
6874,3903,1040,1
6875,3013,197,0
6876,561,1407,0
6877,3006,381,1
6878,2382,879,0
6879,2112,859,0
6880,1863,1850,0
6881,543,1511,0
6882,3511,1185,0
6883,2528,1049,1
6884,2864,690,0
6885,2657,834,0
6886,1086,1863,1
6887,715,733,1
6888,564,256,0
6889,316,256,0
6890,540,58,1
6891,251,733,1
6892,345,194,1
6893,63,1446,1
6894,3984,27,0
6895,2746,1707,0
6896,3704,1069,0
6897,3687,1384,0
6898,451,34,0
6899,2562,642,1
6900,370,1482,1
6901,1919,2057,0
6902,1027,683,1
6903,1003,426,1
6904,1476,27,1
6905,1100,1469,0
6906,333,469,1
6907,3680,72,1
6908,3229,2105,1
6909,105,148,1
6910,1405,566,1
6911,273,168,1
6912,4341,1090,0
6913,2996,1715,1
6914,1343,1702,0
6915,2906,656,1
6916,2974,906,0
6917,1708,319,1
6918,1983,178,1
6919,212,1104,0
6920,744,349,0
6921,3716,464,1
6922,4342,208,1
6923,4315,524,0
6924,796,2113,1
6925,411,1006,0
6926,2557,1654,1
6927,540,1863,0
6928,3430,177,1
6929,37,550,1
6930,4343,380,1
6931,3948,1504,0
6932,681,231,0
6933,1007,1640,0
6934,813,865,1
6935,595,192,1
6936,4118,350,0
6937,4290,440,0
6938,721,469,1
6939,2482,2087,0
6940,3653,1241,0
6941,3347,911,0
6942,1198,830,1
6943,2346,208,1
6944,982,834,1
6945,4112,636,0
6946,2925,214,1
6947,1963,64,1
6948,383,667,1
6949,3563,327,0
6950,3537,2059,0
6951,188,116,1
6952,35,195,1
6953,3283,1132,1
6954,816,1562,1
6955,3148,165,0
6956,13,148,1
6957,1963,468,1
6958,2095,679,1
6959,801,273,1
6960,4339,914,0
6961,409,1173,1
6962,590,566,1
6963,1940,136,1
6964,35,339,1
6965,1063,1982,1
6966,4347,1420,0
6967,2256,757,1
6968,1729,92,1
6969,4262,2057,0
6970,740,786,1
6971,76,147,1
6972,4115,370,0
6973,1129,1996,1
6974,3487,339,1
6975,3516,1701,0
6976,1682,185,1
6977,4227,742,0
6978,3859,565,1
6979,850,859,0
6980,65,1198,1
6981,595,402,1
6982,1936,63,1
6983,1455,356,1
6984,2770,1569,0
6985,2455,1880,0
6986,2590,84,1
6987,1213,524,0
6988,3394,253,1
6989,205,538,1
6990,1194,956,0
6991,3195,76,0
6992,2147,977,0
6993,279,1081,1
6994,284,1480,0
6995,4237,610,1
6996,732,168,1
6997,3295,726,1
6998,3831,81,0
6999,2324,711,0
7000,1227,64,1
7001,4352,522,1
7002,3821,1209,0
7003,4179,190,0
7004,23,148,1
7005,3658,1231,0
7006,3293,72,1
7007,3407,1400,0
7008,1262,1344,1
7009,3259,1471,1
7010,709,1248,1
7011,43,125,0
7012,3167,1664,1
7013,2821,1694,0
7014,514,1658,1
7015,141,1622,0
7016,884,439,1
7017,4020,562,1
7018,4175,1389,1
7019,559,1997,1
7020,2926,195,0
7021,2525,136,1
7022,618,689,1
7023,328,148,1
7024,2377,149,1
7025,35,148,1
7026,3911,1452,1
7027,1254,557,0
7028,23,1272,0
7029,2882,989,1
7030,4354,1013,0
7031,780,189,1
7032,4009,184,1
7033,3685,541,0
7034,65,1918,1
7035,501,426,1
7036,3070,491,0
7037,1669,1339,1
7038,2830,34,0
7039,3108,1345,0
7040,1602,1666,0
7041,855,1521,1
7042,3109,1967,0
7043,1060,278,1
7044,1681,545,0
7045,211,18,1
7046,2686,1465,0
7047,4306,611,0
7048,4206,1032,0
7049,1177,144,1
7050,1177,122,0
7051,2604,2024,0
7052,1286,875,1
7053,4126,714,0
7054,109,1609,1
7055,2867,1963,0
7056,4184,836,0
7057,1642,366,0
7058,3869,287,0
7059,4356,334,1
7060,926,1588,1
7061,4204,688,0
7062,328,27,1
7063,286,2103,1
7064,328,1521,0
7065,189,857,0
7066,3566,405,1
7067,220,37,1
7068,1532,993,0
7069,497,8,1
7070,4357,1604,1
7071,503,2007,0
7072,1274,8,0
7073,978,726,0
7074,2574,1918,1
7075,2917,208,1
7076,696,378,1
7077,1367,758,0
7078,2212,736,1
7079,2925,2040,0
7080,264,458,0
7081,2921,111,0
7082,109,583,1
7083,1084,147,1
7084,141,55,1
7085,1240,869,1
7086,2110,736,1
7087,33,1123,0
7088,3759,632,0
7089,3894,782,0
7090,1378,92,1
7091,4290,266,1
7092,2672,473,0
7093,780,37,1
7094,1759,1728,1
7095,1488,1745,0
7096,6,18,1
7097,1133,829,1
7098,3683,1306,0
7099,2439,450,0
7100,1892,69,1
7101,2463,144,1
7102,230,1280,0
7103,1060,194,1
7104,1725,767,0
7105,2564,1162,0
7106,185,8,1
7107,514,1111,0
7108,3694,1267,0
7109,463,136,0
7110,2901,240,1
7111,690,278,1
7112,3182,1629,0
7113,3743,1794,0
7114,3850,736,0
7115,2686,2089,0
7116,1063,2156,1
7117,3793,208,1
7118,1273,148,1
7119,4019,859,1
7120,4142,72,1
7121,3477,222,0
7122,926,830,0
7123,403,208,1
7124,4362,1675,0
7125,2613,414,0
7126,3751,1026,0
7127,1935,216,0
7128,286,515,1
7129,369,78,0
7130,794,13,1
7131,2972,27,1
7132,3044,2134,0
7133,4301,1692,0
7134,1426,1512,0
7135,3246,375,1
7136,1546,2098,0
7137,1358,375,1
7138,1241,712,1
7139,4364,1894,0
7140,1496,830,0
7141,2129,2089,0
7142,2628,181,0
7143,1060,46,0
7144,1730,195,1
7145,3614,208,1
7146,4365,2150,0
7147,4366,632,0
7148,2084,148,1
7149,3702,148,1
7150,4367,273,1
7151,3069,24,0
7152,565,1045,0
7153,143,2018,0
7154,682,565,1
7155,3303,883,1
7156,1003,278,1
7157,3002,1390,0
7158,3738,464,1
7159,2299,75,1
7160,1296,837,0
7161,278,1428,1
7162,706,1666,1
7163,2147,70,0
7164,371,219,0
7165,2814,778,1
7166,2227,984,0
7167,1785,1607,1
7168,328,711,1
7169,3589,1828,0
7170,2098,1604,0
7171,155,27,1
7172,4265,1397,0
7173,3908,470,0
7174,1444,1399,0
7175,4286,911,0
7176,524,194,1
7177,898,683,0
7178,1712,92,1
7179,2375,2159,0
7180,323,628,1
7181,3498,1410,0
7182,651,901,1
7183,192,158,0
7184,4295,424,0
7185,2365,469,1
7186,3662,412,1
7187,1644,1072,0
7188,1036,657,1
7189,2920,1849,0
7190,3268,1646,0
7191,286,929,1
7192,2446,638,1
7193,4172,847,1
7194,4195,603,1
7195,23,387,0
7196,501,148,1
7197,3207,1865,0
7198,2560,148,1
7199,821,208,1
7200,153,628,1
7201,1626,1162,0
7202,1473,628,1
7203,3035,184,1
7204,1053,192,1
7205,817,2158,0
7206,3107,340,0
7207,57,84,1
7208,1688,1055,1
7209,4296,1619,0
7210,466,1717,1
7211,1996,1194,0
7212,2631,214,1
7213,916,998,1
7214,595,8,1
7215,709,2139,0
7216,3631,575,0
7217,4169,114,0
7218,1591,2015,0
7219,1557,775,0
7220,3125,2097,0
7221,1565,1897,1
7222,1842,405,1
7223,89,256,0
7224,3475,1900,0
7225,1817,1958,0
7226,434,761,0
7227,387,464,1
7228,4034,745,0
7229,1227,136,0
7230,3058,5,1
7231,4370,2002,0
7232,3437,996,1
7233,4223,1447,1
7234,2313,1826,0
7235,230,378,1
7236,4280,460,0
7237,3589,1822,0
7238,3385,349,1
7239,2828,34,1
7240,76,84,1
7241,13,1908,0
7242,2118,1618,1
7243,1063,389,0
7244,1946,201,0
7245,1144,757,1
7246,279,234,1
7247,1634,278,1
7248,3575,694,0
7249,2562,1453,1
7250,485,116,1
7251,2657,1280,0
7252,1040,1557,0
7253,2158,1082,0
7254,729,1340,0
7255,3488,54,0
7256,2316,296,1
7257,3565,405,0
7258,1133,702,0
7259,1452,277,0
7260,2122,712,0
7261,3160,613,1
7262,154,1876,0
7263,2186,906,0
7264,2401,1869,0
7265,1970,405,1
7266,1069,100,0
7267,1883,1132,1
7268,1244,189,1
7269,2446,125,1
7270,2271,405,1
7271,511,2169,1
7272,103,130,1
7273,141,538,1
7274,2096,494,0
7275,3326,1216,0
7276,75,206,1
7277,1473,130,1
7278,838,545,0
7279,1315,1955,1
7280,343,130,1
7281,2381,891,0
7282,3082,1032,1
7283,488,1969,1
7284,3097,375,1
7285,1514,1791,0
7286,163,161,0
7287,1801,113,1
7288,109,1879,1
7289,903,1701,1
7290,345,8,1
7291,3487,1833,0
7292,424,249,1
7293,3868,906,1
7294,424,1591,1
7295,4164,1428,0
7296,770,439,0
7297,2501,1861,0
7298,4109,916,0
7299,528,1220,0
7300,2551,1967,1
7301,1608,375,1
7302,1518,148,1
7303,52,2079,1
7304,1826,935,0
7305,512,1007,1
7306,3391,240,0
7307,3811,1999,0
7308,2467,136,1
7309,2129,26,1
7310,2970,616,1
7311,746,116,1
7312,1567,1768,1
7313,3770,711,1
7314,1100,841,0
7315,2249,1990,0
7316,4159,1556,1
7317,4372,100,1
7318,674,378,1
7319,1377,2060,0
7320,48,38,1
7321,23,733,1
7322,3587,1960,0
7323,812,1745,0
7324,99,1316,1
7325,1992,1133,0
7326,1386,970,0
7327,559,923,0
7328,2789,1140,0
7329,3800,1581,0
7330,1301,1972,0
7331,4227,914,1
7332,2183,1164,0
7333,2446,339,1
7334,504,994,1
7335,3670,367,0
7336,1726,797,0
7337,2043,675,0
7338,3013,525,0
7339,1506,1777,0
7340,1926,197,0
7341,2416,483,0
7342,1312,108,0
7343,1219,339,1
7344,75,148,1
7345,1045,1541,0
7346,2672,906,1
7347,4326,1324,0
7348,824,1569,0
7349,2012,1831,1
7350,559,116,1
7351,1170,125,1
7352,2373,1263,0
7353,3071,1748,0
7354,585,690,0
7355,4114,1484,1
7356,141,282,1
7357,3914,1833,1
7358,83,195,1
7359,1621,2157,0
7360,3034,296,1
7361,406,875,1
7362,2005,1209,0
7363,445,929,0
7364,3773,1583,0
7365,1790,1175,1
7366,370,1895,0
7367,316,1911,0
7368,2096,464,1
7369,104,339,1
7370,1259,1884,1
7371,916,185,1
7372,65,1674,1
7373,696,206,1
7374,230,346,1
7375,2578,1537,0
7376,328,277,1
7377,715,849,1
7378,646,2073,1
7379,104,136,1
7380,2392,1489,0
7381,1207,531,0
7382,4126,1760,0
7383,882,432,1
7384,1478,410,1
7385,2406,321,1
7386,1804,64,1
7387,1170,147,1
7388,885,1007,1
7389,3737,445,0
7390,1216,923,1
7391,3077,1675,0
7392,65,48,1
7393,371,343,1
7394,403,1123,0
7395,1275,1069,0
7396,41,2006,0
7397,1172,901,0
7398,3879,616,0
7399,1210,402,1
7400,2817,1379,0
7401,3754,901,1
7402,9,1562,0
7403,486,195,1
7404,4210,598,1
7405,3496,1093,1
7406,1368,2114,1
7407,2435,195,0
7408,3183,919,0
7409,3435,149,1
7410,2784,2153,0
7411,964,810,0
7412,2196,760,0
7413,3630,469,1
7414,958,142,0
7415,168,375,0
7416,1763,402,1
7417,1119,2070,0
7418,4169,1676,0
7419,794,37,1
7420,4349,1147,0
7421,537,149,1
7422,230,194,1
7423,4192,566,1
7424,794,337,1
7425,2819,272,0
7426,338,1567,1
7427,514,1884,0
7428,2107,274,0
7429,428,859,1
7430,310,1290,0
7431,2110,965,0
7432,1748,5,1
7433,469,2118,1
7434,4376,898,0
7435,886,64,1
7436,3338,788,0
7437,2615,965,0
7438,898,1315,0
7439,153,835,1
7440,2392,1209,0
7441,414,628,1
7442,792,84,1
7443,729,148,1
7444,3653,2150,0
7445,2678,469,1
7446,181,63,1
7447,412,1159,0
7448,1826,1958,0
7449,1792,1387,0
7450,2509,825,0
7451,1352,1708,0
7452,466,568,1
7453,260,1680,0
7454,4016,691,0
7455,1117,753,0
7456,3619,1858,0
7457,2581,714,1
7458,2044,497,0
7459,1497,389,0
7460,3187,1350,0
7461,185,192,1
7462,956,2002,0
7463,4194,2172,0
7464,278,783,0
7465,456,1283,0
7466,2675,2039,0
7467,3853,1161,0
7468,4342,1093,0
7469,428,1985,0
7470,3156,1585,0
7471,4142,253,1
7472,1540,164,1
7473,3992,535,0
7474,4379,1759,1
7475,4380,334,1
7476,909,2024,0
7477,2834,977,0
7478,2865,1445,0
7479,783,599,0
7480,1821,1274,0
7481,3376,1907,0
7482,102,409,1
7483,49,711,1
7484,3356,1493,1
7485,1763,998,1
7486,2991,1759,0
7487,2353,1093,1
7488,2105,1848,0
7489,1144,270,1
7490,1102,1132,1
7491,3421,767,0
7492,123,479,1
7493,182,2028,0
7494,2399,158,0
7495,3553,1180,0
7496,3342,480,0
7497,153,192,1
7498,1646,694,1
7499,113,1248,0
7500,4382,150,0
7501,3070,148,1
7502,2236,1340,1
7503,370,405,1
7504,808,2088,1
7505,1218,1819,0
7506,1197,251,0
7507,65,935,1
7508,1219,482,0
7509,267,1509,1
7510,1946,1942,0
7511,2149,1266,1
7512,1476,378,1
7513,4363,1238,0
7514,962,185,1
7515,328,55,1
7516,4162,69,1
7517,182,2077,1
7518,2446,136,1
7519,888,848,1
7520,1698,378,1
7521,445,772,1
7522,989,1814,1
7523,2914,1133,1
7524,3631,1667,0
7525,4384,646,1
7526,2899,1748,1
7527,309,260,1
7528,1141,480,1
7529,2319,1637,0
7530,3605,144,1
7531,595,628,1
7532,1985,578,0
7533,4209,2054,1
7534,2876,1858,0
7535,1542,116,1
7536,4206,1293,0
7537,1772,780,0
7538,1007,734,1
7539,535,1714,0
7540,2827,1588,1
7541,1977,1683,0
7542,4117,1035,0
7543,3776,494,0
7544,543,1676,0
7545,1998,259,1
7546,820,1939,0
7547,1359,927,0
7548,2666,1133,1
7549,1573,267,0
7550,780,402,1
7551,91,1538,0
7552,4217,259,0
7553,1144,18,1
7554,3674,1584,0
7555,872,1185,0
7556,3757,719,1
7557,1244,994,1
7558,4259,405,1
7559,2256,72,1
7560,2487,1327,0
7561,3114,143,0
7562,4008,583,0
7563,2079,337,0
7564,1949,1389,0
7565,1865,147,1
7566,1230,480,1
7567,286,688,1
7568,715,918,0
7569,959,1092,1
7570,4313,694,0
7571,1745,734,0
7572,2980,638,1
7573,220,962,0
7574,520,1085,0
7575,3988,1493,0
7576,1316,598,1
7577,4387,208,1
7578,3715,208,1
7579,796,951,0
7580,3662,1180,0
7581,579,788,1
7582,3520,18,0
7583,3300,859,1
7584,3216,575,0
7585,526,1787,1
7586,4070,1654,0
7587,2727,3,0
7588,1931,149,1
7589,2947,2116,0
7590,664,1162,1
7591,1414,2174,0
7592,3977,1892,0
7593,1473,194,1
7594,2525,27,1
7595,250,664,0
7596,3047,1410,0
7597,3505,1022,0
7598,55,69,1
7599,565,370,0
7600,559,638,1
7601,35,206,1
7602,3454,664,0
7603,2314,681,0
7604,4389,2175,1
7605,413,148,1
7606,2744,603,1
7607,1007,2026,0
7608,3698,2166,0
7609,3885,1900,1
7610,4390,1437,0
7611,165,550,1
7612,2894,937,0
7613,1003,130,1
7614,262,1760,0
7615,2877,681,0
7616,4391,1549,0
7617,309,1042,0
7618,3398,1828,0
7619,3447,1971,1
7620,2399,605,0
7621,898,149,1
7622,3271,43,0
7623,3706,743,0
7624,97,1477,0
7625,75,1944,0
7626,2795,1018,0
7627,190,206,0
7628,492,1841,1
7629,481,356,1
7630,1506,566,1
7631,1763,8,1
7632,4293,847,1
7633,3653,954,0
7634,899,1446,1
7635,524,1007,1
7636,3818,1510,0
7637,3116,367,1
7638,1330,675,1
7639,2657,1632,1
7640,2680,817,0
7641,3072,339,1
7642,3278,731,0
7643,1020,1944,1
7644,2901,1186,1
7645,4089,1373,0
7646,3855,214,1
7647,1789,1656,1
7648,1100,469,1
7649,2026,147,1
7650,3403,606,0
7651,1585,530,0
7652,1205,695,0
7653,2697,1773,0
7654,1036,192,1
7655,1079,1472,0
7656,2504,1865,0
7657,75,339,1
7658,4395,273,1
7659,35,378,1
7660,2386,1282,0
7661,2365,378,1
7662,760,1965,0
7663,1936,366,0
7664,1294,282,1
7665,457,1509,0
7666,1241,1815,1
7667,723,91,1
7668,1359,111,1
7669,695,2011,0
7670,4234,1960,1
7671,2087,1006,1
7672,3654,667,0
7673,1047,1483,0
7674,3780,1327,0
7675,1534,1974,0
7676,916,189,1
7677,23,35,1
7678,35,1074,1
7679,4179,1671,0
7680,37,90,1
7681,3356,1601,0
7682,2897,921,0
7683,2237,1718,0
7684,696,1467,0
7685,238,1807,0
7686,866,2055,0
7687,4337,2053,0
7688,3776,642,1
7689,3627,1729,0
7690,2333,2044,0
7691,3876,1899,1
7692,2837,148,1
7693,3975,717,0
7694,1082,1007,1
7695,2099,164,1
7696,864,595,1
7697,4302,2104,0
7698,2458,609,0
7699,2003,1379,1
7700,4196,273,1
7701,65,1633,1
7702,1725,836,0
7703,1651,1023,0
7704,256,495,1
7705,980,161,1
7706,648,1230,0
7707,1996,258,1
7708,282,1468,0
7709,3006,253,1
7710,794,1701,1
7711,3701,927,0
7712,3303,1092,0
7713,799,984,0
7714,3796,1067,0
7715,1329,339,1
7716,2878,148,1
7717,49,195,1
7718,286,1327,1
7719,1473,185,1
7720,1998,1323,0
7721,4397,566,1
7722,735,349,0
7723,2005,642,1
7724,1710,136,1
7725,3659,92,1
7726,777,7,1
7727,1682,426,1
7728,2519,541,0
7729,46,959,0
7730,2725,606,0
7731,2872,2110,1
7732,1680,112,0
7733,1410,392,1
7734,1075,130,1
7735,9,1616,1
7736,3465,1831,0
7737,2085,1372,0
7738,2749,208,1
7739,384,202,0
7740,4378,149,1
7741,2517,313,0
7742,4015,705,1
7743,272,426,0
7744,3517,2164,1
7745,71,2108,0
7746,4013,61,0
7747,2668,1774,0
7748,1474,38,0
7749,462,260,1
7750,882,410,1
7751,1669,215,0
7752,1542,638,1
7753,2304,1935,0
7754,41,947,0
7755,4291,1159,0
7756,3532,327,0
7757,2824,1826,0
7758,147,148,1
7759,678,858,0
7760,4167,149,1
7761,3504,2081,0
7762,3408,583,0
7763,1944,1643,0
7764,949,1438,1
7765,638,195,1
7766,230,1347,0
7767,3806,2028,0
7768,3437,314,0
7769,3896,510,1
7770,1340,1216,0
7771,931,523,1
7772,3745,1812,1
7773,707,1445,0
7774,165,1269,0
7775,4212,927,0
7776,2980,3,0
7777,918,1132,0
7778,3342,148,1
7779,4083,414,0
7780,2115,84,1
7781,15,3,1
7782,4184,266,1
7783,1426,339,1
7784,215,8,1
7785,1084,125,1
7786,1686,900,1
7787,1940,206,1
7788,2619,156,0
7789,4207,1593,0
7790,2673,176,0
7791,1605,1488,0
7792,1244,342,0
7793,3104,507,1
7794,2312,877,0
7795,330,1974,0
7796,104,378,1
7797,2639,944,0
7798,220,426,1
7799,885,723,0
7800,3496,1769,0
7801,167,1366,0
7802,575,998,1
7803,1084,148,1
7804,883,538,1
7805,2591,1270,0
7806,4227,1482,0
7807,3359,253,1
7808,1173,195,1
7809,1694,146,0
7810,996,1742,1
7811,303,1289,0
7812,1373,1285,1
7813,2543,1826,0
7814,2739,257,0
7815,1260,64,1
7816,420,189,1
7817,3799,826,0
7818,1135,1592,0
7819,893,1534,1
7820,1437,1578,0
7821,646,685,1
7822,2131,1417,1
7823,4159,700,0
7824,1660,1294,0
7825,251,1701,1
7826,72,339,1
7827,3659,568,0
7828,524,37,1
7829,576,1780,1
7830,1075,1726,1
7831,1508,875,1
7832,1996,650,0
7833,3105,218,1
7834,1718,188,0
7835,2718,739,0
7836,1455,1142,0
7837,406,92,1
7838,1124,17,0
7839,3352,1039,0
7840,2075,1417,0
7841,2803,259,0
7842,3918,307,1
7843,277,1052,0
7844,504,835,1
7845,4400,1336,0
7846,1285,1770,0
7847,817,1428,1
7848,453,185,1
7849,2919,921,0
7850,2198,63,1
7851,756,1778,1
7852,1153,1965,0
7853,3475,683,0
7854,3852,1751,1
7855,107,2165,1
7856,2333,1778,1
7857,4047,1416,0
7858,1634,1782,0
7859,1759,906,1
7860,1674,662,1
7861,4115,1397,0
7862,1495,556,0
7863,1842,222,1
7864,1249,765,0
7865,2764,914,1
7866,4280,307,1
7867,2198,719,0
7868,4403,1823,0
7869,141,406,1
7870,3102,100,0
7871,98,723,0
7872,3631,1617,0
7873,1060,402,1
7874,4404,912,1
7875,3824,1791,0
7876,1097,59,0
7877,600,464,1
7878,3247,1773,0
7879,1807,996,0
7880,1473,402,1
7881,4190,1484,0
7882,798,1188,1
7883,1082,1170,0
7884,3378,1719,1
7885,3423,1437,0
7886,1940,147,1
7887,3013,2139,0
7888,646,1908,1
7889,3166,1332,0
7890,1929,148,1
7891,2098,114,1
7892,4278,1092,1
7893,800,307,1
7894,1182,26,0
7895,1824,364,0
7896,2749,1628,0
7897,2681,378,1
7898,911,63,0
7899,4280,993,0
7900,1843,959,0
7901,3763,1814,1
7902,2727,628,0
7903,2548,1773,0
7904,540,340,1
7905,4405,848,0
7906,382,621,0
7907,1842,1727,1
7908,286,410,1
7909,3223,1101,0
7910,2737,1047,0
7911,2658,220,1
7912,820,1266,0
7913,4368,1441,1
7914,3492,843,0
7915,2447,535,0
7916,163,771,1
7917,567,272,0
7918,1532,613,1
7919,962,550,1
7920,3448,787,0
7921,2746,111,1
7922,735,1774,1
7923,1675,846,0
7924,2294,638,1
7925,286,1998,1
7926,4365,2045,0
7927,1199,2020,1
7928,1455,566,1
7929,338,100,1
7930,1678,375,1
7931,2647,100,1
7932,1219,1043,0
7933,3444,719,1
7934,3107,1055,0
7935,690,924,0
7936,564,515,0
7937,4406,954,0
7938,2907,1102,0
7939,2690,2065,0
7940,859,182,0
7941,2658,381,1
7942,2882,750,0
7943,4032,568,0
7944,2888,1015,0
7945,3063,1556,0
7946,55,84,1
7947,4400,2070,0
7948,32,1055,0
7949,1019,1167,1
7950,1760,30,0
7951,917,1702,0
7952,434,37,1
7953,1237,1097,1
7954,288,914,1
7955,1080,85,1
7956,847,194,1
7957,2901,18,1
7958,202,72,1
7959,166,189,1
7960,3029,80,1
7961,595,1726,1
7962,2407,1878,0
7963,1986,1832,0
7964,2920,148,1
7965,3859,1778,1
7966,1429,611,1
7967,1819,1621,0
7968,1401,1888,0
7969,4370,353,0
7970,3274,623,0
7971,554,1648,0
7972,3012,1792,1
7973,467,391,0
7974,2967,814,0
7975,121,54,1
7976,2562,439,1
7977,1603,35,0
7978,2902,1543,0
7979,230,538,1
7980,3722,609,0
7981,4012,480,1
7982,1313,458,0
7983,583,836,1
7984,664,1434,0
7985,2660,610,1
7986,1233,1725,1
7987,780,236,1
7988,968,1958,0
7989,892,192,1
7990,3696,583,0
7991,2948,405,1
7992,3002,1393,0
7993,2181,792,1
7994,820,689,1
7995,3051,1911,1
7996,3641,2059,0
7997,971,1267,0
7998,2980,27,1
7999,4146,780,0
8000,114,100,1
8001,4411,208,1
8002,1763,130,1
8003,886,557,1
8004,1763,550,1
8005,26,405,1
8006,646,1371,1
8007,4076,204,1
8008,2377,194,0
8009,4391,2073,0
8010,2297,72,1
8011,2183,1428,1
8012,780,1511,1
8013,435,370,0
8014,78,460,1
8015,1981,1485,0
8016,188,792,1
8017,950,125,1
8018,1905,736,1
8019,1024,894,0
8020,259,2142,0
8021,906,273,1
8022,895,380,1
8023,1608,1994,0
8024,1944,642,1
8025,4052,49,0
8026,4412,1869,0
8027,4034,792,1
8028,3498,405,1
8029,491,1935,0
8030,6,1280,1
8031,3882,1403,0
8032,565,1350,0
8033,2043,122,1
8034,3627,1781,0
8035,964,1248,1
8036,309,282,1
8037,2370,2129,0
8038,65,758,1
8039,1007,1108,0
8040,518,259,1
8041,3934,220,1
8042,4293,2001,0
8043,2689,914,1
8044,1763,628,1
8045,52,1212,1
8046,3397,184,0
8047,942,1190,0
8048,2833,1371,1
8049,2868,1279,0
8050,577,86,1
8051,818,148,1
8052,3396,78,0
8053,2528,46,1
8054,72,136,1
8055,2487,350,1
8056,2592,236,1
8057,3989,308,0
8058,4106,507,1
8059,213,1304,0
8060,1970,1702,0
8061,899,1781,1
8062,2120,823,0
8063,1621,1473,0
8064,1170,254,1
8065,528,125,1
8066,230,206,1
8067,486,1632,0
8068,2565,1160,0
8069,35,254,1
8070,2821,757,1
8071,2546,566,1
8072,1843,909,1
8073,3915,1814,0
8074,4257,148,1
8075,3116,1624,0
8076,3206,375,1
8077,2562,1778,1
8078,4410,440,0
8079,1758,339,1
8080,357,514,0
8081,3773,232,0
8082,230,148,1
8083,655,914,1
8084,1514,1778,1
8085,3547,83,1
8086,4405,1485,1
8087,590,148,1
8088,4415,1537,0
8089,1165,739,1
8090,2562,1123,1
8091,2675,1568,0
8092,3021,538,0
8093,848,1282,0
8094,1075,37,1
8095,655,479,1
8096,411,1561,1
8097,1476,538,1
8098,1288,798,1
8099,158,758,0
8100,3643,616,0
8101,1308,1132,1
8102,501,192,1
8103,1016,949,0
8104,3920,471,1
8105,1997,1102,0
8106,2451,1569,0
8107,3028,492,1
8108,1465,167,0
8109,1747,1078,1
8110,4374,1323,0
8111,535,515,1
8112,1652,1015,0
8113,647,875,0
8114,4416,948,0
8115,1906,188,0
8116,3957,1644,0
8117,3085,632,0
8118,3611,337,0
8119,4113,1042,1
8120,822,1568,0
8121,616,148,1
8122,407,525,1
8123,1139,1120,1
8124,649,914,1
8125,2200,642,1
8126,1681,1545,0
8127,2139,1869,0
8128,759,1092,1
8129,603,2081,0
8130,3797,382,0
8131,207,1487,1
8132,3672,164,1
8133,3226,18,1
8134,2556,514,0
8135,4320,91,1
8136,742,1022,1
8137,1475,424,1
8138,2880,1947,0
8139,1088,342,0
8140,2380,1552,0
8141,3610,916,0
8142,2367,1757,0
8143,1556,468,1
8144,1857,389,1
8145,611,532,0
8146,3720,124,0
8147,3262,1727,0
8148,2450,307,1
8149,3976,653,1
8150,2028,322,0
8151,4208,114,1
8152,49,84,1
8153,183,830,1
8154,4420,208,1
8155,2027,592,1
8156,3345,1607,0
8157,2809,111,1
8158,2713,1592,1
8159,911,1994,0
8160,3006,1224,0
8161,3184,778,0
8162,1986,347,1
8163,3620,1272,0
8164,2640,3,1
8165,4207,734,0
8166,1219,2077,0
8167,3905,1092,0
8168,4421,380,1
8169,236,2012,1
8170,694,566,1
8171,1634,194,1
8172,1624,1313,0
8173,4422,1382,0
8174,1654,400,0
8175,328,63,1
8176,286,1588,1
8177,967,950,1
8178,1892,339,1
8179,1219,260,1
8180,1291,1072,0
8181,3685,706,1
8182,4423,782,1
8183,6,148,1
8184,3456,1270,0
8185,2831,616,1
8186,4217,611,0
8187,3149,2073,0
8188,323,8,1
8189,286,2040,1
8190,883,116,1
8191,1946,882,0
8192,1288,1416,1
8193,1024,116,1
8194,657,64,1
8195,4424,736,1
8196,1718,1656,1
8197,3286,140,1
8198,3697,1266,0
8199,2589,480,1
8200,3440,830,1
8201,2602,977,1
8202,1250,270,1
8203,3344,974,0
8204,4290,56,1
8205,433,148,1
8206,294,195,1
8207,1356,956,0
8208,4426,1167,0
8209,892,475,1
8210,2144,789,0
8211,1153,58,0
8212,4180,177,1
8213,3622,2141,0
8214,2435,375,1
8215,1419,347,1
8216,498,638,1
8217,4341,734,0
8218,505,1428,1
8219,3776,1680,0
8220,3504,1687,0
8221,2610,810,0
8222,3320,984,0
8223,1394,1939,0
8224,4062,2081,0
8225,1751,90,0
8226,4378,950,0
8227,3159,1658,0
8228,2828,428,0
8229,1844,1132,1
8230,241,990,1
8231,372,777,0
8232,230,550,1
8233,1386,370,0
8234,4212,1915,0
8235,1556,64,1
8236,1552,925,0
8237,1773,810,1
8238,1294,711,1
8239,1178,164,0
8240,1481,1972,1
8241,651,690,1
8242,1662,197,1
8243,147,347,1
8244,2381,626,0
8245,1623,1982,0
8246,430,2101,0
8247,558,2011,1
8248,2381,1683,0
8249,311,906,1
8250,490,37,1
8251,368,520,0
8252,835,1732,0
8253,4283,2177,0
8254,98,687,0
8255,201,1659,0
8256,286,2178,1
8257,2881,289,0
8258,787,27,1
8259,2290,1208,1
8260,3751,313,0
8261,3708,3,1
8262,153,189,1
8263,2639,925,0
8264,963,260,1
8265,3803,216,1
8266,1334,1018,0
8267,4427,90,1
8268,106,1380,0
8269,3890,598,1
8270,985,1759,1
8271,567,264,0
8272,4429,208,1
8273,451,865,0
8274,2572,1058,0
8275,3006,1127,0
8276,4306,100,1
8277,3378,2113,0
8278,482,1125,1
8279,3984,701,0
8280,4115,1788,0
8281,964,397,0
8282,933,1217,1
8283,1257,731,0
8284,916,2089,1
8285,4430,1432,0
8286,1084,1732,1
8287,2772,722,1
8288,1841,613,1
8289,3526,714,0
8290,2322,1823,0
8291,537,1709,0
8292,3551,468,1
8293,312,1838,0
8294,4415,2122,0
8295,909,1324,1
8296,1383,208,0
8297,4226,1717,0
8298,2558,49,0
8299,1824,911,1
8300,365,1876,0
8301,1660,1348,0
8302,2690,954,0
8303,735,2026,1
8304,4260,1658,0
8305,740,1489,0
8306,2703,1500,0
8307,2183,476,1
8308,559,3,1
8309,4431,1706,1
8310,2085,1542,1
8311,185,189,1
8312,3389,1778,1
8313,2833,777,1
8314,4432,1995,1
8315,1937,147,0
8316,4402,64,0
8317,1539,2018,0
8318,4039,2081,0
8319,4202,405,1
8320,3661,1750,1
8321,1386,322,1
8322,35,638,1
8323,872,1600,0
8324,740,690,1
8325,3122,721,0
8326,2066,177,1
8327,579,1401,0
8328,93,148,1
8329,3388,86,1
8330,523,378,1
8331,884,2127,1
8332,3132,2064,0
8333,3896,573,0
8334,522,761,0
8335,4127,149,1
8336,4237,240,0
8337,3562,2045,0
8338,2161,935,1
8339,3934,1161,0
8340,812,1725,1
8341,1329,69,1
8342,3849,736,0
8343,193,698,0
8344,2392,260,1
8345,712,480,1
8346,2535,1716,0
8347,2087,1266,1
8348,614,847,0
8349,183,2049,1
8350,3410,2054,1
8351,1559,93,0
8352,3982,1630,1
8353,1067,1274,1
8354,4080,507,1
8355,2940,336,0
8356,1286,1637,0
8357,888,687,1
8358,1186,1773,0
8359,1312,339,1
8360,2710,1026,0
8361,1237,316,1
8362,778,1185,1
8363,2042,1580,0
8364,2751,4,0
8365,166,185,1
8366,512,1709,1
8367,1900,314,0
8368,4410,84,1
8369,2003,1644,0
8370,66,608,1
8371,4339,80,0
8372,2808,559,0
8373,838,923,0
8374,2770,2163,0
8375,37,189,1
8376,4234,2133,0
8377,3670,586,0
8378,103,189,1
8379,2767,1751,0
8380,1944,865,1
8381,4423,1530,0
8382,2184,148,1
8383,3607,1901,0
8384,251,689,1
8385,3943,64,0
8386,3892,124,0
8387,1637,1175,1
8388,345,502,0
8389,3155,753,0
8390,1207,116,1
8391,2088,76,0
8392,1981,514,0
8393,1469,747,0
8394,2087,1,0
8395,845,148,1
8396,2842,600,0
8397,2297,606,0
8398,3814,2114,0
8399,3173,814,0
8400,3439,2156,0
8401,2105,232,1
8402,1606,850,0
8403,2815,61,0
8404,1306,2039,1
8405,1208,236,0
8406,2271,80,1
8407,3853,2071,0
8408,4390,214,1
8409,205,195,1
8410,2782,492,0
8411,4004,480,1
8412,2994,1167,0
8413,190,1140,0
8414,2917,1726,0
8415,3458,724,0
8416,3471,990,1
8417,2167,724,1
8418,2844,1140,0
8419,0,1040,0
8420,4362,1254,0
8421,279,236,1
8422,2735,1048,0
8423,137,8,1
8424,3544,276,0
8425,374,27,1
8426,2570,405,1
8427,371,523,1
8428,3622,1533,0
8429,2780,148,1
8430,2947,1915,0
8431,3341,1371,0
8432,2924,949,0
8433,4180,1645,0
8434,2877,1104,0
8435,919,1748,0
8436,233,1778,1
8437,2786,497,0
8438,3720,148,0
8439,1760,1349,0
8440,2348,1028,1
8441,75,136,1
8442,1581,1212,0
8443,949,951,1
8444,65,1705,1
8445,3125,218,0
8446,1909,499,1
8447,65,1399,1
8448,3945,1672,1
8449,2999,257,1
8450,23,849,1
8451,3911,1482,0
8452,1236,72,1
8453,894,194,1
8454,2937,1897,0
8455,1528,1625,1
8456,1455,1211,0
8457,1149,1950,0
8458,735,72,1
8459,1338,1125,1
8460,2925,1120,0
8461,2315,317,0
8462,75,277,1
8463,1874,178,0
8464,3641,480,1
8465,2406,1542,1
8466,289,1967,0
8467,593,2015,0
8468,2136,350,0
8469,182,1429,1
8470,471,1103,0
8471,2876,148,1
8472,413,1012,1
8473,766,893,0
8474,2254,1826,0
8475,696,27,1
8476,3166,3,1
8477,3109,1838,0
8478,447,182,0
8479,3849,830,1
8480,3537,566,1
8481,126,1039,0
8482,3723,864,0
8483,2853,917,1
8484,911,897,0
8485,2469,1669,0
8486,2014,631,0
8487,3335,1277,0
8488,2825,208,1
8489,3437,1594,0
8490,3718,497,0
8491,1072,990,0
8492,1878,714,0
8493,3344,711,0
8494,598,532,1
8495,539,158,0
8496,2598,339,1
8497,3748,654,0
8498,253,1999,0
8499,3483,1428,1
8500,2964,471,0
8501,618,849,1
8502,692,335,0
8503,1113,78,0
8504,4438,1248,1
8505,794,439,1
8506,2866,356,1
8507,2925,1790,1
8508,434,8,1
8509,1223,1093,1
8510,2298,273,1
8511,3758,218,1
8512,1259,1618,0
8513,1682,1390,0
8514,595,278,1
8515,3463,950,0
8516,4055,507,1
8517,3278,204,0
8518,3570,375,1
8519,309,206,1
8520,2058,184,0
8521,2699,648,1
8522,3279,825,0
8523,1978,1154,0
8524,247,523,0
8525,4302,1435,1
8526,1079,428,0
8527,3156,339,0
8528,1352,469,1
8529,1424,72,1
8530,1089,445,0
8531,215,144,0
8532,1317,1533,0
8533,847,185,1
8534,1773,514,0
8535,3073,1349,1
8536,1497,1123,1
8537,2598,1952,0
8538,82,3,1
8539,3628,256,0
8540,1427,2029,1
8541,1411,149,1
8542,799,615,0
8543,1590,84,1
8544,996,2018,0
8545,605,510,0
8546,1924,195,1
8547,3973,48,0
8548,996,214,1
8549,2469,355,0
8550,3998,92,0
8551,111,220,1
8552,1678,737,0
8553,801,2084,0
8554,487,339,1
8555,2808,369,0
8556,3934,1038,1
8557,1403,84,1
8558,3411,1821,0
8559,808,1154,1
8560,4148,1133,0
8561,638,538,1
8562,3836,80,0
8563,2638,90,1
8564,493,1174,0
8565,75,185,1
8566,406,1007,1
8567,702,1857,0
8568,4435,1279,0
8569,894,1726,1
8570,400,1977,0
8571,1728,634,0
8572,55,339,1
8573,1798,1019,0
8574,1771,2009,0
8575,3032,1897,1
8576,43,603,1
8577,2365,2110,0
8578,4283,405,1
8579,595,72,1
8580,2444,917,1
8581,3656,1188,0
8582,1497,148,1
8583,10,254,1
8584,1953,18,1
8585,1089,201,0
8586,3652,1542,1
8587,75,55,1
8588,3973,287,0
8589,1170,282,1
8590,1981,1598,0
8591,2627,472,0
8592,1375,1757,0
8593,1974,183,1
8594,3448,1133,1
8595,1988,565,1
8596,1084,27,1
8597,756,2105,0
8598,355,494,0
8599,3761,234,0
8600,927,496,0
8601,3068,469,1
8602,1730,296,1
8603,2819,1059,0
8604,2243,600,0
8605,154,1580,1
8606,2474,1282,1
8607,1750,676,1
8608,2154,949,0
8609,4422,1095,0
8610,3553,778,0
8611,2080,1501,0
8612,1615,1248,1
8613,2795,204,1
8614,2261,2079,0
8615,4444,334,1
8616,279,588,0
8617,524,550,1
8618,3262,1968,1
8619,1102,636,0
8620,1240,81,0
8621,1399,1987,0
8622,4289,1583,1
8623,3683,986,1
8624,1589,240,1
8625,335,347,1
8626,389,480,1
8627,1036,278,1
8628,3271,840,0
8629,257,148,1
8630,662,653,1
8631,2869,1916,0
8632,3159,1270,0
8633,2755,1859,0
8634,778,108,0
8635,916,337,1
8636,682,2166,0
8637,3694,480,1
8638,1233,723,0
8639,1620,1621,1
8640,2139,316,0
8641,1079,164,1
8642,365,986,0
8643,1455,18,1
8644,4057,1990,0
8645,1054,1188,0
8646,706,806,1
8647,267,861,0
8648,1022,469,1
8649,884,562,1
8650,695,843,0
8651,4218,253,1
8652,320,4,0
8653,2919,1313,0
8654,815,1074,0
8655,323,550,1
8656,2710,367,1
8657,141,876,1
8658,501,624,0
8659,1850,1325,0
8660,2597,655,0
8661,2919,148,1
8662,3101,402,0
8663,3908,164,1
8664,3088,2174,0
8665,153,426,1
8666,1848,219,0
8667,884,1180,1
8668,2112,1912,1
8669,3958,1562,0
8670,492,2028,1
8671,3402,111,1
8672,1314,1151,1
8673,4315,719,1
8674,220,2178,0
8675,189,1628,0
8676,345,37,1
8677,93,1923,1
8678,1712,2085,0
8679,3908,757,0
8680,2499,995,0
8681,1768,27,1
8682,168,724,1
8683,1375,674,0
8684,3016,699,0
8685,3517,1642,0
8686,309,254,1
8687,3327,470,0
8688,2932,7,0
8689,524,875,1
8690,3697,624,0
8691,3078,917,0
8692,4447,2010,1
8693,181,378,1
8694,1944,1418,0
8695,286,392,1
8696,528,206,1
8697,3485,1719,1
8698,4161,694,0
8699,1246,149,1
8700,4118,410,0
8701,3181,1177,0
8702,335,638,1
8703,1924,260,1
8704,1044,480,1
8705,1181,1192,0
8706,648,1092,1
8707,3622,603,1
8708,1637,1567,1
8709,1213,27,1
8710,2167,290,1
8711,2451,1159,0
8712,831,1717,0
8713,949,946,1
8714,420,1880,0
8715,1666,750,1
8716,1796,1266,0
8717,1268,1190,0
8718,3719,428,1
8719,153,998,1
8720,653,1377,0
8721,1579,507,0
8722,1309,1561,0
8723,2292,513,1
8724,2932,268,1
8725,1176,148,1
8726,2011,464,1
8727,3240,1425,1
8728,44,8,1
8729,2451,464,1
8730,2929,499,1
8731,1078,293,1
8732,3619,232,0
8733,65,1254,0
8734,1031,849,1
8735,205,378,1
8736,98,293,1
8737,3949,742,0
8738,153,278,1
8739,1159,875,1
8740,4119,1659,0
8741,256,1495,1
8742,818,2076,1
8743,73,204,1
8744,1031,13,1
8745,1256,1092,1
8746,479,111,1
8747,3041,2018,0
8748,3850,398,1
8749,1567,110,1
8750,79,1869,0
8751,1773,1271,0
8752,668,628,1
8753,2298,27,0
8754,1746,2066,1
8755,502,1692,1
8756,883,206,1
8757,1454,116,1
8758,650,73,0
8759,2810,1384,1
8760,588,865,0
8761,698,975,0
8762,888,418,1
8763,3994,1624,0
8764,3547,1344,0
8765,616,541,0
8766,924,417,0
8767,3344,2047,1
8768,512,1511,1
8769,2032,1858,0
8770,794,192,1
8771,123,206,1
8772,3257,148,1
8773,123,538,1
8774,1244,130,1
8775,4313,1489,1
8776,608,1596,0
8777,1144,1389,0
8778,1682,8,1
8779,2867,875,0
8780,2736,1102,1
8781,559,792,1
8782,2749,1706,0
8783,1909,810,1
8784,1919,558,1
8785,3877,1101,0
8786,3174,5,1
8787,1799,148,1
8788,178,1778,1
8789,821,583,0
8790,1143,1561,0
8791,1093,1888,0
8792,1172,1533,0
8793,1728,357,1
8794,507,2105,0
8795,4359,719,0
8796,3783,246,0
8797,2498,1140,0
8798,2244,879,0
8799,1920,108,1
8800,4369,613,1
8801,687,1823,0
8802,1801,861,0
8803,1144,1732,1
8804,4281,616,1
8805,548,114,0
8806,2821,1007,1
8807,52,1992,1
8808,2971,583,0
8809,575,402,1
8810,3347,1167,1
8811,1955,1999,1
8812,205,3,1
8813,2190,356,1
8814,754,1687,0
8815,552,1364,0
8816,195,774,1
8817,968,2162,0
8818,1219,346,1
8819,1796,1504,0
8820,44,189,1
8821,4308,223,0
8822,2920,232,1
8823,2050,1953,0
8824,616,177,1
8825,501,194,1
8826,1760,596,0
8827,1373,598,0
8828,2278,1660,0
8829,3575,1778,0
8830,499,704,0
8831,3100,621,0
8832,328,206,1
8833,526,81,0
8834,323,402,1
8835,843,1592,0
8836,27,2064,0
8837,2571,1015,0
8838,3969,532,1
8839,4453,708,0
8840,2774,403,1
8841,3867,659,1
8842,51,148,1
8843,3951,1174,0
8844,583,860,1
8845,3181,592,1
8846,3528,1090,0
8847,668,37,1
8848,3295,116,1
8849,286,935,1
8850,3907,405,1
8851,4455,375,1
8852,1996,732,0
8853,1021,1101,0
8854,518,675,1
8855,2525,378,1
8856,4214,1438,0
8857,1123,1832,0
8858,2528,1995,1
8859,2996,240,1
8860,330,2134,0
8861,779,92,1
8862,3825,954,1
8863,185,402,1
8864,215,426,1
8865,1805,996,0
8866,1099,699,0
8867,4290,1576,0
8868,236,683,1
8869,690,2075,0
8870,651,1155,0
8871,2030,471,0
8872,54,148,1
8873,323,1726,1
8874,3099,1279,0
8875,49,116,1
8876,3406,1158,0
8877,4363,1955,0
8878,771,642,0
8879,90,538,1
8880,3761,1282,0
8881,881,1793,1
8882,1547,946,0
8883,1997,208,1
8884,337,1381,0
8885,4181,1167,1
8886,2282,1718,0
8887,165,278,1
8888,75,37,1
8889,78,1035,1
8890,2315,1175,0
8891,195,689,1
8892,1099,55,1
8893,2279,660,0
8894,1747,533,1
8895,916,628,1
8896,230,195,1
8897,4216,946,0
8898,2230,1511,0
8899,1234,1952,0
8900,2525,711,1
8901,1223,664,0
8902,4120,557,0
8903,607,745,0
8904,4263,253,1
8905,3182,427,0
8906,575,189,1
8907,3454,823,0
8908,808,1908,0
8909,277,2122,0
8910,15,1952,0
8911,2226,1793,0
8912,3994,69,0
8913,3785,185,0
8914,1376,1031,0
8915,52,1268,1
8916,2539,1615,0
8917,2165,965,1
8918,1082,476,0
8919,147,335,0
8920,2963,1371,1
8921,4403,2002,0
8922,4126,1859,0
8923,3628,1345,0
8924,2905,847,1
8925,949,2054,1
8926,32,136,1
8927,3762,1969,0
8928,1054,983,0
8929,579,1027,1
8930,1111,1967,0
8931,3174,575,0
8932,2000,1745,1
8933,2790,89,0
8934,1099,2130,0
8935,1494,1277,0
8936,2590,491,1
8937,916,1478,0
8938,35,136,1
8939,4119,479,0
8940,3645,941,0
8941,4160,1773,0
8942,2340,1095,0
8943,2574,1556,1
8944,3037,1137,0
8945,230,339,1
8946,3229,2136,0
8947,1862,930,0
8948,2324,1778,1
8949,1952,1265,1
8950,4119,2057,0
8951,183,1186,1
8952,2902,334,1
8953,4316,381,1
8954,98,189,1
8955,49,378,1
8956,4420,831,0
8957,4017,1401,0
8958,65,857,1
8959,603,112,0
8960,252,440,0
8961,1116,970,0
8962,2528,144,1
8963,3571,15,0
8964,3132,749,0
8965,371,1943,1
8966,109,1507,1
8967,2297,1625,0
8968,3165,201,0
8969,2838,1497,0
8970,2662,25,0
8971,729,27,1
8972,1779,1956,0
8973,2493,1019,0
8974,3706,2042,0
8975,2386,27,1
8976,3105,950,0
8977,2744,566,1
8978,2269,665,1
8979,1488,149,1
8980,525,992,0
8981,575,185,1
8982,1526,914,0
8983,2084,1944,1
8984,1590,914,1
8985,916,130,1
8986,4001,516,0
8987,1940,339,1
8988,1976,215,0
8989,3475,1035,1
8990,83,27,1
8991,1818,690,0
8992,1459,27,1
8993,3284,86,0
8994,2812,1654,0
8995,4453,525,0
8996,4457,1382,0
8997,958,8,1
8998,1075,550,1
8999,1617,1646,0
9000,380,1679,0
9001,1626,816,0
9002,766,100,1
9003,1330,1366,0
9004,2970,316,0
9005,938,586,0
9006,1787,1344,1
9007,1436,923,0
9008,1246,521,0
9009,885,1526,0
9010,36,1783,0
9011,2527,1940,0
9012,6,565,1
9013,2192,1962,0
9014,461,2074,0
9015,3503,1388,0
9016,598,750,0
9017,1062,806,0
9018,794,998,1
9019,1280,1528,0
9020,1829,148,0
9021,1686,650,0
9022,4307,605,0
9023,3049,114,1
9024,1129,1624,1
9025,3125,266,1
9026,690,628,1
9027,428,557,1
9028,251,63,1
9029,4458,1798,0
9030,883,1352,0
9031,109,218,1
9032,3155,90,1
9033,2669,417,1
9034,3967,935,0
9035,1374,525,1
9036,1878,901,1
9037,3776,48,1
9038,2877,974,0
9039,813,1656,1
9040,2377,1399,0
9041,193,214,1
9042,256,990,1
9043,3762,986,0
9044,2186,2133,0
9045,3341,1223,0
9046,396,346,1
9047,1060,426,1
9048,284,1980,0
9049,4459,566,1
9050,1210,550,1
9051,3072,843,0
9052,4374,510,0
9053,2392,195,1
9054,9,1048,0
9055,3161,550,1
9056,3372,1896,0
9057,1801,1151,1
9058,3693,2136,0
9059,4355,2122,0
9060,1501,1428,1
9061,1603,736,1
9062,1070,177,1
9063,342,858,0
9064,4374,739,1
9065,2665,5,1
9066,4143,919,0
9067,224,58,1
9068,2556,27,1
9069,4376,684,0
9070,374,339,1
9071,3366,1111,1
9072,2302,392,1
9073,2911,1518,0
9074,851,730,1
9075,1619,257,0
9076,1084,1598,0
9077,1072,467,0
9078,706,1243,1
9079,1660,1141,0
9080,211,402,1
9081,111,2158,0
9082,4014,1624,0
9083,253,220,1
9084,182,1041,1
9085,166,402,1
9086,1013,1899,0
9087,108,1950,0
9088,2665,675,1
9089,65,1679,1
9090,1035,211,0
9091,3337,566,1
9092,57,125,1
9093,638,84,1
9094,3789,1177,1
9095,3924,1154,0
9096,2638,125,1
9097,1848,1876,1
9098,1850,96,0
9099,107,2130,1
9100,3582,2018,0
9101,2665,1863,0
9102,3180,911,0
9103,201,565,1
9104,693,2156,0
9105,3041,1125,0
9106,104,125,1
9107,2937,391,0
9108,575,550,1
9109,2929,175,0
9110,1178,993,0
9111,3173,387,1
9112,792,147,1
9113,1547,2113,0
9114,2777,1519,0
9115,1968,1738,0
9116,917,848,1
9117,3373,204,1
9118,3869,1413,0
9119,3597,1209,1
9120,4349,198,0
9121,205,27,1
9122,4006,894,1
9123,2473,2097,0
9124,2694,424,1
9125,345,523,1
9126,3463,1188,0
9127,127,178,0
9128,648,516,0
9129,3506,1828,0
9130,1075,1448,0
9131,2589,1480,0
9132,668,192,1
9133,3670,638,1
9134,2936,395,0
9135,637,650,0
9136,2147,3,1
9137,65,1576,1
9138,2598,573,0
9139,4466,1335,0
9140,3627,380,0
9141,4461,58,1
9142,1598,480,0
9143,372,1674,0
9144,2920,462,0
9145,3429,290,0
9146,2297,475,1
9147,3874,760,0
9148,2770,977,1
9149,524,189,1
9150,4046,644,0
9151,181,73,0
9152,704,1294,1
9153,872,405,1
9154,248,1270,0
9155,3734,1101,0
9156,3217,2002,0
9157,3827,147,1
9158,3181,1295,0
9159,547,611,0
9160,884,392,0
9161,78,1859,0
9162,757,1096,0
9163,949,1685,1
9164,380,148,1
9165,3281,1707,0
9166,559,148,1
9167,4144,424,1
9168,2743,1290,0
9169,4110,1027,0
9170,1861,1371,0
9171,454,349,0
9172,4426,1883,0
9173,1482,1248,0
9174,4132,1248,1
9175,4215,2084,1
9176,1032,111,1
9177,1314,191,1
9178,1076,1589,0
9179,858,1591,0
9180,3098,1049,0
9181,2779,623,0
9182,141,254,1
9183,1946,3,0
9184,2355,1437,0
9185,65,1757,1
9186,1314,1428,1
9187,1461,254,1
9188,4320,598,1
9189,4296,1163,0
9190,869,1593,0
9191,547,1212,0
9192,4458,482,0
9193,2195,1306,0
9194,2333,664,0
9195,3474,1832,0
9196,1817,1658,0
9197,542,494,0
9198,4347,1835,0
9199,1149,216,0
9200,1428,1093,0
9201,514,1713,0
9202,3148,897,1
9203,2140,378,1
9204,22,792,1
9205,2017,471,1
9206,1773,499,1
9207,3376,634,0
9208,4256,803,1
9209,3471,162,0
9210,112,835,0
9211,2980,116,1
9212,3307,506,0
9213,1454,197,1
9214,4468,114,1
9215,1589,830,1
9216,420,278,1
9217,4401,148,1
9218,44,550,1
9219,564,462,1
9220,1608,1251,0
9221,2419,1123,0
9222,3759,656,1
9223,4469,405,1
9224,2518,2084,0
9225,2512,1068,0
9226,47,111,1
9227,832,1398,0
9228,1637,524,1
9229,1234,405,1
9230,1129,410,1
9231,1240,46,0
9232,192,18,1
9233,1176,934,0
9234,3284,2157,0
9235,167,1472,0
9236,529,1932,0
9237,2665,1669,1
9238,3805,638,0
9239,4161,194,0
9240,1799,1438,0
9241,1220,1270,0
9242,1379,695,0
9243,723,598,1
9244,2020,1067,1
9245,93,1223,1
9246,32,254,1
9247,704,208,0
9248,109,2151,1
9249,2991,100,1
9250,1036,2001,0
9251,1089,1339,1
9252,820,217,1
9253,1159,148,1
9254,141,27,1
9255,2889,1039,0
9256,2434,1778,1
9257,3187,1151,0
9258,20,1248,1
9259,3750,2155,0
9260,123,726,1
9261,3842,1465,0
9262,2639,18,1
9263,3412,1836,1
9264,731,350,1
9265,2755,1526,0
9266,524,657,1
9267,2161,1822,0
9268,2369,164,0
9269,1419,1031,0
9270,2216,265,0
9271,1675,771,0
9272,10,206,1
9273,3641,732,0
9274,1080,1943,0
9275,4348,259,0
9276,874,1982,0
9277,2,148,1
9278,3004,122,0
9279,1996,1310,1
9280,807,1356,1
9281,501,130,1
9282,2519,1656,0
9283,1070,182,0
9284,2885,152,1
9285,4471,565,1
9286,794,194,1
9287,272,746,0
9288,47,771,1
9289,2240,72,1
9290,65,1788,1
9291,49,69,1
9292,504,452,1
9293,4406,1620,0
9294,638,147,1
9295,580,48,0
9296,3338,1823,0
9297,65,1162,1
9298,511,596,1
9299,1834,911,1
9300,453,189,1
9301,4257,27,1
9302,3887,325,0
9303,3274,2133,0
9304,1349,72,1
9305,542,164,1
9306,2947,463,0
9307,1313,346,1
9308,2143,1648,0
9309,522,1880,0
9310,3407,1582,0
9311,490,595,0
9312,1227,468,1
9313,2821,875,1
9314,575,1726,1
9315,1763,37,1
9316,4230,1413,0
9317,989,26,1
9318,538,1609,0
9319,4225,760,0
9320,196,17,0
9321,3783,214,1
9322,2790,711,0
9323,2666,2064,0
9324,4473,792,1
9325,651,96,1
9326,2549,1819,1
9327,1862,1608,0
9328,328,378,1
9329,4474,18,1
9330,65,435,1
9331,2229,72,1
9332,194,2113,0
9333,1143,1485,0
9334,4110,307,1
9335,1758,69,1
9336,3437,1177,1
9337,504,90,1
9338,3750,1031,0
9339,335,206,1
9340,35,1466,1
9341,951,2053,0
9342,1912,700,0
9343,1416,1310,0
9344,607,1448,0
9345,204,598,1
9346,137,48,0
9347,3195,114,1
9348,385,278,1
9349,414,2174,0
9350,962,1715,1
9351,593,100,1
9352,411,724,1
9353,2526,148,1
9354,4173,1808,0
9355,2073,1836,0
9356,4100,1040,1
9357,4438,566,1
9358,3625,752,0
9359,888,1177,1
9360,4002,675,1
9361,65,879,1
9362,894,550,1
9363,2842,1685,0
9364,1379,656,0
9365,4146,1401,0
9366,869,148,1
9367,76,1380,1
9368,561,1646,0
9369,4297,1660,0
9370,76,3,1
9371,3293,2059,0
9372,1809,690,1
9373,2669,792,1
9374,184,834,0
9375,2263,1908,0
9376,858,2133,0
9377,2668,1991,1
9378,798,1725,0
9379,933,192,0
9380,820,733,1
9381,1611,1047,0
9382,279,959,1
9383,3102,334,1
9384,1567,340,1
9385,2576,54,1
9386,469,1599,1
9387,3566,1026,0
9388,1249,675,1
9389,131,1942,0
9390,1710,876,1
9391,309,378,1
9392,2186,1387,0
9393,2073,148,0
9394,906,1853,0
9395,1397,1380,1
9396,2927,897,0
9397,2527,1642,0
9398,2882,376,0
9399,653,159,0
9400,2805,322,0
9401,4369,1645,0
9402,134,1618,0
9403,1360,148,1
9404,892,550,1
9405,2952,1915,0
9406,4017,1132,1
9407,3151,778,1
9408,141,378,1
9409,704,846,1
9410,1634,998,1
9411,3692,389,0
9412,103,550,1
9413,2951,148,1
9414,2160,1637,1
9415,4410,1907,0
9416,2002,1865,0
9417,3220,1483,0
9418,700,2117,0
9419,4087,1375,1
9420,2865,831,0
9421,1660,685,0
9422,2901,2049,1
9423,3720,1444,0
9424,150,1401,0
9425,2104,814,0
9426,309,116,1
9427,744,778,1
9428,1226,114,1
9429,996,75,0
9430,3736,141,0
9431,4476,1833,0
9432,794,90,1
9433,4128,1563,0
9434,899,2101,1
9435,1237,1294,1
9436,4123,336,0
9437,2974,2038,0
9438,512,1732,1
9439,1467,148,1
9440,35,277,1
9441,4301,375,1
9442,3266,530,0
9443,807,1140,1
9444,651,92,1
9445,3685,2103,0
9446,58,1111,0
9447,374,1419,0
9448,2810,980,1
9449,230,125,1
9450,2751,1757,0
9451,2332,2159,1
9452,485,750,0
9453,780,1709,1
9454,1459,148,1
9455,2348,984,0
9456,949,167,1
9457,905,1324,1
9458,2847,468,0
9459,4063,1170,0
9460,406,72,1
9461,2317,1822,1
9462,1916,584,0
9463,2589,460,0
9464,475,254,1
9465,211,189,1
9466,642,147,1
9467,195,733,1
9468,65,1134,1
9469,1210,8,1
9470,1413,1482,1
9471,205,72,1
9472,2686,1132,0
9473,3946,1118,0
9474,90,195,1
9475,145,1290,0
9476,1170,410,0
9477,3844,1543,0
9478,2139,337,0
9479,2012,557,0
9480,49,136,1
9481,3894,1038,0
9482,1508,1583,1
9483,3800,1004,0
9484,1069,148,1
9485,3473,1599,0
9486,2183,941,1
9487,1073,1982,0
9488,2692,1646,0
9489,1843,1571,0
9490,3340,1800,0
9491,481,1040,0
9492,1455,1725,1
9493,796,2122,1
9494,65,1210,1
9495,3281,284,0
9496,1843,520,1
9497,57,69,1
9498,2528,929,1
9499,2003,392,1
9500,3156,929,0
9501,3051,1645,0
9502,1115,1908,0
9503,3331,334,1
9504,1528,1280,0
9505,875,594,0
9506,349,201,0
9507,511,335,1
9508,565,1037,0
9509,3543,592,0
9510,1219,711,1
9511,549,277,0
9512,882,1907,1
9513,701,2158,0
9514,1513,1999,0
9515,2094,259,1
9516,2597,1208,1
9517,4267,1190,0
9518,1358,222,1
9519,2068,1679,0
9520,4268,1729,0
9521,1461,147,1
9522,1144,690,1
9523,927,918,0
9524,2685,2013,0
9525,3867,1403,0
9526,665,1433,0
9527,1703,1529,0
9528,4337,342,0
9529,4342,217,0
9530,4182,13,0
9531,166,37,1
9532,941,604,0
9533,1421,480,1
9534,2464,692,0
9535,2237,1197,1
9536,4202,1472,0
9537,4127,2161,0
9538,3589,80,1
9539,1755,1702,0
9540,1567,2180,1
9541,4195,566,1
9542,1060,185,1
9543,4480,114,1
9544,4444,404,0
9545,690,1726,1
9546,847,550,1
9547,3245,424,1
9548,511,745,1
9549,741,417,1
9550,3273,416,1
9551,2075,1074,0
9552,1013,450,0
9553,294,1680,0
9554,2608,1448,0
9555,706,1096,1
9556,306,1440,0
9557,75,550,1
9558,98,8,1
9559,2718,1111,1
9560,1250,72,1
9561,3974,823,0
9562,595,185,1
9563,2654,480,1
9564,950,1242,0
9565,345,189,1
9566,2070,789,0
9567,324,1723,0
9568,3909,1422,0
9569,4065,202,0
9570,802,901,0
9571,286,1411,1
9572,3378,803,0
9573,2601,745,1
9574,642,3,1
9575,778,557,1
9576,4482,2038,0
9577,2615,1269,0
9578,296,1045,0
9579,3914,381,1
9580,558,1366,0
9581,2771,1556,0
9582,3919,1659,0
9583,780,875,1
9584,65,2097,1
9585,1403,339,1
9586,575,194,1
9587,970,1397,0
9588,1461,711,1
9589,874,503,1
9590,576,1581,1
9591,3367,340,1
9592,1003,192,1
9593,1680,2077,0
9594,205,136,1
9595,3445,1163,0
9596,55,1972,0
9597,3637,2057,0
9598,2479,496,0
9599,3343,86,0
9600,962,278,1
9601,413,871,1
9602,1334,195,1
9603,1219,84,1
9604,500,284,0
9605,2727,144,1
9606,1972,1845,0
9607,182,568,1
9608,2689,479,1
9609,2463,189,0
9610,1542,792,1
9611,1132,1848,0
9612,3467,1236,1
9613,3477,1757,1
9614,338,2064,0
9615,4231,1788,0
9616,4107,510,0
9617,1537,266,1
9618,733,2076,0
9619,777,836,0
9620,608,206,1
9621,23,1803,0
9622,512,757,1
9623,558,116,1
9624,1685,410,0
9625,498,313,0
9626,732,1032,0
9627,1728,1272,0
9628,1503,990,0
9629,1063,182,1
9630,1469,164,1
9631,1994,148,1
9632,80,1363,0
9633,1681,195,1
9634,967,1853,1
9635,1136,1738,0
9636,1950,1986,0
9637,2685,397,1
9638,821,724,1
9639,2047,274,1
9640,1686,925,1
9641,3895,1819,0
9642,3774,136,0
9643,4300,1112,0
9644,35,125,1
9645,1861,1858,0
9646,4435,267,0
9647,2231,1013,1
9648,3496,2166,0
9649,2841,719,1
9650,3681,149,1
9651,1578,802,0
9652,1173,378,1
9653,961,1306,0
9654,3612,927,0
9655,1067,27,1
9656,883,260,1
9657,1401,35,0
9658,4062,1466,0
9659,1501,1209,0
9660,4144,1593,0
9661,695,1543,0
9662,2926,1726,0
9663,1806,211,0
9664,4226,1487,0
9665,2590,1049,0
9666,1298,475,0
9667,1484,307,1
9668,1366,274,0
9669,153,37,1
9670,2436,476,1
9671,3289,847,0
9672,4347,525,1
9673,472,2045,1
9674,4309,1879,1
9675,411,369,1
9676,4147,78,0
9677,2404,1952,0
9678,4166,1556,1
9679,1940,195,1
9680,3483,1134,0
9681,748,1822,0
9682,52,1072,1
9683,286,1137,1
9684,1474,1352,1
9685,1728,63,1
9686,3063,1357,1
9687,2406,1371,1
9688,662,1446,1
9689,4126,403,1
9690,780,998,1
9691,1084,55,1
9692,3329,1208,1
9693,3582,899,0
9694,1225,1371,0
9695,3075,2118,0
9696,1732,1646,1
9697,4018,1230,0
9698,1177,1469,0
9699,17,986,1
9700,881,586,1
9701,1210,993,0
9702,958,426,1
9703,2943,507,1
9704,2619,449,0
9705,1984,961,0
9706,2899,952,0
9707,1763,185,1
9708,3480,730,0
9709,4205,246,0
9710,4337,1375,1
9711,1650,464,1
9712,1313,1737,1
9713,4315,450,0
9714,3589,24,0
9715,4045,148,1
9716,1173,260,1
9717,1944,937,1
9718,3743,562,1
9719,254,337,0
9720,1010,1913,0
9721,3335,1413,1
9722,798,1998,0
9723,3075,754,0
9724,35,69,1
9725,81,1357,0
9726,3658,2088,0
9727,1105,1468,0
9728,884,204,1
9729,4422,293,0
9730,1210,148,1
9731,2273,114,1
9732,4406,2054,1
9733,2002,598,1
9734,4176,378,1
9735,2294,136,1
9736,1080,308,1
9737,2144,797,1
9738,2975,757,1
9739,1949,469,1
9740,1701,2174,1
9741,1397,1390,0
9742,3852,398,0
9743,1537,1788,0
9744,672,1619,0
9745,2451,1132,1
9746,107,35,1
9747,2435,2180,0
9748,2691,1830,0
9749,75,125,1
9750,909,1339,1
9751,309,339,1
9752,3737,524,0
9753,2200,603,1
9754,3496,950,0
9755,107,1074,1
9756,3159,760,0
9757,1944,1707,0
9758,4114,1294,0
9759,3343,883,0
9760,2005,321,0
9761,780,426,1
9762,3408,1132,1
9763,1609,989,0
9764,1313,737,0
9765,205,148,1
9766,1358,424,1
9767,65,2172,1
9768,949,1231,1
9769,286,2038,1
9770,3786,1701,0
9771,17,752,0
9772,3815,963,1
9773,4377,993,0
9774,10,538,1
9775,411,208,1
9776,1402,460,1
9777,3688,248,1
9778,3911,914,1
9779,2563,2153,0
9780,1940,538,1
9781,871,1571,0
9782,4019,557,1
9783,1237,1742,1
9784,2377,1154,0
9785,3125,2067,1
9786,1062,452,1
9787,2793,1750,1
9788,4368,929,0
9789,2413,1114,0
9790,184,1782,0
9791,1173,1990,0
9792,4428,273,1
9793,3839,1271,0
9794,1777,17,1
9795,1615,566,1
9796,2140,206,1
9797,861,253,1
9798,468,851,1
9799,602,1304,0
9800,430,2157,0
9801,2313,409,0
9802,1905,1359,0
9803,343,37,1
9804,3731,149,1
9805,4481,220,0
9806,294,469,1
9807,1075,185,1
9808,3523,761,0
9809,1314,308,1
9810,4166,1591,0
9811,3516,894,0
9812,2276,1871,0
9813,2766,2070,0
9814,3934,714,1
9815,181,538,1
9816,4342,1508,0
9817,677,1769,0
9818,414,402,1
9819,3107,259,1
9820,3747,149,1
9821,3067,1915,0
9822,155,970,0
9823,1176,479,0
9824,490,189,1
9825,1067,933,0
9826,3295,412,1
9827,4400,1998,0
9828,2922,2081,0
9829,511,1902,1
9830,176,1151,0
9831,899,1640,0
9832,749,1770,0
9833,3723,314,0
9834,1358,464,1
9835,2543,1040,1
9836,2648,405,1
9837,3066,124,0
9838,2942,1093,1
9839,1090,1408,0
9840,3072,3,1
9841,1787,1302,0
9842,4429,1420,0
9843,1376,1269,0
9844,2572,319,0
9845,3507,802,1
9846,558,638,1
9847,1495,144,1
9848,2875,1448,0
9849,3896,375,1
9850,4008,149,1
9851,2070,114,1
9852,4486,58,1
9853,230,282,1
9854,498,148,1
9855,3378,1830,0
9856,819,1553,1
9857,524,278,1
9858,1910,826,0
9859,1777,1609,0
9860,3638,389,0
9861,2374,253,1
9862,205,339,1
9863,75,192,1
9864,1822,84,1
9865,794,1969,1
9866,2818,116,1
9867,2225,1717,0
9868,2972,206,1
9869,577,628,0
9870,2120,2087,1
9871,820,356,1
9872,862,1408,0
9873,215,550,1
9874,1897,954,1
9875,58,2052,0
9876,3875,1891,1
9877,4170,92,1
9878,4461,787,0
9879,823,1713,0
9880,3486,1969,0
9881,1043,259,0
9882,192,626,1
9883,639,1236,0
9884,682,798,1
9885,1221,2020,0
9886,1589,168,1
9887,1201,752,0
9888,911,899,1
9889,813,1479,1
9890,1036,130,1
9891,3826,156,0
9892,3820,111,1
9893,3206,1420,0
9894,1036,998,1
9895,525,927,0
9896,2636,952,1
9897,2668,1112,1
9898,4296,538,0
9899,2087,597,1
9900,484,378,0
9901,1923,464,1
9902,1262,1956,0
9903,2927,700,1
9904,3724,1537,1
9905,512,1723,1
9906,4487,855,1
9907,3183,1838,0
9908,2407,1553,0
9909,3279,2031,0
9910,3387,1643,0
9911,1228,66,0
9912,323,185,1
9913,3988,654,1
9914,1053,628,1
9915,1358,1484,0
9916,2681,206,1
9917,1135,801,0
9918,1401,1739,0
9919,2130,2053,0
9920,504,130,1
9921,1110,2172,0
9922,1629,262,0
9923,713,711,1
9924,1667,1483,0
9925,52,468,0
9926,2216,1140,0
9927,2013,149,1
9928,2603,2082,0
9929,4231,1879,1
9930,1674,391,1
9931,3698,934,0
9932,4394,1584,1
9933,2400,841,0
9934,962,726,1
9935,83,260,1
9936,585,789,0
9937,4349,1727,1
9938,1237,1857,1
9939,286,1671,1
9940,780,975,1
9941,1651,1794,0
9942,3575,1042,0
9943,559,69,1
9944,2463,846,0
9945,259,389,1
9946,980,1684,0
9947,205,55,1
9948,3424,1049,0
9949,4181,1267,0
9950,3487,84,1
9951,2737,1757,0
9952,362,175,0
9953,2090,1907,0
9954,4440,27,1
9955,104,711,1
9956,2277,1897,0
9957,846,538,1
9958,2619,222,0
9959,6,642,1
9960,345,278,1
9961,3067,1972,0
9962,3375,761,0
9963,968,947,1
9964,2980,843,0
9965,4126,1267,0
9966,2188,1691,0
9967,4344,35,0
9968,165,194,1
9969,851,1428,0
9970,783,158,0
9971,3877,557,0
9972,1682,130,1
9973,222,208,1
9974,2162,605,0
9975,141,116,1
9976,183,648,1
9977,72,63,1
9978,3286,1683,0
9979,1105,253,1
9980,2754,1715,1
9981,1831,517,0
9982,1681,538,1
9983,3012,1089,0
9984,345,994,1
9985,2921,1923,0
9986,4363,954,1
9987,1834,369,1
9988,166,628,1
9989,4412,1835,1
9990,650,1347,0
9991,3718,1576,0
9992,2319,566,1
9993,323,1619,0
9994,2623,140,1
9995,3483,258,0
9996,1063,616,1
9997,1072,2113,0
9998,3842,140,1
9999,3067,337,0
10000,649,1187,0
10001,894,192,1
10002,2196,1632,1
10003,2867,80,1
10004,2419,524,0
10005,847,192,1
10006,653,653,1
10007,2369,1915,0
10008,65,2133,1
10009,1604,1375,1
10010,1805,2040,0
10011,1763,278,1
10012,4019,73,1
10013,2575,1072,0
10014,916,8,1
10015,2190,554,0
10016,83,638,1
10017,4492,906,1
10018,652,1085,0
10019,3911,892,1
10020,2662,257,0
10021,1208,566,1
10022,883,701,0
10023,371,489,1
10024,1644,516,0
10025,507,963,1
10026,2981,1388,1
10027,192,1371,1
10028,1082,72,1
10029,1413,990,1
10030,1289,690,0
10031,139,4,0
10032,603,3,1
10033,2318,767,0
10034,820,1026,1
10035,2400,111,1
10036,65,439,1
10037,4006,1038,1
10038,1867,290,1
10039,2055,642,1
10040,2589,1860,0
10041,57,262,0
10042,103,628,1
10043,1021,2055,1
10044,286,523,1
10045,1527,843,0
10046,4063,1569,0
10047,1768,15,0
10048,1837,1027,0
10049,3113,5,1
10050,205,147,1
10051,3364,1072,0
10052,3286,1488,0
10053,3758,148,1
10054,10,195,1
10055,1252,1223,0
10056,266,626,0
10057,3427,906,0
10058,65,1687,1
10059,1858,403,1
10060,2770,1670,0
10061,2479,963,1
10062,63,148,1
10063,1210,998,1
10064,361,216,0
10065,847,278,1
10066,1144,975,1
10067,1286,994,1
10068,4415,1309,0
10069,245,148,1
10070,1515,1871,1
10071,34,220,1
10072,4435,1375,1
10073,4380,25,0
10074,788,1453,0
10075,885,1383,1
10076,783,1191,0
10077,746,1223,0
10078,1382,733,1
10079,2870,162,0
10080,472,888,1
10081,3946,2115,0
10082,2579,1393,0
10083,1273,711,1
10084,488,469,1
10085,267,884,1
10086,2209,2161,0
10087,475,417,1
10088,260,2157,0
10089,529,1585,1
10090,3383,1957,1
10091,1914,111,1
10092,986,2075,0
10093,1486,380,1
10094,295,1049,0
10095,3742,525,1
10096,558,919,1
10097,735,1063,1
10098,2262,821,0
10099,1780,1254,0
10100,98,130,1
10101,3122,18,0
10102,1590,125,1
10103,328,84,1
10104,2990,1725,1
10105,980,66,0
10106,3297,1542,1
10107,3997,723,0
10108,4261,1975,0
10109,1508,469,1
10110,691,111,1
10111,846,84,1
10112,4466,1055,1
10113,2287,974,0
10114,2375,342,1
10115,4234,282,0
10116,2176,817,1
10117,2020,1789,1
10118,2279,226,0
10119,2896,566,1
10120,852,386,0
10121,3696,1772,0
10122,1601,449,0
10123,884,1778,1
10124,2215,479,1
10125,2766,470,0
10126,309,136,1
10127,2936,149,1
10128,1710,1134,0
10129,282,1323,0
10130,808,287,1
10131,3359,72,1
10132,2912,149,1
10133,3688,1738,0
10134,1614,1907,0
10135,4370,1859,0
10136,793,253,1
10137,4257,1114,0
10138,4252,513,1
10139,708,1208,0
10140,4417,1177,1
10141,57,63,1
10142,3180,405,1
10143,4052,1828,0
10144,2291,517,0
10145,1819,1727,1
10146,3906,405,1
10147,859,1055,1
10148,1940,711,1
10149,908,1035,0
10150,72,148,1
10151,4495,166,0
10152,372,375,1
10153,1481,803,1
10154,254,1995,0
10155,2084,788,1
10156,165,185,1
10157,155,148,1
10158,153,130,1
10159,412,914,1
10160,35,203,1
10161,194,603,1
10162,3645,206,1
10163,914,887,0
10164,2158,231,0
10165,1918,917,0
10166,2474,780,0
10167,13,1836,1
10168,286,450,1
10169,475,1819,1
10170,2549,742,0
10171,2692,307,1
10172,1144,1670,1
10173,1992,251,0
10174,4326,1063,1
10175,561,148,1
10176,413,2076,1
10177,2392,339,1
10178,1143,340,1
10179,3949,1022,0
10180,382,399,0
10181,3396,1512,0
10182,3670,116,1
10183,65,698,1
10184,3808,381,1
10185,3918,787,0
10186,3584,1340,1
10187,299,417,1
10188,882,1221,1
10189,1515,1549,1
10190,499,66,0
10191,428,148,1
10192,2213,375,1
10193,3248,208,1
10194,1337,746,0
10195,2125,473,1
10196,2507,181,0
10197,2582,736,0
10198,2070,1336,0
10199,3437,1935,1
10200,454,1093,1
10201,4376,273,1
10202,602,271,0
10203,279,792,1
10204,32,711,1
10205,1785,1540,0
10206,2490,181,0
10207,1088,1622,0
10208,1798,566,1
10209,2524,1777,0
10210,1895,963,1
10211,3875,1871,0
10212,1176,27,1
10213,1306,1423,0
10214,3644,140,1
10215,2460,1853,0
10216,3143,480,1
10217,736,1716,0
10218,2474,613,0
10219,3688,1544,0
10220,1368,1341,1
10221,328,69,1
10222,3398,875,1
10223,287,206,1
10224,413,734,1
10225,2026,6,0
10226,2471,1717,0
10227,3160,1045,0
10228,3363,1285,1
10229,1073,144,1
10230,3306,2159,0
10231,846,711,1
10232,1703,207,0
10233,951,148,1
10234,4251,24,0
10235,55,46,0
10236,3915,1433,0
10237,1315,798,1
10238,291,1691,1
10239,497,130,1
10240,608,1672,0
10241,3011,1569,1
10242,2687,659,1
10243,2155,2047,0
10244,72,84,1
10245,65,1526,1
10246,123,378,1
10247,3089,257,0
10248,1461,1154,0
10249,512,246,1
10250,229,633,0
10251,2746,730,0
10252,3821,1194,0
10253,49,282,1
10254,916,402,1
10255,1634,192,1
10256,1845,147,1
10257,1604,1274,0
10258,808,1943,1
10259,1259,1428,1
10260,1387,752,0
10261,1652,405,1
10262,1515,499,1
10263,2316,2013,0
10264,3586,1848,0
10265,1842,709,0
10266,3849,1221,0
10267,4134,1629,0
10268,4198,1857,0
10269,2034,85,0
10270,1511,1901,0
10271,794,1372,1
10272,4341,307,1
10273,2271,203,0
10274,2592,345,0
10275,780,148,1
10276,2417,72,1
10277,1007,2148,1
10278,2528,1090,1
10279,678,1316,0
10280,577,208,1
10281,1053,426,1
10282,3531,1583,0
10283,4267,1942,0
10284,547,489,0
10285,370,1495,1
10286,3673,367,1
10287,4017,464,1
10288,1642,148,1
10289,2639,1659,0
10290,1501,2028,0
10291,2809,149,1
10292,3612,1375,0
10293,1710,1819,1
10294,474,1640,0
10295,3168,1304,0
10296,1078,90,1
10297,858,1200,1
10298,3675,296,1
10299,1923,1417,0
10300,4176,206,1
10301,3814,273,1
10302,1913,2153,0
10303,564,1356,1
10304,1455,2057,1
10305,916,348,1
10306,946,1601,0
10307,820,667,1
10308,670,1583,1
10309,2498,1782,0
10310,4316,1483,0
10311,1422,1371,1
10312,1800,1371,0
10313,1099,803,0
10314,2186,689,0
10315,1646,1096,1
10316,1515,821,1
10317,211,130,1
10318,0,141,0
10319,608,1282,0
10320,1801,1022,1
10321,2499,1447,0
10322,3262,1397,0
10323,4485,1545,1
10324,2898,1701,0
10325,1290,356,1
10326,2561,1361,1
10327,4153,75,0
10328,1892,1007,1
10329,2955,1742,0
10330,2184,125,1
10331,462,206,1
10332,1531,1022,0
10333,7,902,1
10334,4115,1803,0
10335,2543,1382,0
10336,296,1310,1
10337,382,334,1
10338,561,125,1
10339,3339,1635,0
10340,3103,1132,1
10341,3723,788,0
10342,4422,1962,0
10343,690,37,1
10344,2106,100,1
10345,4255,440,0
10346,35,84,1
10347,4112,1325,0
10348,1181,289,0
10349,207,470,1
10350,454,836,0
10351,466,2153,1
10352,912,149,1
10353,83,695,0
10354,371,2158,1
10355,1399,1210,0
10356,3633,1163,0
10357,3643,659,1
10358,286,1418,1
10359,480,1920,0
10360,115,1092,0
10361,3615,475,1
10362,649,1306,0
10363,4355,1417,0
10364,1956,439,0
10365,3069,1640,0
10366,3572,952,1
10367,967,258,0
10368,858,735,1
10369,220,278,1
10370,2005,48,1
10371,803,426,1
10372,2096,1132,1
10373,3853,613,1
10374,3517,1266,0
10375,2649,1876,0
10376,3067,1792,0
10377,3972,24,1
10378,1230,2163,0
10379,1231,215,0
10380,3226,253,1
10381,2393,1092,0
10382,345,192,1
10383,2123,792,1
10384,801,1446,1
10385,492,2091,1
10386,286,2129,1
10387,1161,284,0
10388,4033,1359,0
10389,706,875,1
10390,3394,1929,0
10391,2392,27,1
10392,2047,66,1
10393,4162,739,0
10394,1473,426,1
10395,65,1540,1
10396,72,206,1
10397,2086,1373,0
10398,3763,1315,0
10399,777,745,1
10400,843,1819,1
10401,367,1549,1
10402,2155,1336,1
10403,665,1007,1
10404,4407,175,0
10405,499,1053,0
10406,1476,260,1
10407,558,93,1
10408,251,1512,1
10409,892,426,1
10410,481,166,0
10411,83,378,1
10412,2296,2067,0
10413,75,308,0
10414,149,1627,0
10415,3724,468,0
10416,708,472,0
10417,736,125,1
10418,98,37,1
10419,486,116,0
10420,552,1757,0
10421,32,84,1
10422,2221,387,1
10423,2535,2083,0
10424,1089,1324,1
10425,1060,998,1
10426,2784,2001,0
10427,256,1436,1
10428,2279,1918,0
10429,412,148,1
10430,1249,1489,0
10431,2446,147,1
10432,3444,662,0
10433,2899,634,0
10434,420,293,1
10435,611,584,0
10436,4333,773,1
10437,1021,690,1
10438,3100,405,1
10439,2302,90,1
10440,2799,700,0
10441,682,1416,1
10442,4407,818,1
10443,3279,507,1
10444,2562,616,1
10445,3067,1953,0
10446,1824,1141,0
10447,2225,220,0
10448,2047,1778,1
10449,3313,219,0
10450,466,1141,1
10451,1515,1472,1
10452,165,189,1
10453,2447,711,1
10454,2683,378,1
10455,1374,148,1
10456,963,143,1
10457,3982,2110,0
10458,2027,603,1
10459,279,369,1
10460,962,194,1
10461,256,464,1
10462,392,1142,0
10463,649,2089,0
10464,792,69,1
10465,1905,956,0
10466,585,133,0
10467,4383,273,0
10468,3037,608,0
10469,320,646,0
10470,1166,1897,0
10471,2282,638,1
10472,3697,1174,0
10473,3926,2177,0
10474,1689,1069,0
10475,3098,917,0
10476,1402,1563,0
10477,4287,111,1
10478,1476,148,1
10479,257,1790,0
10480,3159,178,0
10481,3833,1306,0
10482,2416,1242,0
10483,1407,892,0
10484,1034,204,1
10485,4093,767,0
10486,1861,1762,0
10487,3093,1271,0
10488,1912,611,1
10489,1909,1082,0
10490,3183,525,1
10491,843,2129,0
10492,1556,588,0
10493,1045,1800,0
10494,679,837,0
10495,833,2053,1
10496,104,2040,0
10497,3015,100,1
10498,2304,1829,0
10499,1974,1760,1
10500,4355,777,0
10501,670,140,0
10502,267,8,0
10503,801,690,1
10504,3335,788,0
10505,98,835,1
10506,1612,125,1
10507,3984,714,1
10508,770,174,1
10509,1053,37,1
10510,2245,660,0
10511,607,273,0
10512,4435,773,0
10513,286,249,1
10514,847,402,1
10515,124,1729,0
10516,3913,786,0
10517,513,1584,0
10518,1083,1684,0
10519,3589,405,1
10520,4231,380,1
10521,2038,2093,0
10522,1270,903,0
10523,1043,1241,0
10524,1995,2134,0
10525,647,793,0
10526,744,1748,0
10527,383,290,1
10528,526,1880,1
10529,2299,262,0
10530,251,638,1
10531,1410,1774,0
10532,3133,149,1
10533,3538,507,0
10534,2889,1369,0
10535,907,1583,0
10536,1629,1221,0
10537,2190,316,0
10538,3922,55,0
10539,2413,232,1
10540,1748,315,0
10541,1437,850,0
10542,3403,1315,0
10543,2867,405,1
10544,1078,278,1
10545,565,147,1
10546,2161,1167,1
10547,3095,166,0
10548,3300,1702,0
10549,845,1534,0
10550,3042,1223,0
10551,1097,2038,0
10552,614,823,0
10553,123,195,1
10554,2236,420,0
10555,962,603,1
10556,894,974,1
10557,4016,523,0
10558,3911,1699,0
10559,3761,8,0
10560,2292,50,0
10561,166,1037,0
10562,3688,653,0
10563,1545,786,0
10564,543,1819,0
10565,4275,2070,0
10566,1299,510,0
10567,1176,72,1
10568,792,3,1
10569,2577,1651,0
10570,958,192,1
10571,3885,991,0
10572,2428,146,0
10573,3861,1141,0
10574,3408,1285,1
10575,3705,386,0
10576,3706,69,0
10577,1219,1732,1
10578,2332,1537,1
10579,1662,148,1
10580,2991,2149,0
10581,2272,356,1
10582,1294,69,1
10583,3934,894,1
10584,468,1901,0
10585,2146,100,1
10586,3325,273,1
10587,2624,1268,0
10588,1003,998,1
10589,215,37,1
10590,1729,1620,0
10591,1973,1473,0
10592,3277,27,1
10593,497,90,1
10594,368,84,0
10595,4053,273,1
10596,2297,550,1
10597,2478,688,0
10598,1547,1401,0
10599,65,1191,1
10600,4034,417,1
10601,4406,1448,0
10602,4349,1836,0
10603,2517,341,0
10604,3063,258,1
10605,4352,2006,0
10606,1589,1186,1
10607,2541,1101,0
10608,3591,998,0
10609,2927,130,1
10610,3085,208,1
10611,3967,1450,0
10612,4093,1778,1
10613,389,338,0
10614,2922,479,1
10615,259,306,0
10616,973,1369,0
10617,2365,195,1
10618,3484,901,0
10619,1334,711,1
10620,2790,565,0
10621,1790,851,1
10622,2195,952,0
10623,3731,1478,0
10624,845,743,1
10625,3011,2097,0
10626,2705,148,1
10627,3807,387,0
10628,3984,1300,0
10629,1042,116,0
10630,4210,182,0
10631,3339,513,0
10632,2240,1501,0
10633,1166,195,1
10634,4430,1095,1
10635,892,189,1
10636,3564,1428,1
10637,518,952,0
10638,103,1379,1
10639,4313,1209,0
10640,3101,1727,1
10641,517,541,0
10642,3978,1480,0
10643,4153,1798,0
10644,3795,465,0
10645,1021,1007,1
10646,490,550,1
10647,1780,148,1
10648,4175,609,0
10649,1617,1279,0
10650,361,507,0
10651,3417,901,0
10652,2972,1533,0
10653,1654,273,1
10654,575,628,1
10655,1025,1069,0
10656,1936,148,1
10657,424,792,1
10658,3425,1236,0
10659,662,1857,1
10660,518,38,1
10661,385,90,1
10662,215,1726,1
10663,1053,835,1
10664,2495,140,1
10665,3517,846,0
10666,2183,655,1
10667,3763,2006,1
10668,4315,2177,0
10669,1251,990,1
10670,522,100,1
10671,1859,1798,1
10672,952,1272,0
10673,3072,417,1
10674,2613,1119,0
10675,1974,1676,0
10676,456,1141,1
10677,488,734,1
10678,2157,1086,0
10679,2371,604,0
10680,4474,1597,0
10681,645,2058,0
10682,1045,253,0
10683,57,339,1
10684,1575,507,0
10685,372,17,1
10686,2112,535,1
10687,3668,1012,0
10688,800,2165,0
10689,4422,334,1
10690,105,1790,0
10691,3034,148,1
10692,1561,1594,1
10693,4158,664,0
10694,287,638,1
10695,984,1824,0
10696,561,27,1
10697,1262,64,0
10698,1655,747,0
10699,1536,405,1
10700,4403,1477,0
10701,2902,1759,0
10702,50,135,0
10703,4356,1883,0
10704,3722,114,1
10705,811,111,1
10706,3719,1901,1
10707,2230,1217,1
10708,3340,724,0
10709,2460,1285,1
10710,846,428,0
10711,3002,356,1
10712,371,2044,1
10713,2322,469,1
10714,847,998,1
10715,2340,2136,0
10716,602,179,0
10717,2332,1830,1
10718,3347,329,0
10719,1437,1379,0
10720,4452,37,0
10721,973,26,0
10722,646,2056,1
10723,1473,192,1
10724,3101,736,0
10725,4215,786,0
10726,267,236,0
10727,2818,148,1
10728,2967,111,1
10729,3122,711,0
10730,3700,1019,0
10731,1170,1931,0
10732,616,1748,1
10733,916,550,1
10734,4453,613,1
10735,3879,1160,0
10736,2662,1309,1
10737,251,135,1
10738,3604,319,0
10739,1956,1879,1
10740,4287,271,0
10741,1682,628,1
10742,2549,417,1
10743,1374,1578,0
10744,4293,719,0
10745,1249,506,0
10746,201,1861,0
10747,2502,1303,0
10748,2551,1685,0
10749,4407,1175,0
10750,1935,698,0
10751,4502,918,0
10752,3526,287,0
10753,1552,266,1
10754,3934,1069,0
10755,3591,1268,0
10756,4357,55,0
10757,3715,906,0
10758,852,471,0
10759,3028,1644,0
10760,4454,562,1
10761,3182,1850,0
10762,2039,1209,0
10763,3853,1484,0
10764,261,1416,0
10765,1631,1719,1
10766,3475,1170,0
10767,4153,2015,0
10768,770,897,0
10769,153,293,1
10770,4391,798,0
10771,2498,149,1
10772,808,1365,1
10773,2718,1967,0
10774,1394,623,0
10775,1547,2071,0
10776,3453,592,1
10777,1663,112,0
10778,276,1997,0
10779,2791,482,0
10780,920,416,0
10781,107,1241,1
10782,4162,84,1
10783,1548,432,0
10784,2658,875,0
10785,471,685,0
10786,251,13,1
10787,349,2088,0
10788,794,734,1
10789,398,1963,0
10790,457,1715,0
10791,474,1004,0
10792,3173,1132,0
10793,2619,1991,0
10794,1673,1916,0
10795,651,1007,1
10796,288,753,0
10797,4438,1165,0
10798,65,824,1
10799,1099,711,1
10800,139,818,0
10801,4151,1583,0
10802,794,426,1
10803,3444,1745,0
10804,2374,265,0
10805,2665,389,1
10806,2436,720,0
10807,2813,214,1
10808,75,130,1
10809,724,734,1
10810,3364,161,0
10811,642,1344,1
10812,1648,515,0
10813,2853,1630,0
10814,868,566,1
10815,65,1619,1
10816,3166,1702,0
10817,463,706,1
10818,1377,1692,0
10819,1821,253,1
10820,4495,114,1
10821,4319,255,0
10822,4500,1936,0
10823,2852,340,1
10824,2234,340,0
10825,2323,1967,0
10826,4447,1759,1
10827,4403,72,1
10828,4504,149,1
10829,1564,1048,0
10830,3961,471,0
10831,4486,788,0
10832,465,786,0
10833,4046,58,0
10834,2223,771,0
10835,3934,162,1
10836,1633,458,0
10837,1848,714,1
10838,753,1031,0
10839,2797,375,1
10840,490,8,1
10841,989,399,1
10842,1923,1609,0
10843,706,2083,1
10844,694,18,1
10845,3380,2060,0
10846,2746,24,0
10847,1558,1231,0
10848,1259,1538,0
10849,830,289,0
10850,3972,1757,0
10851,531,27,1
10852,898,148,0
10853,2154,473,0
10854,2035,2012,0
10855,104,657,0
10856,922,562,1
10857,1289,209,0
10858,55,147,1
10859,4368,435,0
10860,1837,69,1
10861,3028,802,0
10862,3949,378,0
10863,3903,638,0
10864,4167,1221,0
10865,4042,1095,1
10866,2478,565,1
10867,1334,206,1
10868,231,1580,1
10869,1669,148,1
10870,1538,1670,0
10871,4192,1384,0
10872,874,720,0
10873,4295,862,0
10874,3359,1347,0
10875,931,994,1
10876,3305,289,0
10877,4091,343,0
10878,4002,1819,0
10879,4482,1197,1
10880,1093,726,0
10881,2287,469,0
10882,65,226,1
10883,4490,2101,0
10884,1842,1789,0
10885,926,1501,0
10886,1057,843,1
10887,3511,667,0
10888,2033,3,1
10889,916,1531,1
10890,4502,375,1
10891,3345,2012,0
10892,1007,1969,1
10893,207,215,1
10894,2312,963,0
10895,3037,1706,1
10896,1665,1667,0
10897,213,440,0
10898,3664,857,0
10899,1153,719,0
10900,3444,597,0
10901,4392,184,1
10902,803,37,1
10903,1414,1656,0
10904,501,1026,0
10905,2517,788,0
10906,2108,184,1
10907,3562,1530,0
10908,1627,179,0
10909,4140,935,1
10910,2451,150,0
10911,4344,522,0
10912,2423,1384,0
10913,182,2006,1
10914,231,854,1
10915,1747,792,1
10916,1797,605,0
10917,1453,701,0
10918,44,293,1
10919,136,834,0
10920,72,55,1
10921,3938,389,1
10922,3490,1019,0
10923,4215,1725,1
10924,1078,130,1
10925,956,1083,0
10926,1503,1739,0
10927,511,980,1
10928,182,191,1
10929,3807,366,0
10930,3403,862,0
10931,3161,1462,0
10932,1566,1853,0
10933,1290,927,0
10934,1843,963,1
10935,2184,136,1
10936,1947,287,0
10937,4431,1728,1
10938,2095,1749,1
10939,429,1497,0
10940,3366,192,0
10941,715,148,1
10942,1358,636,1
10943,780,8,1
10944,2481,1773,0
10945,52,1081,0
10946,882,1699,1
10947,1663,289,0
10948,3557,1102,0
10949,3277,148,1
10950,2711,1106,0
