,smiles,sequence,interactions
0,4,4,0
1,6,6,0
2,9,9,0
3,10,10,1
4,11,11,1
5,12,12,0
6,13,13,1
7,15,15,0
8,16,16,0
9,19,19,0
10,20,20,0
11,21,21,0
12,22,22,0
13,24,24,1
14,25,25,0
15,28,28,0
16,30,30,0
17,31,31,0
18,34,34,0
19,38,38,1
20,39,39,0
21,40,40,0
22,44,14,1
23,45,44,0
24,46,45,0
25,47,22,0
26,48,46,0
27,49,14,1
28,50,47,0
29,51,48,1
30,52,49,1
31,53,50,0
32,55,52,1
33,56,53,0
34,15,54,1
35,57,55,1
36,59,57,0
37,60,58,1
38,64,61,0
39,67,64,1
40,69,66,0
41,73,70,0
42,75,69,1
43,76,29,1
44,77,72,1
45,78,73,1
46,81,75,0
47,82,76,1
48,83,77,1
49,85,79,0
50,87,81,0
51,89,83,0
52,90,84,1
53,92,86,1
54,96,29,1
55,98,90,1
56,101,14,1
57,102,28,0
58,103,93,0
59,106,96,1
60,109,99,1
61,112,51,1
62,44,72,1
63,107,105,1
64,116,108,0
65,117,109,0
66,120,112,1
67,122,115,1
68,124,77,1
69,126,118,1
70,9,119,0
71,128,121,0
72,129,122,1
73,131,124,0
74,132,125,1
75,133,126,0
76,134,127,0
77,135,128,1
78,136,129,0
79,137,130,1
80,138,77,1
81,139,131,1
82,140,132,1
83,145,127,0
84,147,137,0
85,148,138,1
86,149,139,0
87,151,94,1
88,152,141,1
89,109,142,1
90,154,144,1
91,158,77,1
92,161,150,0
93,164,152,1
94,165,153,0
95,166,138,1
96,167,154,0
97,168,155,0
98,169,156,0
99,171,77,1
100,174,161,0
101,175,162,0
102,177,164,1
103,178,165,0
104,179,166,1
105,182,167,1
106,183,168,1
107,184,139,1
108,186,164,1
109,193,77,1
110,196,174,0
111,206,181,0
112,207,182,0
113,209,184,1
114,211,185,1
115,212,186,1
116,213,187,0
117,215,189,1
118,218,192,1
119,219,193,0
120,221,195,1
121,223,197,0
122,224,198,0
123,226,200,0
124,230,202,0
125,231,77,1
126,232,203,0
127,233,23,0
128,234,204,1
129,235,77,1
130,236,205,1
131,237,206,1
132,240,77,1
133,241,209,0
134,242,210,0
135,245,212,0
136,246,77,1
137,247,213,0
138,248,214,1
139,251,217,1
140,252,218,1
141,253,219,0
142,254,220,1
143,255,221,0
144,256,222,1
145,258,224,1
146,259,111,1
147,260,69,1
148,263,228,1
149,264,229,0
150,266,231,0
151,269,234,0
152,270,235,0
153,271,236,1
154,273,240,1
155,135,14,1
156,281,248,1
157,284,94,1
158,290,252,0
159,291,253,1
160,294,256,0
161,295,257,0
162,298,259,0
163,299,261,1
164,303,111,1
165,304,49,0
166,184,266,1
167,309,27,1
168,310,268,1
169,311,253,1
170,314,270,0
171,315,271,0
172,318,273,1
173,320,274,0
174,329,253,1
175,330,283,0
176,333,287,0
177,334,273,1
178,335,118,1
179,337,253,1
180,338,288,0
181,340,290,1
182,68,294,0
183,346,296,1
184,347,177,1
185,348,125,1
186,349,297,0
187,357,303,0
188,358,304,1
189,359,77,1
190,364,306,0
191,365,307,0
192,367,214,1
193,371,312,1
194,372,313,0
195,374,237,1
196,375,316,0
197,376,317,0
198,379,103,0
199,151,318,1
200,380,125,1
201,381,319,0
202,152,321,0
203,389,325,0
204,393,329,0
205,395,331,0
206,396,72,1
207,397,332,1
208,109,333,1
209,399,335,0
210,404,302,0
211,406,341,1
212,407,87,1
213,409,342,1
214,410,343,0
215,411,41,0
216,412,29,1
217,413,88,1
218,416,345,0
219,418,347,1
220,419,348,0
221,420,130,1
222,422,350,0
223,424,94,1
224,425,165,0
225,427,351,0
226,429,353,0
227,139,77,1
228,430,354,0
229,434,14,1
230,211,194,1
231,435,357,0
232,438,360,0
233,441,362,0
234,443,339,1
235,444,49,0
236,445,350,0
237,446,174,1
238,449,365,1
239,50,366,0
240,452,368,0
241,453,369,0
242,454,370,0
243,455,371,0
244,459,375,1
245,124,14,1
246,466,382,0
247,331,384,0
248,469,385,1
249,470,386,0
250,471,186,1
251,472,132,1
252,473,387,0
253,474,389,0
254,475,390,1
255,477,392,0
256,478,393,0
257,482,138,0
258,486,399,0
259,488,400,1
260,490,402,1
261,496,406,0
262,502,411,0
263,505,413,0
264,507,415,0
265,383,357,1
266,512,72,1
267,52,153,1
268,515,421,0
269,517,422,0
270,519,290,1
271,522,425,0
272,413,77,1
273,525,427,0
274,526,77,1
275,527,428,0
276,354,429,1
277,530,430,0
278,531,431,0
279,533,432,0
280,536,435,0
281,45,438,0
282,541,440,0
283,543,442,0
284,544,443,0
285,548,92,1
286,549,443,1
287,550,252,1
288,555,343,0
289,556,114,1
290,557,449,0
291,558,147,1
292,559,450,0
293,560,451,0
294,562,453,1
295,566,77,1
296,567,456,0
297,167,87,1
298,568,457,0
299,396,253,1
300,571,248,1
301,574,411,1
302,576,462,1
303,578,465,0
304,579,466,1
305,580,273,1
306,309,147,1
307,585,140,1
308,586,469,1
309,587,470,0
310,588,471,0
311,590,472,0
312,591,370,0
313,593,473,0
314,439,190,0
315,596,476,1
316,413,479,1
317,599,480,1
318,451,481,0
319,600,482,0
320,337,92,1
321,602,484,0
322,603,485,0
323,604,486,0
324,606,27,1
325,607,487,0
326,608,195,1
327,610,488,0
328,613,297,0
329,258,29,1
330,619,90,0
331,621,299,1
332,622,495,0
333,57,136,1
334,623,496,0
335,624,132,1
336,396,499,0
337,625,77,1
338,627,500,0
339,628,501,0
340,629,502,0
341,630,503,0
342,631,504,1
343,102,506,0
344,632,507,1
345,633,509,0
346,634,212,1
347,636,510,0
348,637,266,0
349,638,14,1
350,640,512,0
351,517,514,0
352,642,515,0
353,215,138,1
354,12,147,1
355,643,516,0
356,644,517,0
357,648,77,1
358,654,118,1
359,655,524,0
360,656,525,1
361,658,527,0
362,659,528,0
363,660,14,1
364,512,296,1
365,661,529,0
366,662,530,1
367,665,296,1
368,666,532,0
369,668,185,1
370,13,534,0
371,673,538,1
372,674,539,0
373,406,253,1
374,679,469,1
375,126,545,1
376,687,547,0
377,185,278,1
378,182,549,1
379,691,551,0
380,692,552,0
381,694,87,1
382,696,538,1
383,699,557,1
384,700,558,0
385,264,29,1
386,357,564,0
387,705,257,1
388,710,567,0
389,711,568,0
390,713,526,0
391,714,118,1
392,716,295,1
393,718,94,1
394,719,571,0
395,721,273,0
396,722,572,0
397,723,215,0
398,724,573,0
399,728,575,0
400,729,87,1
401,730,14,1
402,731,576,0
403,286,578,1
404,735,582,0
405,737,479,1
406,230,138,1
407,738,530,0
408,740,586,0
409,563,589,0
410,747,405,1
411,748,347,0
412,151,593,1
413,187,594,1
414,755,29,1
415,756,345,0
416,757,597,0
417,758,294,0
418,759,599,0
419,760,600,0
420,761,469,1
421,764,602,0
422,766,604,0
423,768,606,0
424,769,607,0
425,212,302,0
426,770,118,1
427,547,608,0
428,417,609,0
429,772,611,0
430,775,144,1
431,776,614,0
432,778,64,1
433,782,392,0
434,314,443,1
435,785,618,0
436,6,620,0
437,786,621,0
438,358,7,0
439,787,622,0
440,206,572,0
441,788,261,1
442,240,125,1
443,790,624,1
444,193,9,1
445,792,433,1
446,798,629,0
447,799,630,1
448,800,631,0
449,803,524,0
450,804,253,1
451,806,635,0
452,807,636,0
453,678,67,1
454,809,637,1
455,188,638,1
456,810,147,1
457,153,194,1
458,814,104,1
459,815,92,1
460,816,643,1
461,817,191,0
462,819,644,1
463,83,3,1
464,822,646,0
465,824,649,1
466,826,651,1
467,828,652,0
468,829,17,0
469,830,0,1
470,726,524,0
471,832,653,0
472,12,10,1
473,834,61,0
474,547,655,0
475,835,204,0
476,838,656,0
477,731,16,1
478,840,657,1
479,842,660,0
480,844,229,1
481,847,0,0
482,848,87,0
483,849,663,0
484,850,326,0
485,852,111,1
486,854,666,0
487,109,380,1
488,813,668,1
489,856,669,0
490,858,671,1
491,151,672,1
492,852,674,0
493,863,679,1
494,864,570,0
495,578,680,0
496,179,681,1
497,721,14,1
498,867,682,0
499,868,453,1
500,869,390,1
501,870,683,0
502,90,14,1
503,430,480,1
504,475,685,0
505,872,686,0
506,873,189,1
507,874,314,0
508,876,688,0
509,877,237,0
510,879,689,0
511,780,690,1
512,884,693,1
513,885,560,1
514,886,33,0
515,192,696,1
516,888,264,1
517,385,550,1
518,771,524,0
519,890,164,0
520,704,698,1
521,892,278,1
522,218,700,1
523,347,701,0
524,895,364,0
525,897,702,1
526,898,704,0
527,884,705,1
528,899,706,1
529,901,262,1
530,902,341,0
531,903,689,1
532,904,708,1
533,905,266,0
534,906,709,0
535,151,29,1
536,909,274,0
537,912,114,1
538,913,20,0
539,914,432,0
540,158,488,0
541,917,713,0
542,919,715,0
543,920,716,0
544,869,118,1
545,921,718,0
546,923,273,1
547,924,719,1
548,925,689,0
549,808,720,1
550,926,721,0
551,927,722,0
552,930,725,0
553,583,221,1
554,931,726,1
555,932,727,0
556,933,728,0
557,934,114,0
558,840,729,0
559,935,730,0
560,281,731,0
561,936,732,0
562,937,177,1
563,13,733,1
564,938,734,0
565,939,725,1
566,330,736,1
567,942,677,1
568,943,737,0
569,944,229,1
570,669,738,0
571,945,514,0
572,947,638,1
573,822,741,1
574,948,64,1
575,951,469,1
576,165,192,1
577,956,542,0
578,81,746,1
579,800,747,0
580,957,748,0
581,958,130,1
582,769,111,1
583,963,354,1
584,965,480,1
585,966,752,1
586,968,516,0
587,970,755,1
588,971,756,1
589,406,757,1
590,972,64,1
591,735,548,0
592,973,758,0
593,884,759,1
594,977,83,0
595,490,278,1
596,979,433,1
597,980,103,1
598,981,762,0
599,982,763,1
600,983,764,0
601,984,765,0
602,304,764,0
603,285,559,0
604,988,369,1
605,991,94,1
606,993,769,0
607,994,237,1
608,998,772,0
609,1000,611,0
610,1001,773,0
611,1002,775,1
612,90,125,1
613,223,327,0
614,1005,29,1
615,255,777,0
616,1010,779,1
617,588,780,0
618,1011,781,0
619,949,666,0
620,1016,22,0
621,254,381,1
622,1020,788,1
623,1021,789,0
624,343,278,1
625,1025,793,0
626,1026,794,0
627,808,796,1
628,490,185,1
629,1031,135,1
630,428,14,1
631,1034,389,0
632,13,77,1
633,1036,550,1
634,1037,799,1
635,1038,608,0
636,803,550,1
637,148,35,1
638,1043,802,0
639,1044,803,0
640,1045,217,0
641,1047,805,0
642,1050,808,0
643,1051,685,0
644,413,809,1
645,1003,185,1
646,307,638,1
647,1056,13,1
648,1057,728,0
649,1058,812,0
650,1060,550,1
651,238,814,1
652,1062,29,1
653,1063,815,1
654,652,77,1
655,183,650,0
656,1067,816,1
657,1070,818,0
658,1072,819,0
659,1073,820,0
660,1076,337,1
661,1077,821,1
662,689,822,0
663,309,77,1
664,794,278,1
665,1081,824,0
666,1082,253,1
667,1083,805,0
668,1011,21,1
669,1084,14,1
670,1086,826,0
671,165,727,1
672,1089,827,0
673,625,13,1
674,1090,828,0
675,1091,288,0
676,335,77,1
677,740,757,1
678,1095,832,0
679,134,650,0
680,1097,834,1
681,1098,826,0
682,1099,125,1
683,1100,195,1
684,52,836,1
685,1103,96,0
686,1104,118,1
687,472,837,0
688,1105,838,0
689,1107,131,0
690,1109,20,1
691,1111,840,0
692,1112,841,1
693,141,84,1
694,1113,843,0
695,899,405,0
696,651,253,1
697,1119,443,1
698,1120,846,0
699,443,849,1
700,1124,118,1
701,1125,206,1
702,1126,77,1
703,1127,851,0
704,914,809,1
705,1128,852,1
706,1129,853,1
707,8,130,1
708,1130,854,1
709,444,147,1
710,1131,665,0
711,822,855,0
712,1133,856,0
713,614,859,0
714,574,860,0
715,1136,861,0
716,1144,657,1
717,1145,865,0
718,958,194,1
719,365,866,0
720,1133,86,1
721,1147,869,1
722,1148,713,0
723,527,729,1
724,497,189,1
725,1155,296,1
726,1156,875,1
727,1158,24,1
728,1159,77,1
729,1160,736,1
730,1163,877,0
731,590,77,1
732,1166,809,1
733,1167,12,0
734,1168,879,0
735,1169,880,1
736,1170,10,1
737,792,414,0
738,1174,16,0
739,208,480,1
740,1177,882,0
741,1178,883,0
742,1179,402,0
743,1180,884,0
744,1181,885,0
745,631,548,1
746,187,886,0
747,179,67,1
748,1182,877,1
749,1184,605,0
750,1185,889,1
751,505,614,0
752,1188,893,0
753,1189,719,0
754,1190,894,1
755,1194,479,1
756,730,52,1
757,230,147,1
758,1196,896,1
759,1197,897,0
760,1198,212,0
761,651,29,1
762,1199,898,0
763,371,726,1
764,1200,899,0
765,533,900,0
766,1201,901,1
767,1202,902,0
768,1206,904,1
769,1208,905,0
770,331,906,1
771,802,907,0
772,553,396,1
773,319,405,1
774,1213,789,0
775,60,19,0
776,385,189,1
777,1215,910,0
778,1216,911,0
779,1067,912,0
780,1218,913,1
781,309,84,1
782,488,809,1
783,689,914,1
784,341,917,1
785,1224,914,1
786,8,550,1
787,1226,919,0
788,1227,920,0
789,1089,922,0
790,1139,515,1
791,1229,677,1
792,1230,606,0
793,271,253,1
794,1231,889,0
795,1233,829,0
796,286,926,1
797,120,927,0
798,628,929,0
799,1238,668,0
800,1243,934,0
801,1245,935,0
802,1246,936,0
803,1247,127,0
804,385,835,1
805,1250,29,1
806,185,550,1
807,927,938,0
808,790,861,1
809,1252,105,0
810,1253,405,1
811,1255,317,0
812,1241,6,1
813,1259,941,1
814,1260,942,0
815,1263,943,0
816,1264,224,0
817,1265,945,1
818,1266,946,0
819,668,77,1
820,1267,450,0
821,1269,371,0
822,733,949,0
823,107,673,1
824,219,111,1
825,1277,402,0
826,1282,125,1
827,469,704,1
828,1284,253,1
829,756,953,0
830,1285,954,1
831,1286,412,1
832,1289,957,0
833,916,138,1
834,1119,958,0
835,1031,217,1
836,1292,581,0
837,1293,30,1
838,258,94,1
839,1294,281,1
840,1296,777,1
841,1299,961,0
842,686,962,0
843,1300,237,1
844,1301,963,1
845,286,964,1
846,52,965,1
847,184,840,1
848,916,966,0
849,1307,501,0
850,1308,784,0
851,958,189,1
852,1313,968,1
853,1315,969,1
854,1320,972,0
855,1321,973,0
856,1323,253,1
857,1216,974,0
858,64,668,0
859,1327,975,0
860,1328,273,1
861,1330,977,0
862,75,727,1
863,1065,978,0
864,1321,979,0
865,1332,525,1
866,1333,981,0
867,1335,982,0
868,1208,984,0
869,49,137,0
870,509,809,1
871,1338,155,1
872,1339,92,1
873,1340,140,1
874,1084,295,1
875,1341,14,1
876,1343,273,0
877,103,727,1
878,1345,20,0
879,1347,744,0
880,1350,943,0
881,1353,67,0
882,1356,271,0
883,1357,405,1
884,1359,991,0
885,1364,666,0
886,926,993,1
887,123,994,1
888,1365,506,0
889,1366,995,0
890,1367,688,0
891,211,237,1
892,1368,977,0
893,651,779,1
894,251,999,1
895,1370,1000,0
896,1158,1002,0
897,1373,1004,1
898,1375,557,1
899,1376,1005,0
900,1377,1006,0
901,1379,1008,0
902,286,1010,1
903,1381,690,1
904,1382,94,1
905,264,118,1
906,397,466,0
907,78,1012,0
908,812,765,0
909,251,67,1
910,109,1015,1
911,1386,942,0
912,722,6,0
913,1389,281,1
914,1390,1018,0
915,1393,77,1
916,689,29,1
917,1394,118,1
918,1086,1024,1
919,914,337,0
920,1056,733,1
921,215,194,1
922,1398,1030,0
923,1400,1032,0
924,1401,621,0
925,286,732,1
926,1403,272,0
927,1404,1036,0
928,1405,519,1
929,1406,934,0
930,1408,1038,0
931,1410,1039,1
932,1411,127,0
933,1413,1041,0
934,780,130,1
935,1414,67,1
936,1415,469,0
937,1064,1044,0
938,182,1047,1
939,668,278,1
940,138,1049,0
941,1424,973,0
942,608,762,0
943,1427,1053,0
944,75,195,1
945,167,14,1
946,1430,77,1
947,1431,1054,0
948,1432,204,1
949,1433,235,0
950,1434,480,1
951,1435,1055,0
952,1437,103,0
953,1438,187,0
954,1439,525,0
955,1442,29,1
956,801,757,1
957,1443,1057,0
958,884,62,1
959,1445,725,0
960,1045,54,1
961,413,555,0
962,980,1059,0
963,1450,998,1
964,1453,92,0
965,1454,136,1
966,1455,77,1
967,1456,253,0
968,1457,1064,1
969,785,941,0
970,1460,616,1
971,1461,669,0
972,1463,14,1
973,1464,875,1
974,211,550,1
975,1469,614,0
976,1470,1070,0
977,1471,1071,1
978,1472,906,1
979,1474,608,0
980,1475,1072,0
981,826,1073,1
982,1477,1075,0
983,1479,1076,0
984,1480,911,1
985,953,879,0
986,1481,1077,0
987,1482,460,0
988,1483,526,1
989,507,652,0
990,1484,1079,0
991,1382,13,1
992,1485,829,0
993,950,1081,0
994,1487,77,1
995,1488,1082,0
996,467,755,1
997,1489,560,1
998,1492,1085,1
999,1494,1087,1
1000,1497,77,1
1001,1500,774,0
1002,1501,1090,0
1003,600,376,0
1004,1503,177,1
1005,1504,1091,0
1006,1506,18,1
1007,1508,184,0
1008,1509,393,0
1009,1084,3,1
1010,734,1095,0
1011,1513,814,0
1012,1514,1096,0
1013,953,1097,0
1014,259,494,0
1015,1516,961,0
1016,1517,1098,0
1017,1518,690,1
1018,714,77,1
1019,1518,367,1
1020,884,404,1
1021,803,130,1
1022,1523,326,1
1023,241,1103,0
1024,365,488,0
1025,1529,1106,1
1026,1160,1107,0
1027,158,1109,0
1028,1532,264,0
1029,1536,1112,0
1030,1538,389,1
1031,1539,14,1
1032,309,237,1
1033,737,122,0
1034,1540,1114,1
1035,1542,1115,1
1036,1543,914,1
1037,713,558,0
1038,507,0,0
1039,966,234,1
1040,1548,894,0
1041,1549,671,0
1042,1394,1118,0
1043,251,369,0
1044,126,77,1
1045,1550,1119,0
1046,1552,858,0
1047,1553,1120,0
1048,855,77,1
1049,623,1121,0
1050,559,433,1
1051,353,1122,0
1052,896,435,0
1053,780,727,1
1054,1557,1026,0
1055,162,1127,0
1056,762,1128,0
1057,1285,166,0
1058,1559,569,0
1059,1563,685,1
1060,544,727,1
1061,151,77,1
1062,614,38,1
1063,1566,906,0
1064,1543,77,1
1065,714,914,1
1066,1567,1063,1
1067,230,876,1
1068,600,1132,1
1069,1570,533,0
1070,1571,94,1
1071,1573,777,1
1072,424,261,1
1073,1574,157,0
1074,1213,1137,0
1075,903,733,1
1076,1578,1139,1
1077,754,1140,0
1078,305,1141,1
1079,1579,273,1
1080,496,111,1
1081,1580,14,1
1082,1582,1143,0
1083,1584,111,0
1084,55,281,1
1085,1592,1152,1
1086,1593,773,1
1087,1596,975,0
1088,1597,1153,0
1089,331,1155,0
1090,1601,266,1
1091,1602,560,1
1092,1604,1157,0
1093,1347,1160,1
1094,330,1161,0
1095,1607,1162,1
1096,1608,1118,0
1097,1609,264,0
1098,145,480,1
1099,1611,834,1
1100,1615,597,0
1101,742,1170,0
1102,1618,1062,1
1103,269,1054,0
1104,1619,414,0
1105,1622,257,1
1106,50,39,0
1107,1623,152,1
1108,1627,922,0
1109,453,278,1
1110,230,189,1
1111,1630,635,0
1112,1557,803,0
1113,560,356,1
1114,1439,1175,0
1115,1632,375,1
1116,1633,14,1
1117,1635,34,0
1118,1638,465,0
1119,1639,529,0
1120,1640,1177,0
1121,1255,103,1
1122,1643,168,1
1123,1646,884,1
1124,1444,532,1
1125,544,837,1
1126,1647,847,1
1127,642,1160,0
1128,357,290,1
1129,1654,1183,0
1130,1656,1184,0
1131,1660,745,1
1132,1661,290,1
1133,1662,84,1
1134,788,94,1
1135,892,77,1
1136,1002,405,0
1137,1663,938,1
1138,1664,512,0
1139,1665,72,1
1140,1666,1187,1
1141,1667,1188,0
1142,893,1189,1
1143,1671,1190,0
1144,1455,870,0
1145,1104,77,1
1146,953,198,0
1147,1672,419,1
1148,8,212,0
1149,1676,1194,0
1150,994,259,0
1151,45,87,1
1152,1482,195,1
1153,73,77,1
1154,385,1198,0
1155,1681,77,1
1156,1683,1199,0
1157,472,1165,1
1158,824,1119,0
1159,1219,1000,1
1160,1685,1201,1
1161,1496,512,0
1162,1686,77,1
1163,8,348,1
1164,1687,419,0
1165,1483,1202,0
1166,230,3,1
1167,1688,136,1
1168,1689,256,0
1169,1691,1204,0
1170,1426,1205,0
1171,1692,273,1
1172,1693,1206,0
1173,1694,1207,1
1174,1124,1208,0
1175,776,1209,0
1176,1127,1200,0
1177,284,29,1
1178,1702,29,1
1179,1703,556,1
1180,735,438,1
1181,1379,1214,1
1182,1704,111,1
1183,1284,118,1
1184,1705,187,0
1185,1709,971,1
1186,1710,390,1
1187,1712,1216,0
1188,1219,254,1
1189,49,125,1
1190,90,206,1
1191,1715,1220,0
1192,752,1221,1
1193,1716,752,0
1194,1497,1222,0
1195,8,1223,1
1196,256,762,0
1197,1718,1194,0
1198,619,152,1
1199,1720,480,1
1200,1263,192,0
1201,32,10,1
1202,1721,186,1
1203,544,348,1
1204,1722,1204,0
1205,1723,1202,0
1206,1724,1225,0
1207,1725,257,1
1208,1728,67,1
1209,1484,1098,0
1210,1729,3,0
1211,305,77,1
1212,1731,479,1
1213,1732,29,1
1214,497,550,1
1215,1733,1139,1
1216,949,1230,1
1217,560,94,1
1218,1130,67,1
1219,696,392,0
1220,1734,853,0
1221,1736,934,0
1222,1737,77,1
1223,635,1232,0
1224,1742,1234,0
1225,686,1215,0
1226,689,1237,0
1227,1747,1238,1
1228,1748,630,0
1229,184,507,1
1230,346,367,1
1231,948,1030,1
1232,237,802,0
1233,1370,264,0
1234,1750,1101,1
1235,1752,1241,0
1236,829,380,1
1237,1754,375,1
1238,1755,1243,0
1239,604,914,1
1240,184,880,1
1241,1756,1245,0
1242,794,733,1
1243,468,404,0
1244,1757,526,1
1245,1759,262,0
1246,1760,1246,0
1247,1762,1190,1
1248,325,741,1
1249,548,1248,1
1250,1764,77,1
1251,711,1249,0
1252,1174,356,0
1253,1737,14,1
1254,1765,1139,1
1255,816,235,0
1256,1767,1251,0
1257,1768,1252,0
1258,1769,1253,1
1259,1772,132,1
1260,910,469,0
1261,1775,382,0
1262,1776,1257,1
1263,87,959,0
1264,1006,472,0
1265,944,552,1
1266,1778,699,1
1267,30,1259,0
1268,413,835,1
1269,1721,1260,0
1270,383,1262,0
1271,916,837,1
1272,1781,40,0
1273,1783,405,1
1274,1784,192,1
1275,1430,914,1
1276,1786,406,0
1277,1787,1265,0
1278,1034,194,0
1279,1641,556,0
1280,1788,195,1
1281,925,736,1
1282,230,1266,0
1283,315,550,1
1284,369,1270,0
1285,721,481,0
1286,1791,77,1
1287,1792,1271,0
1288,1375,1272,0
1289,1793,1273,0
1290,1794,1274,0
1291,1795,67,1
1292,859,1275,1
1293,1796,1092,1
1294,233,1277,0
1295,1799,1278,0
1296,192,87,1
1297,452,77,1
1298,1807,1280,0
1299,344,14,1
1300,1808,1115,0
1301,740,253,1
1302,1809,221,1
1303,1410,817,1
1304,1060,192,1
1305,699,64,1
1306,1814,1281,0
1307,1816,273,1
1308,1817,866,0
1309,1820,1004,0
1310,1822,147,1
1311,1823,21,1
1312,1824,1283,0
1313,957,77,1
1314,1827,1284,0
1315,1828,1285,0
1316,1830,769,0
1317,1831,994,0
1318,1832,951,0
1319,271,719,1
1320,1834,1290,0
1321,1835,943,0
1322,1837,237,1
1323,972,859,1
1324,1840,666,1
1325,962,1181,1
1326,192,1293,1
1327,1842,460,0
1328,188,131,1
1329,794,185,1
1330,1845,14,1
1331,1846,405,1
1332,509,981,1
1333,149,1090,0
1334,1847,381,1
1335,1849,39,1
1336,633,416,0
1337,295,1294,0
1338,814,29,1
1339,1850,1295,0
1340,1851,1181,0
1341,1686,25,0
1342,1765,1297,0
1343,714,479,1
1344,938,1127,0
1345,1853,231,0
1346,1854,1298,0
1347,1857,111,1
1348,1861,1301,1
1349,685,651,0
1350,548,240,1
1351,28,1304,0
1352,877,1306,0
1353,1021,29,1
1354,6,261,1
1355,1868,1309,1
1356,1869,1311,0
1357,866,1312,0
1358,284,77,1
1359,826,1313,1
1360,1870,131,1
1361,730,77,1
1362,1713,1189,0
1363,1786,998,1
1364,1874,405,1
1365,1875,547,0
1366,1877,235,0
1367,1879,657,1
1368,1880,296,1
1369,786,887,0
1370,943,1317,0
1371,942,433,0
1372,391,77,1
1373,1881,921,1
1374,1714,155,0
1375,1090,630,1
1376,6,876,0
1377,1884,339,1
1378,286,569,1
1379,1886,371,0
1380,1006,1321,1
1381,1888,1322,0
1382,1461,125,1
1383,1148,1323,0
1384,81,1285,1
1385,786,1036,0
1386,371,853,1
1387,1896,1325,0
1388,1870,381,0
1389,1898,1326,0
1390,1899,1327,1
1391,1900,1307,0
1392,1901,1328,0
1393,75,998,1
1394,338,1330,1
1395,1903,144,1
1396,1904,67,0
1397,1905,1331,0
1398,1056,29,1
1399,1906,847,0
1400,1259,1177,0
1401,1909,138,0
1402,1339,901,1
1403,509,1335,1
1404,1913,1336,0
1405,1914,1337,0
1406,1915,114,0
1407,1916,103,1
1408,1917,1036,1
1409,12,807,1
1410,1918,77,1
1411,1500,77,1
1412,1233,1339,0
1413,1921,1341,1
1414,1922,1261,1
1415,1421,877,0
1416,1923,62,0
1417,1925,476,1
1418,178,1342,0
1419,492,1345,1
1420,192,77,1
1421,1083,1214,1
1422,1928,162,0
1423,231,1347,0
1424,1454,638,1
1425,1930,48,1
1426,1933,784,0
1427,488,1349,1
1428,1936,84,1
1429,1133,1350,0
1430,185,118,1
1431,1938,975,0
1432,1220,1239,0
1433,1939,72,1
1434,180,1353,0
1435,1339,854,0
1436,1945,1354,0
1437,694,1044,0
1438,1946,58,1
1439,1166,469,0
1440,1607,1216,0
1441,1947,405,1
1442,768,77,1
1443,1948,630,0
1444,1949,272,0
1445,1078,194,1
1446,1951,855,0
1447,39,405,1
1448,490,130,1
1449,1952,68,0
1450,1953,14,1
1451,82,303,0
1452,1786,192,1
1453,1955,248,1
1454,1957,1358,1
1455,443,237,1
1456,1960,10,0
1457,12,609,0
1458,1962,1206,0
1459,1964,760,0
1460,1965,317,0
1461,1969,1312,0
1462,12,390,1
1463,180,319,0
1464,1030,654,0
1465,1973,444,1
1466,1974,1337,0
1467,1976,772,0
1468,1977,519,1
1469,1979,29,1
1470,1981,919,0
1471,424,77,1
1472,1982,1363,0
1473,1989,1277,0
1474,1917,77,1
1475,305,67,1
1476,422,314,1
1477,1294,339,1
1478,1990,625,0
1479,1991,1132,1
1480,1992,1366,0
1481,1993,1201,0
1482,1164,875,0
1483,1476,281,0
1484,1995,1307,0
1485,1024,638,1
1486,1737,131,1
1487,624,339,1
1488,2000,189,0
1489,2003,1372,1
1490,2004,176,0
1491,2005,1373,0
1492,2006,525,1
1493,2007,656,0
1494,2009,132,1
1495,1953,677,1
1496,2010,1232,1
1497,2012,1377,1
1498,102,883,1
1499,151,14,1
1500,141,638,1
1501,2013,560,0
1502,2015,1378,1
1503,1940,69,1
1504,2017,1380,1
1505,2019,453,0
1506,166,192,1
1507,2021,952,0
1508,1072,332,1
1509,586,698,0
1510,2022,465,0
1511,2023,1273,1
1512,888,19,1
1513,2024,1382,0
1514,2025,1383,0
1515,2026,84,1
1516,794,62,1
1517,2028,1285,0
1518,1231,399,1
1519,1846,1384,0
1520,2032,111,1
1521,501,402,1
1522,2033,1089,0
1523,2034,30,0
1524,148,14,1
1525,1130,72,1
1526,358,195,1
1527,2037,437,0
1528,1411,1389,0
1529,2039,1390,1
1530,735,58,1
1531,642,339,1
1532,2042,1392,0
1533,696,195,1
1534,139,14,1
1535,1187,1395,0
1536,813,486,1
1537,2049,226,0
1538,195,94,1
1539,1179,1396,0
1540,2050,412,0
1541,2051,1397,0
1542,1144,1398,1
1543,2052,1399,0
1544,2053,1400,1
1545,966,83,1
1546,2060,1344,1
1547,2061,1407,0
1548,1207,822,0
1549,1167,67,1
1550,729,67,1
1551,132,77,1
1552,1327,1177,0
1553,2069,27,1
1554,1284,29,1
1555,2070,771,0
1556,2072,1412,0
1557,2073,842,0
1558,273,77,1
1559,1168,152,1
1560,1145,900,0
1561,2076,375,1
1562,2077,375,1
1563,2078,77,1
1564,2079,3,1
1565,256,1414,1
1566,195,118,1
1567,2081,87,1
1568,182,1025,1
1569,364,938,1
1570,1807,1158,0
1571,1177,1418,0
1572,230,278,1
1573,1921,1420,1
1574,704,1421,1
1575,916,1422,0
1576,583,1300,1
1577,2087,781,0
1578,371,351,1
1579,2088,72,1
1580,1343,375,0
1581,748,156,0
1582,2093,676,0
1583,2094,393,0
1584,1167,1352,0
1585,1919,1385,1
1586,335,94,1
1587,2102,358,0
1588,2103,631,0
1589,1572,1428,1
1590,49,55,1
1591,2105,67,1
1592,2106,654,0
1593,1799,1404,0
1594,2055,67,1
1595,2109,184,0
1596,413,1430,1
1597,1426,1431,0
1598,1003,194,1
1599,2111,1432,0
1600,53,1158,0
1601,2112,1434,1
1602,2113,869,0
1603,2115,69,1
1604,2117,1198,0
1605,2119,27,1
1606,956,382,1
1607,808,53,1
1608,2121,29,1
1609,399,237,1
1610,1227,853,0
1611,371,700,1
1612,2124,1438,0
1613,2125,273,1
1614,1422,757,0
1615,2126,62,0
1616,2127,1440,0
1617,2018,1250,0
1618,2129,1441,0
1619,1823,1442,0
1620,2132,396,1
1621,874,1309,0
1622,1812,29,1
1623,1901,965,0
1624,2134,1443,0
1625,2135,578,0
1626,424,118,1
1627,175,1444,0
1628,519,369,1
1629,808,1445,1
1630,840,975,1
1631,826,358,1
1632,1438,157,1
1633,1689,62,1
1634,2137,1446,1
1635,215,727,1
1636,1219,136,1
1637,1781,608,0
1638,204,257,0
1639,2138,301,0
1640,2139,972,1
1641,2140,1202,0
1642,2142,61,0
1643,2145,273,1
1644,1084,807,1
1645,2148,1449,0
1646,1241,1331,1
1647,2150,999,0
1648,2154,1190,1
1649,2156,405,1
1650,1572,1307,0
1651,2161,691,0
1652,2162,571,1
1653,2163,630,1
1654,2164,1455,1
1655,2166,1456,0
1656,2029,1327,0
1657,2168,1195,1
1658,2171,1457,0
1659,406,690,1
1660,1822,237,1
1661,2173,1201,0
1662,2176,1459,0
1663,2178,168,1
1664,1099,339,1
1665,2014,1460,0
1666,2179,576,1
1667,2181,1461,0
1668,2182,1462,1
1669,2184,1463,0
1670,1863,396,1
1671,1323,72,1
1672,921,1466,0
1673,2186,1319,0
1674,1721,822,1
1675,2187,1081,1
1676,2189,1467,1
1677,2190,312,0
1678,2193,1470,0
1679,2194,214,1
1680,492,48,1
1681,103,192,1
1682,543,569,0
1683,230,402,1
1684,1861,773,0
1685,2198,14,1
1686,2199,771,1
1687,183,240,1
1688,2200,29,1
1689,1021,94,1
1690,1736,699,1
1691,1427,1473,1
1692,1219,195,1
1693,451,1407,0
1694,1906,405,1
1695,2202,759,0
1696,1481,1475,1
1697,2205,343,0
1698,2206,794,0
1699,1461,237,1
1700,1980,1451,0
1701,2207,804,0
1702,2161,772,1
1703,1415,1284,0
1704,1470,1479,0
1705,2211,1480,0
1706,1124,1127,1
1707,2213,1481,0
1708,942,859,1
1709,2215,443,0
1710,245,3,1
1711,940,824,0
1712,892,185,1
1713,2218,87,1
1714,2219,551,0
1715,2220,174,0
1716,2221,726,0
1717,2026,1484,0
1718,873,1181,1
1719,1158,1468,1
1720,958,552,0
1721,2226,257,1
1722,382,402,0
1723,2227,450,1
1724,2228,86,0
1725,2229,253,1
1726,2230,905,0
1727,2230,927,0
1728,2233,270,0
1729,2234,1488,0
1730,380,77,1
1731,2237,421,0
1732,218,490,0
1733,2238,1290,0
1734,2239,1490,0
1735,2240,253,1
1736,1084,281,1
1737,1896,572,0
1738,126,29,1
1739,1196,1171,0
1740,996,144,1
1741,1033,1106,0
1742,2157,38,1
1743,1016,79,0
1744,1476,206,1
1745,2249,1493,0
1746,2250,77,1
1747,1835,72,1
1748,2251,756,1
1749,2253,476,0
1750,715,13,1
1751,2254,1207,1
1752,147,77,1
1753,2261,1092,0
1754,1517,214,1
1755,2262,1496,1
1756,52,230,1
1757,1241,621,1
1758,1969,1003,0
1759,942,1498,0
1760,2264,515,0
1761,2265,747,0
1762,2266,1500,0
1763,107,1172,1
1764,271,1503,1
1765,2268,72,1
1766,2269,691,0
1767,922,1335,0
1768,2270,1505,0
1769,1987,1506,0
1770,826,818,1
1771,2271,1508,0
1772,2053,1509,0
1773,439,77,1
1774,777,1510,1
1775,509,1118,1
1776,406,29,1
1777,2274,1350,1
1778,1792,77,1
1779,1031,1512,1
1780,2277,1205,0
1781,1338,1175,0
1782,230,52,1
1783,1413,405,1
1784,1476,29,1
1785,2176,1514,0
1786,2281,1515,0
1787,1047,1139,1
1788,2283,380,1
1789,406,166,1
1790,947,29,1
1791,2284,1517,0
1792,1871,1520,0
1793,742,1521,0
1794,1185,52,0
1795,1482,809,1
1796,1425,443,0
1797,850,1523,0
1798,49,1466,1
1799,2156,1043,0
1800,649,680,0
1801,622,1044,0
1802,44,77,1
1803,1826,206,1
1804,344,69,1
1805,2290,955,0
1806,1879,1525,0
1807,490,1527,1
1808,2294,14,1
1809,370,367,1
1810,1354,1528,0
1811,2297,278,1
1812,2298,1529,0
1813,526,854,0
1814,1643,1248,1
1815,335,29,1
1816,2303,11,1
1817,1727,248,1
1818,185,185,1
1819,2308,1314,0
1820,98,550,1
1821,1036,402,1
1822,882,1176,1
1823,2310,1113,0
1824,343,1532,0
1825,873,550,1
1826,2312,630,1
1827,2314,537,0
1828,2316,755,0
1829,1353,954,0
1830,537,781,0
1831,1571,67,1
1832,689,94,1
1833,1078,402,1
1834,903,849,1
1835,75,84,1
1836,2323,796,0
1837,2324,404,0
1838,1608,126,0
1839,2325,1381,0
1840,2326,641,1
1841,914,1322,0
1842,1734,1070,1
1843,342,1539,0
1844,2068,638,1
1845,1879,757,1
1846,2336,668,0
1847,2337,1545,0
1848,782,67,1
1849,2339,1546,1
1850,2192,469,1
1851,1546,630,1
1852,156,965,0
1853,211,192,1
1854,1737,147,1
1855,947,38,0
1856,1725,295,0
1857,2342,476,0
1858,1263,968,0
1859,2343,416,0
1860,2346,1057,0
1861,340,1549,0
1862,490,998,1
1863,2348,1550,1
1864,936,1321,0
1865,2349,77,1
1866,1304,380,1
1867,486,206,1
1868,2351,516,0
1869,1288,715,0
1870,1045,1551,1
1871,2354,301,0
1872,1671,462,0
1873,2355,1554,1
1874,2349,14,1
1875,49,131,1
1876,2356,973,0
1877,689,479,1
1878,2284,1556,1
1879,512,657,1
1880,1831,1561,0
1881,803,727,1
1882,2364,913,0
1883,1075,194,1
1884,604,331,0
1885,2366,880,0
1886,729,118,1
1887,1601,139,1
1888,2368,675,1
1889,2369,683,0
1890,1130,769,0
1891,2022,382,0
1892,2325,1079,1
1893,1572,1415,0
1894,2372,380,0
1895,2374,842,0
1896,133,769,0
1897,2342,1565,0
1898,996,366,1
1899,658,953,0
1900,2376,977,0
1901,2378,1566,0
1902,2379,904,0
1903,2381,437,1
1904,916,1018,1
1905,2382,262,1
1906,1299,1221,1
1907,2383,375,1
1908,2384,901,1
1909,2385,674,0
1910,466,297,1
1911,1340,644,0
1912,2186,236,0
1913,804,1569,0
1914,2387,307,1
1915,2388,77,1
1916,2389,1464,0
1917,899,646,1
1918,2392,29,1
1919,117,855,0
1920,884,1162,1
1921,2393,1570,0
1922,2394,753,0
1923,1705,974,0
1924,2397,38,1
1925,1801,327,1
1926,246,52,1
1927,2398,1573,0
1928,2399,111,1
1929,1386,356,1
1930,544,189,1
1931,808,19,1
1932,614,1576,0
1933,788,728,0
1934,1683,1579,1
1935,1831,1463,0
1936,2405,77,1
1937,1425,1582,0
1938,346,14,1
1939,715,29,1
1940,2407,447,0
1941,560,67,1
1942,2408,1097,0
1943,1124,253,1
1944,1136,77,1
1945,1290,77,1
1946,2411,1585,1
1947,2412,29,1
1948,1775,1098,0
1949,1775,1300,0
1950,1457,551,1
1951,2413,512,0
1952,309,281,1
1953,777,507,0
1954,1722,641,0
1955,52,221,1
1956,1684,54,1
1957,1523,194,0
1958,2416,18,1
1959,2418,1589,0
1960,2374,77,1
1961,1664,273,1
1962,2420,1590,0
1963,1635,314,1
1964,1604,700,0
1965,1693,184,1
1966,2423,1170,0
1967,2424,704,1
1968,470,1592,0
1969,1045,1593,0
1970,56,1594,0
1971,2427,528,0
1972,2429,384,1
1973,899,1345,1
1974,230,1524,0
1975,1927,51,0
1976,1254,18,1
1977,2431,1358,1
1978,1144,1595,1
1979,1370,375,1
1980,2432,1596,0
1981,948,557,1
1982,494,1597,0
1983,1382,354,1
1984,2175,1599,0
1985,2435,376,0
1986,2436,1600,1
1987,884,1540,1
1988,453,194,1
1989,1045,660,0
1990,2440,1177,1
1991,2322,14,1
1992,2442,756,1
1993,346,118,1
1994,1185,1286,0
1995,1469,880,0
1996,2446,84,1
1997,466,1295,1
1998,1056,27,1
1999,184,56,1
2000,909,641,0
2001,2197,1107,1
2002,2280,1054,0
2003,957,177,0
2004,2448,666,0
2005,2449,619,1
2006,2451,1285,1
2007,1371,1259,0
2008,2452,1609,0
2009,2458,604,0
2010,452,118,1
2011,819,1007,1
2012,2461,1611,0
2013,1508,94,1
2014,2462,713,0
2015,949,393,1
2016,637,341,0
2017,2465,877,0
2018,2024,1089,0
2019,2466,67,1
2020,768,914,1
2021,2469,182,0
2022,2470,206,1
2023,2471,1240,0
2024,1726,1573,0
2025,882,1614,1
2026,840,479,1
2027,489,914,1
2028,2473,1616,0
2029,1962,539,0
2030,286,1617,1
2031,2475,847,0
2032,1924,206,1
2033,169,29,1
2034,2299,1619,0
2035,2481,1620,0
2036,236,1513,1
2037,836,1622,0
2038,2484,1512,0
2039,2019,1624,0
2040,2489,828,0
2041,2491,77,1
2042,2492,76,0
2043,1442,72,1
2044,2493,1626,0
2045,2494,1627,0
2046,2180,649,1
2047,2495,917,1
2048,1729,796,0
2049,2496,1285,1
2050,416,480,1
2051,2498,9,0
2052,1716,680,0
2053,1840,66,0
2054,1775,1005,0
2055,2500,746,0
2056,838,1629,0
2057,2280,1630,0
2058,1247,353,0
2059,108,618,0
2060,343,835,1
2061,544,998,1
2062,2087,708,0
2063,2103,1631,0
2064,2503,48,0
2065,1671,1632,0
2066,1136,153,0
2067,502,758,0
2068,30,946,0
2069,962,88,1
2070,2121,44,0
2071,2506,822,0
2072,1296,1480,1
2073,2141,113,0
2074,2137,118,1
2075,2507,726,0
2076,470,480,1
2077,591,314,1
2078,49,94,1
2079,1552,290,0
2080,341,1637,0
2081,2422,1638,0
2082,363,29,1
2083,1105,1639,0
2084,2468,1640,0
2085,497,835,1
2086,1362,67,1
2087,2513,1643,0
2088,2514,708,1
2089,920,807,0
2090,2167,1644,1
2091,2448,1645,0
2092,2515,56,1
2093,1482,469,1
2094,2516,1646,0
2095,2517,938,1
2096,673,206,1
2097,2518,1647,0
2098,2519,955,1
2099,1486,123,0
2100,340,652,0
2101,1580,94,1
2102,2521,1649,0
2103,1267,1049,0
2104,2523,506,0
2105,2524,48,1
2106,2525,1652,0
2107,2526,1653,1
2108,195,29,1
2109,689,1100,0
2110,2527,16,0
2111,2529,560,1
2112,650,1120,0
2113,2532,433,0
2114,2533,1656,1
2115,2436,992,1
2116,2535,917,1
2117,1315,1657,1
2118,2536,1521,0
2119,1955,982,0
2120,428,87,1
2121,145,978,0
2122,1544,29,1
2123,2538,1167,0
2124,1702,118,1
2125,897,1396,1
2126,227,1659,0
2127,2484,1660,1
2128,2543,1209,0
2129,2544,507,1
2130,395,87,1
2131,31,214,1
2132,2546,77,1
2133,1286,690,1
2134,2547,1485,0
2135,764,1203,0
2136,2549,490,0
2137,1359,1115,0
2138,985,1663,1
2139,2553,1664,0
2140,2554,1665,0
2141,1839,197,1
2142,2120,999,1
2143,2556,462,0
2144,559,84,1
2145,295,114,1
2146,2558,268,1
2147,2324,893,0
2148,2560,3,1
2149,1450,1381,0
2150,1737,1668,0
2151,370,375,1
2152,2436,266,1
2153,243,569,0
2154,2563,1670,0
2155,166,278,1
2156,904,1626,0
2157,230,77,1
2158,346,77,1
2159,2566,1054,0
2160,90,136,1
2161,2569,405,1
2162,2571,404,1
2163,1832,1672,1
2164,991,67,1
2165,2572,177,0
2166,2573,469,1
2167,2575,526,0
2168,15,237,1
2169,801,1614,0
2170,2578,438,0
2171,2086,1151,0
2172,916,885,1
2173,2250,103,0
2174,2583,676,0
2175,1305,1675,1
2176,2584,746,1
2177,2525,206,1
2178,787,77,1
2179,576,1064,1
2180,2585,1474,0
2181,2535,29,1
2182,1590,69,1
2183,2588,1678,0
2184,32,147,1
2185,2591,14,1
2186,1922,1679,0
2187,2593,1680,0
2188,273,29,1
2189,1830,1681,0
2190,963,689,1
2191,1840,1682,0
2192,1,1601,1
2193,76,69,1
2194,963,318,1
2195,666,796,0
2196,2598,1684,0
2197,12,14,1
2198,1031,1062,1
2199,1433,1255,1
2200,2599,195,0
2201,1898,92,1
2202,2600,73,0
2203,705,576,0
2204,1268,111,1
2205,2352,1688,0
2206,1501,1465,0
2207,2500,618,0
2208,364,1689,0
2209,2605,1290,0
2210,644,30,0
2211,1868,1691,0
2212,141,807,1
2213,992,1054,0
2214,1408,1309,0
2215,2418,1132,1
2216,2247,324,0
2217,1930,14,1
2218,1179,365,1
2219,2610,1602,1
2220,2612,641,1
2221,2613,1679,0
2222,1714,67,1
2223,452,1527,1
2224,466,953,1
2225,755,27,0
2226,2318,14,1
2227,873,727,1
2228,75,27,1
2229,193,1549,1
2230,344,479,1
2231,2618,326,0
2232,722,679,0
2233,556,1032,0
2234,1213,155,0
2235,2619,1352,1
2236,2620,1100,0
2237,968,81,0
2238,1823,1694,0
2239,849,1696,0
2240,2624,132,1
2241,254,859,0
2242,1817,1697,1
2243,2625,118,1
2244,1584,946,0
2245,2626,1698,0
2246,1217,1699,0
2247,442,1309,1
2248,638,27,1
2249,2612,217,1
2250,2083,254,0
2251,592,1250,0
2252,2178,1573,0
2253,2631,1528,0
2254,1381,1674,0
2255,963,69,1
2256,2632,1107,1
2257,765,170,0
2258,1482,6,0
2259,916,755,1
2260,1131,1475,0
2261,2633,802,0
2262,2634,871,0
2263,1065,820,0
2264,2635,405,1
2265,1722,249,0
2266,2637,1646,0
2267,1313,87,1
2268,299,18,1
2269,2638,721,0
2270,668,220,0
2271,63,690,1
2272,2583,1460,0
2273,2641,29,1
2274,2642,1336,1
2275,2643,1344,0
2276,1879,1058,0
2277,2644,164,1
2278,2645,29,1
2279,135,77,1
2280,2648,991,0
2281,1647,1705,0
2282,2650,1706,0
2283,2651,1268,0
2284,1831,14,0
2285,2653,590,0
2286,453,192,1
2287,2654,69,0
2288,2655,1664,1
2289,2656,3,0
2290,2657,1707,0
2291,1692,1044,0
2292,1737,479,1
2293,75,538,1
2294,2659,644,1
2295,2661,1709,0
2296,384,144,1
2297,2662,1710,1
2298,668,998,1
2299,2393,214,1
2300,1641,920,0
2301,754,1712,0
2302,2664,1465,0
2303,1129,1713,1
2304,230,433,1
2305,1240,590,0
2306,1684,649,1
2307,1665,77,1
2308,966,1714,0
2309,1247,516,0
2310,1450,35,1
2311,2638,392,1
2312,809,1055,0
2313,2484,365,0
2314,44,130,1
2315,182,1715,0
2316,694,231,1
2317,1133,643,1
2318,2610,1718,0
2319,307,154,0
2320,2068,77,1
2321,1060,475,1
2322,2494,661,0
2323,354,1684,0
2324,2676,578,0
2325,2677,155,0
2326,135,694,1
2327,2002,1459,0
2328,2678,1722,0
2329,1715,1058,0
2330,1853,622,0
2331,127,94,1
2332,824,1723,0
2333,1,29,1
2334,102,1234,0
2335,2583,469,1
2336,1422,277,0
2337,1073,129,0
2338,1886,1132,1
2339,2683,136,1
2340,176,1205,0
2341,2684,1725,1
2342,2685,1707,0
2343,2686,92,1
2344,376,1404,0
2345,1170,237,1
2346,2293,118,1
2347,2102,715,0
2348,1174,304,0
2349,1936,339,1
2350,2250,1727,0
2351,856,369,1
2352,2691,1574,0
2353,2692,733,0
2354,2693,1528,1
2355,1795,77,1
2356,1414,77,1
2357,962,981,1
2358,809,369,1
2359,2475,1492,0
2360,1276,1378,0
2361,1820,1100,1
2362,2696,1729,0
2363,1768,1529,0
2364,1752,67,0
2365,59,273,1
2366,512,353,1
2367,256,492,0
2368,2050,472,0
2369,950,193,0
2370,774,1158,0
2371,2523,504,0
2372,963,77,1
2373,2703,484,1
2374,2704,691,0
2375,188,14,1
2376,2230,1127,0
2377,1201,77,1
2378,2708,14,1
2379,2711,1328,0
2380,2010,665,0
2381,2238,1152,1
2382,2677,281,1
2383,625,733,1
2384,2715,1281,0
2385,2281,745,1
2386,2519,1062,1
2387,1656,1542,1
2388,686,256,0
2389,2516,405,1
2390,1080,512,1
2391,343,550,1
2392,406,118,1
2393,2720,132,1
2394,1249,1734,0
2395,2722,1735,0
2396,1156,18,0
2397,659,1736,0
2398,2723,1003,0
2399,2725,1675,0
2400,1133,934,0
2401,1,87,1
2402,411,1181,0
2403,2163,277,0
2404,185,727,1
2405,2729,561,0
2406,996,532,1
2407,2730,1403,0
2408,2731,1184,0
2409,2732,1495,0
2410,2733,200,1
2411,2590,1103,0
2412,1241,534,1
2413,78,77,1
2414,2735,111,1
2415,1760,1740,0
2416,2736,1070,1
2417,2737,618,1
2418,1115,1128,1
2419,55,237,1
2420,2026,1741,0
2421,2739,1742,1
2422,2741,1209,1
2423,936,304,1
2424,2742,214,1
2425,2743,19,1
2426,1163,699,0
2427,2745,624,0
2428,1871,884,1
2429,2746,1577,0
2430,2159,131,1
2431,2086,1745,0
2432,2748,278,0
2433,957,1746,1
2434,1125,1073,0
2435,1288,1691,0
2436,2753,14,1
2437,770,77,1
2438,245,771,0
2439,1294,1748,0
2440,1795,94,1
2441,1814,16,0
2442,1840,290,1
2443,153,319,0
2444,2466,273,1
2445,1884,125,1
2446,2756,1750,0
2447,2,794,0
2448,101,67,1
2449,586,1751,0
2450,626,469,1
2451,97,635,0
2452,2757,1031,1
2453,2759,1209,0
2454,151,889,1
2455,2760,519,0
2456,796,994,0
2457,2763,86,0
2458,776,67,1
2459,2084,94,1
2460,2764,1512,0
2461,2765,1098,0
2462,2150,1616,0
2463,512,1757,1
2464,2351,515,0
2465,2768,405,1
2466,2708,77,1
2467,777,1758,1
2468,2772,177,1
2469,2017,476,0
2470,2633,697,0
2471,949,272,0
2472,948,1760,0
2473,654,29,1
2474,995,1761,0
2475,1571,1139,0
2476,2737,1762,1
2477,2775,13,0
2478,343,90,1
2479,2594,1270,1
2480,2777,16,1
2481,2261,1308,1
2482,730,10,1
2483,425,29,1
2484,943,77,1
2485,2780,67,1
2486,2781,1260,0
2487,2070,1101,0
2488,1928,1764,0
2489,2782,1765,0
2490,1786,1756,1
2491,836,1766,0
2492,803,1181,1
2493,2783,782,1
2494,2784,389,0
2495,2284,705,1
2496,996,1768,1
2497,2785,1769,0
2498,2788,1339,1
2499,1450,189,1
2500,2790,248,1
2501,21,1645,0
2502,2662,846,0
2503,718,77,1
2504,1060,189,1
2505,1277,1772,0
2506,2795,139,0
2507,501,998,1
2508,2797,195,0
2509,2034,1773,0
2510,945,630,1
2511,2799,214,1
2512,2800,507,1
2513,1043,501,0
2514,808,1269,1
2515,2801,817,0
2516,211,278,1
2517,899,1556,1
2518,2369,87,1
2519,2802,1774,0
2520,2473,49,0
2521,2804,121,0
2522,2807,789,0
2523,1960,316,0
2524,1865,84,1
2525,2808,114,1
2526,801,118,1
2527,1219,29,1
2528,178,1777,0
2529,2811,27,1
2530,572,405,1
2531,2475,1767,0
2532,2814,1780,0
2533,334,697,0
2534,2816,638,1
2535,1132,48,1
2536,182,302,1
2537,2189,1490,0
2538,2733,1195,0
2539,453,998,1
2540,1218,77,1
2541,715,14,1
2542,849,506,0
2543,2665,890,0
2544,1248,851,1
2545,2821,818,0
2546,482,77,1
2547,1811,114,1
2548,2259,1783,0
2549,780,185,1
2550,794,988,1
2551,1954,560,1
2552,1847,1758,0
2553,2825,1311,0
2554,1251,1548,1
2555,182,617,1
2556,1196,1788,0
2557,2244,162,0
2558,2447,983,0
2559,2827,1617,0
2560,158,1155,0
2561,2828,290,0
2562,2354,1789,0
2563,1562,125,1
2564,63,67,1
2565,1714,118,1
2566,1021,118,1
2567,2830,1222,0
2568,2831,1194,0
2569,2157,527,1
2570,2832,499,1
2571,1348,1791,1
2572,2833,29,1
2573,848,47,0
2574,2834,1590,0
2575,2835,370,0
2576,2105,77,1
2577,1003,402,1
2578,2836,14,1
2579,2247,111,1
2580,1523,951,0
2581,579,550,0
2582,2355,1793,0
2583,674,77,1
2584,1669,132,1
2585,2432,1795,0
2586,1454,131,1
2587,2839,638,1
2588,809,1354,0
2589,52,122,1
2590,1381,606,0
2591,892,130,1
2592,2014,1167,0
2593,2154,1464,0
2594,2178,1798,0
2595,2844,405,1
2596,631,715,1
2597,2846,182,0
2598,2599,1122,0
2599,2848,67,0
2600,1315,1799,1
2601,2849,1800,0
2602,2291,1632,0
2603,2332,834,0
2604,1011,1640,0
2605,1470,339,1
2606,2736,652,0
2607,2854,1801,1
2608,342,1111,1
2609,512,435,1
2610,1398,1253,0
2611,88,875,0
2612,123,914,1
2613,75,131,1
2614,2856,1675,1
2615,2858,1675,0
2616,1687,1804,0
2617,1125,1789,0
2618,1176,1805,0
2619,2507,94,1
2620,2121,1230,0
2621,738,848,0
2622,1063,48,1
2623,780,138,1
2624,2860,235,1
2625,579,213,0
2626,537,1216,0
2627,2862,77,1
2628,1645,1806,1
2629,2865,1807,0
2630,1768,206,1
2631,916,412,1
2632,604,479,1
2633,2115,339,1
2634,2866,762,0
2635,533,345,0
2636,1370,1106,0
2637,2517,753,0
2638,1169,1809,1
2639,1478,560,0
2640,2488,456,0
2641,1560,854,0
2642,1485,1341,0
2643,1224,1548,0
2644,994,1389,0
2645,365,526,0
2646,75,278,1
2647,2875,405,1
2648,1184,38,1
2649,2583,281,1
2650,1918,14,1
2651,1083,11,1
2652,2877,899,0
2653,2005,77,1
2654,2297,118,1
2655,1291,638,1
2656,2878,638,1
2657,149,1119,0
2658,2881,27,1
2659,631,1811,1
2660,1038,64,1
2661,1669,859,1
2662,141,52,1
2663,984,1285,1
2664,2885,423,0
2665,2886,1231,0
2666,21,27,1
2667,331,1813,0
2668,286,1814,1
2669,731,1225,0
2670,1158,1334,1
2671,2889,1816,0
2672,2891,817,0
2673,1294,575,0
2674,2893,882,0
2675,2894,1725,1
2676,2895,1809,0
2677,258,240,0
2678,930,1819,1
2679,2897,67,0
2680,2902,70,0
2681,1249,1824,0
2682,2625,281,1
2683,850,674,0
2684,2109,1201,1
2685,1060,1506,0
2686,842,237,1
2687,260,77,1
2688,678,775,0
2689,1365,514,0
2690,2610,875,0
2691,1710,10,1
2692,826,1814,0
2693,2909,1827,0
2694,2610,1237,1
2695,139,959,0
2696,167,77,1
2697,2911,942,1
2698,2912,96,0
2699,803,1709,0
2700,2914,444,0
2701,251,641,1
2702,1748,1830,0
2703,2917,1664,0
2704,2912,622,0
2705,2918,52,1
2706,996,351,1
2707,1362,224,1
2708,1733,77,1
2709,236,1832,1
2710,2917,1757,0
2711,1127,281,1
2712,128,1444,0
2713,49,77,1
2714,2922,914,1
2715,1656,217,0
2716,4,1058,0
2717,309,433,1
2718,2567,1092,1
2719,567,1036,0
2720,1755,1751,1
2721,2925,1505,0
2722,665,118,1
2723,167,1646,0
2724,958,1563,0
2725,1733,1730,1
2726,2929,908,1
2727,2930,92,1
2728,2931,18,0
2729,2722,1760,0
2730,2286,1446,1
2731,202,1316,0
2732,2935,885,0
2733,2312,220,0
2734,583,1839,1
2735,2835,253,1
2736,2936,174,0
2737,2937,141,1
2738,52,1839,1
2739,2939,1841,1
2740,2940,1842,0
2741,1776,690,1
2742,669,14,1
2743,1853,249,0
2744,2942,930,0
2745,939,1239,1
2746,1133,263,1
2747,996,588,1
2748,2944,1140,1
2749,2009,469,1
2750,2946,1631,1
2751,1115,296,0
2752,2947,1844,0
2753,2948,1845,0
2754,2949,314,1
2755,2950,1722,0
2756,2951,67,1
2757,2268,1588,1
2758,2953,1204,0
2759,1362,1202,1
2760,2426,6,0
2761,2959,443,1
2762,2541,896,0
2763,512,639,0
2764,1127,940,0
2765,1643,727,0
2766,389,157,1
2767,2960,1013,0
2768,1454,125,1
2769,2961,77,1
2770,2962,1767,0
2771,2641,141,1
2772,4,141,0
2773,2963,1255,0
2774,1702,777,1
2775,2897,1846,0
2776,371,1847,1
2777,1339,1848,0
2778,903,1849,0
2779,2964,652,0
2780,2965,905,0
2781,2658,1057,0
2782,1944,1850,1
2783,1801,1660,0
2784,2674,1259,1
2785,2967,1231,0
2786,1842,1092,1
2787,1665,253,1
2788,661,195,1
2789,512,174,1
2790,2266,1491,0
2791,2970,594,0
2792,1254,942,0
2793,1250,253,1
2794,740,72,1
2795,215,192,1
2796,2971,1370,1
2797,1202,1854,0
2798,687,40,1
2799,2683,981,1
2800,2974,680,0
2801,1369,1855,0
2802,735,1382,1
2803,2976,111,1
2804,49,339,1
2805,2778,672,0
2806,53,876,0
2807,794,870,1
2808,1251,405,1
2809,363,991,0
2810,1456,14,1
2811,2846,348,0
2812,726,214,1
2813,796,1768,0
2814,156,1281,0
2815,794,809,1
2816,2179,396,0
2817,2980,437,0
2818,770,1334,0
2819,2983,1858,0
2820,693,11,1
2821,2985,1175,1
2822,224,57,0
2823,2013,111,1
2824,6,103,1
2825,2987,1139,0
2826,1886,655,0
2827,2175,714,0
2828,2988,1860,0
2829,2991,69,0
2830,1450,402,1
2831,2408,752,0
2832,197,111,1
2833,2657,1861,0
2834,2332,1862,1
2835,2929,589,0
2836,1604,1540,0
2837,719,989,1
2838,481,1866,0
2839,2293,617,0
2840,2996,1536,1
2841,376,272,0
2842,2778,248,1
2843,2200,108,0
2844,2678,636,0
2845,2999,940,0
2846,3000,989,0
2847,930,254,1
2848,2635,840,0
2849,59,66,0
2850,3002,1513,0
2851,544,402,1
2852,1050,870,0
2853,2682,681,1
2854,3004,1079,0
2855,1371,29,1
2856,3005,1867,1
2857,3006,184,0
2858,638,339,1
2859,230,807,1
2860,2436,1443,0
2861,3010,646,0
2862,251,787,0
2863,3013,782,0
2864,246,342,1
2865,1315,1246,1
2866,3014,1869,1
2867,2760,64,1
2868,3016,14,1
2869,2138,1870,0
2870,3018,67,1
2871,3019,1122,0
2872,3023,1100,1
2873,2421,1491,1
2874,3024,214,1
2875,165,1181,1
2876,2894,1225,0
2877,2765,912,0
2878,309,638,1
2879,3025,62,0
2880,2832,24,0
2881,3026,1070,0
2882,3027,27,1
2883,3028,404,0
2884,2312,274,0
2885,2200,690,1
2886,1733,128,1
2887,1450,130,1
2888,3029,405,1
2889,991,1761,1
2890,1450,278,1
2891,3030,161,0
2892,3031,396,1
2893,1078,998,1
2894,3032,125,1
2895,1463,87,1
2896,3033,64,1
2897,761,1459,0
2898,3037,1241,0
2899,1082,118,1
2900,1272,736,1
2901,3038,594,1
2902,661,1797,0
2903,2638,1459,0
2904,970,921,0
2905,1913,111,1
2906,694,887,1
2907,996,1434,1
2908,1010,19,1
2909,574,785,0
2910,1,11,0
2911,2904,716,0
2912,3044,451,0
2913,2929,810,1
2914,694,1475,1
2915,3046,1477,0
2916,2397,1746,0
2917,1691,1877,0
2918,3049,1272,0
2919,2658,1879,0
2920,75,10,1
2921,1516,1765,0
2922,1119,55,0
2923,3052,92,1
2924,1145,1880,0
2925,1546,936,0
2926,3055,404,0
2927,3057,1726,0
2928,492,9,0
2929,3059,1539,1
2930,1456,859,1
2931,1940,27,1
2932,3061,333,0
2933,3062,253,1
2934,1832,14,1
2935,3063,910,1
2936,2042,214,1
2937,2072,92,1
2938,1503,858,0
2939,353,1459,0
2940,96,1629,0
2941,2081,1255,0
2942,486,1885,0
2943,3065,1886,0
2944,3066,469,1
2945,1728,77,1
2946,704,952,1
2947,1927,125,0
2948,3067,1655,0
2949,1481,594,0
2950,3068,1771,0
2951,576,388,1
2952,2150,1777,0
2953,977,1527,1
2954,2269,1152,0
2955,211,1181,1
2956,141,390,1
2957,721,1381,0
2958,3016,3,1
2959,405,1887,0
2960,2254,775,0
2961,1031,689,1
2962,631,437,1
2963,2015,307,0
2964,631,1036,1
2965,2398,1305,0
2966,1063,1890,0
2967,3070,1306,0
2968,107,1466,1
2969,962,138,1
2970,21,1891,0
2971,3071,1556,1
2972,319,1668,0
2973,3073,376,1
2974,966,1284,1
2975,3074,476,0
2976,2307,885,1
2977,1362,122,1
2978,175,1007,0
2979,2031,779,1
2980,101,385,1
2981,968,871,0
2982,962,77,1
2983,3079,405,1
2984,3080,1031,1
2985,83,206,1
2986,2736,1740,0
2987,1333,785,0
2988,2509,1723,0
2989,1359,949,0
2990,1,1280,1
2991,3083,510,1
2992,1954,77,1
2993,1348,1057,0
2994,1078,138,1
2995,490,192,1
2996,451,25,0
2997,985,118,1
2998,2590,1397,0
2999,2352,1087,1
3000,2468,657,0
3001,3086,118,1
3002,2916,1449,0
3003,2833,14,1
3004,39,1403,0
3005,3088,1899,0
3006,2826,204,1
3007,662,1625,1
3008,1056,1512,1
3009,3089,539,1
3010,247,29,1
3011,2560,1455,0
3012,1036,475,1
3013,780,14,1
3014,151,332,1
3015,3091,290,1
3016,3092,1139,0
3017,794,189,1
3018,2388,1081,1
3019,1231,1904,0
3020,3093,1316,1
3021,2537,1598,0
3022,3050,174,0
3023,1676,1005,1
3024,412,390,1
3025,3097,1459,0
3026,2447,1372,0
3027,385,130,1
3028,972,637,0
3029,962,189,1
3030,806,214,1
3031,1733,1178,1
3032,742,113,1
3033,271,118,1
3034,3102,1698,0
3035,3103,1758,0
3036,3104,529,0
3037,802,1003,0
3038,445,817,0
3039,2955,307,1
3040,3106,885,0
3041,1233,1536,0
3042,3107,822,0
3043,84,1908,0
3044,1811,111,0
3045,2594,905,0
3046,1355,618,0
3047,563,1212,0
3048,3110,1588,0
3049,2379,214,0
3050,2599,88,0
3051,3111,804,1
3052,3112,730,1
3053,3113,307,0
3054,3114,756,1
3055,3115,1139,1
3056,873,402,1
3057,101,1506,0
3058,3116,1505,0
3059,777,1132,1
3060,52,746,1
3061,2708,18,1
3062,2610,1682,0
3063,1250,371,0
3064,3118,1151,1
3065,3119,126,0
3066,3123,1691,0
3067,2001,28,0
3068,1713,186,1
3069,1084,52,1
3070,1043,469,1
3071,45,67,1
3072,2002,1671,0
3073,2937,103,1
3074,2782,1796,0
3075,10,118,1
3076,747,1697,0
3077,3124,532,0
3078,2269,945,0
3079,1543,327,0
3080,1705,624,0
3081,3125,139,1
3082,2305,492,0
3083,3126,1911,0
3084,3127,396,1
3085,901,1866,0
3086,1728,87,1
3087,3130,910,0
3088,3010,1037,1
3089,3131,1419,0
3090,2305,1913,0
3091,2706,472,0
3092,738,1914,0
3093,2208,1349,0
3094,284,1802,0
3095,3132,444,1
3096,1075,1754,0
3097,533,72,1
3098,1350,153,0
3099,1455,1861,0
3100,2889,1722,0
3101,3134,193,0
3102,3135,894,1
3103,1387,220,1
3104,286,1559,1
3105,1056,195,1
3106,344,125,1
3107,36,1915,0
3108,45,1036,1
3109,2889,254,0
3110,10,914,1
3111,3136,419,0
3112,764,64,1
3113,1450,1181,1
3114,2084,77,1
3115,1463,1916,0
3116,3139,1342,1
3117,1480,402,0
3118,1940,84,1
3119,141,195,1
3120,3141,88,0
3121,3142,1510,0
3122,2929,588,0
3123,790,1551,0
3124,1953,1101,0
3125,3143,405,0
3126,1574,195,0
3127,893,841,1
3128,2723,1919,0
3129,213,899,0
3130,3146,1038,0
3131,1276,843,0
3132,870,303,0
3133,3148,773,1
3134,2857,650,0
3135,1265,1921,1
3136,780,278,1
3137,2765,1201,1
3138,2005,560,1
3139,3124,67,1
3140,2845,765,0
3141,2267,914,0
3142,3151,1674,0
3143,309,131,1
3144,185,14,1
3145,3033,738,0
3146,1218,1107,0
3147,2751,502,0
3148,3154,1475,0
3149,3155,702,0
3150,3156,799,0
3151,6,1923,0
3152,477,72,1
3153,3157,1924,0
3154,3158,219,0
3155,873,1119,1
3156,407,1678,0
3157,3160,1097,0
3158,859,1926,0
3159,3161,972,0
3160,1601,597,0
3161,509,1861,1
3162,674,206,1
3163,148,130,1
3164,1165,1914,1
3165,3168,889,0
3166,1182,1928,0
3167,2529,1929,0
3168,2334,789,0
3169,3170,1752,0
3170,286,1861,0
3171,2055,212,0
3172,3172,729,0
3173,57,77,1
3174,153,90,1
3175,2400,859,0
3176,873,998,1
3177,2530,469,1
3178,135,1139,1
3179,1621,1098,0
3180,3171,1643,0
3181,1112,77,1
3182,2028,339,1
3183,2163,960,0
3184,3174,1931,0
3185,2081,3,1
3186,3175,803,0
3187,1584,51,0
3188,215,77,1
3189,750,1455,0
3190,1104,87,1
3191,1219,237,1
3192,3178,405,1
3193,3137,206,1
3194,1269,77,1
3195,452,14,1
3196,371,1799,1
3197,936,589,1
3198,103,998,1
3199,3035,720,0
3200,1485,884,0
3201,2811,9,0
3202,2585,955,0
3203,470,1577,0
3204,3181,325,0
3205,63,29,1
3206,40,1215,1
3207,3183,690,1
3208,2273,67,1
3209,3184,857,0
3210,2802,814,1
3211,315,55,0
3212,1875,1900,1
3213,1394,29,1
3214,777,1934,1
3215,2948,1722,0
3216,578,90,1
3217,337,728,1
3218,1481,1251,1
3219,1686,764,0
3220,703,1869,0
3221,90,1936,0
3222,979,353,0
3223,162,111,1
3224,3186,1481,0
3225,587,132,0
3226,407,18,1
3227,814,162,0
3228,665,94,1
3229,980,955,1
3230,401,67,1
3231,3188,1937,0
3232,638,136,1
3233,1807,825,0
3234,1276,510,0
3235,169,167,0
3236,3193,306,0
3237,303,389,1
3238,1094,756,1
3239,103,337,1
3240,722,1485,1
3241,3194,90,1
3242,962,130,1
3243,892,998,1
3244,742,85,1
3245,665,1938,0
3246,1251,1587,0
3247,3197,1587,0
3248,2518,1201,1
3249,247,1899,0
3250,3198,1139,0
3251,2337,435,0
3252,2654,1078,0
3253,1846,851,0
3254,3199,1939,1
3255,3200,405,1
3256,2530,959,0
3257,1812,72,1
3258,2026,52,1
3259,842,14,1
3260,3202,506,0
3261,1877,1740,0
3262,3203,789,0
3263,1490,1483,1
3264,886,158,0
3265,230,390,1
3266,857,1732,0
3267,3204,879,0
3268,977,1732,1
3269,492,1738,1
3270,3206,752,0
3271,2882,1789,1
3272,776,894,0
3273,12,237,1
3274,1406,525,1
3275,631,616,1
3276,3208,1942,0
3277,3209,556,0
3278,3210,1925,0
3279,3211,405,1
3280,3212,1681,0
3281,733,519,1
3282,1003,727,1
3283,3213,644,1
3284,233,1637,0
3285,230,84,1
3286,3215,894,1
3287,3217,67,1
3288,962,402,1
3289,477,198,0
3290,411,234,1
3291,56,600,0
3292,2420,1579,0
3293,1341,77,1
3294,1963,1730,0
3295,175,1828,1
3296,3220,1718,0
3297,3062,469,1
3298,1944,77,1
3299,393,187,0
3300,3062,48,1
3301,3221,548,0
3302,2804,1550,0
3303,1714,690,1
3304,270,1199,1
3305,1224,1498,0
3306,1124,29,1
3307,3225,405,1
3308,227,1622,0
3309,2865,1550,0
3310,559,1525,1
3311,32,559,0
3312,103,185,1
3313,1667,111,1
3314,3228,1727,1
3315,1813,380,1
3316,3230,1886,0
3317,3231,725,1
3318,798,239,0
3319,3223,170,0
3320,2983,677,0
3321,704,450,1
3322,346,347,1
3323,892,29,1
3324,335,738,1
3325,3232,288,0
3326,2831,1176,0
3327,244,650,1
3328,492,1947,1
3329,2171,1948,1
3330,3002,1400,0
3331,1100,1668,0
3332,836,1950,0
3333,1313,1111,1
3334,3234,809,1
3335,2626,1300,0
3336,2560,1477,0
3337,1130,253,1
3338,519,1523,1
3339,294,206,1
3340,1060,1181,1
3341,643,246,0
3342,192,14,1
3343,2067,1811,0
3344,1170,136,1
3345,98,278,1
3346,1795,1655,0
3347,1627,1207,1
3348,13,354,1
3349,3239,77,1
3350,251,118,1
3351,3241,1037,0
3352,1170,807,1
3353,666,270,0
3354,2739,1417,0
3355,694,1953,1
3356,1355,1954,0
3357,3242,471,0
3358,3243,660,0
3359,3244,471,0
3360,3245,993,0
3361,2211,1440,0
3362,319,1735,0
3363,2135,1143,0
3364,3247,1392,0
3365,686,358,0
3366,2879,1566,0
3367,542,1064,0
3368,3241,1955,0
3369,3250,1956,0
3370,1036,194,1
3371,3251,342,0
3372,264,422,1
3373,890,912,0
3374,652,946,0
3375,544,1181,1
3376,2087,1737,0
3377,3254,313,0
3378,798,492,1
3379,149,469,1
3380,299,288,1
3381,3105,695,0
3382,2242,1593,0
3383,3258,14,1
3384,1091,1262,1
3385,3014,974,1
3386,2244,929,0
3387,3260,353,0
3388,2087,1307,0
3389,20,438,0
3390,1109,1237,0
3391,1430,94,1
3392,3261,273,1
3393,83,125,1
3394,3262,1852,0
3395,1835,1961,0
3396,559,52,1
3397,892,194,1
3398,590,87,1
3399,3263,1962,0
3400,3027,1674,0
3401,2007,1964,0
3402,472,469,1
3403,3265,1265,0
3404,1036,189,1
3405,1685,170,0
3406,2293,77,1
3407,2335,221,0
3408,722,726,0
3409,3267,1965,1
3410,1973,259,0
3411,137,189,1
3412,555,1095,0
3413,77,829,0
3414,1590,339,1
3415,15,281,1
3416,3268,380,1
3417,2369,1887,1
3418,3116,1835,0
3419,3270,1717,0
3420,3271,466,0
3421,2000,482,0
3422,90,1709,0
3423,3274,1164,0
3424,963,339,1
3425,2541,1058,0
3426,3275,1121,0
3427,714,14,1
3428,715,1512,1
3429,286,1325,1
3430,2682,1521,1
3431,76,52,1
3432,1549,92,1
3433,137,1920,0
3434,3247,27,1
3435,558,713,1
3436,1618,1239,1
3437,3278,123,0
3438,3281,480,1
3439,2239,345,1
3440,2592,296,1
3441,3284,121,0
3442,2094,1092,0
3443,3285,719,1
3444,3286,1872,0
3445,236,646,0
3446,383,9,0
3447,52,968,1
3448,2208,1259,0
3449,1554,794,0
3450,2125,354,0
3451,794,130,1
3452,1876,1967,0
3453,1909,908,1
3454,2974,737,1
3455,2517,118,1
3456,165,130,1
3457,624,147,1
3458,241,602,0
3459,3292,1417,0
3460,3293,381,0
3461,3037,819,1
3462,1078,727,1
3463,1487,94,1
3464,195,849,1
3465,1517,1969,0
3466,2383,1163,0
3467,765,1970,0
3468,3295,1893,0
3469,148,192,1
3470,3296,1574,1
3471,2612,1512,1
3472,2025,77,1
3473,2529,1386,0
3474,3297,736,0
3475,1575,1925,1
3476,3059,759,0
3477,2219,854,0
3478,2883,128,1
3479,3298,203,0
3480,3299,920,0
3481,3300,896,0
3482,1567,973,1
3483,1828,759,0
3484,1483,966,0
3485,3301,1164,0
3486,1312,638,1
3487,2708,87,1
3488,1,94,1
3489,3302,77,1
3490,2267,1602,0
3491,3304,1972,1
3492,3305,119,0
3493,232,1239,0
3494,856,1814,0
3495,363,94,1
3496,2394,1520,0
3497,3307,90,1
3498,3308,83,0
3499,654,77,1
3500,1993,118,1
3501,2106,1219,0
3502,679,1005,0
3503,341,1543,0
3504,3310,975,1
3505,3311,132,1
3506,3070,1689,0
3507,434,690,1
3508,3313,67,1
3509,1290,29,1
3510,2935,1456,0
3511,2184,19,1
3512,1734,343,0
3513,3314,1975,0
3514,1919,629,1
3515,259,728,0
3516,2612,23,1
3517,1845,87,1
3518,3316,29,1
3519,1940,14,1
3520,3317,104,0
3521,808,625,1
3522,2127,757,1
3523,247,1113,1
3524,2477,1588,0
3525,1915,67,1
3526,401,1950,0
3527,1144,92,1
3528,4,1059,0
3529,2395,1364,0
3530,923,772,0
3531,2664,1579,0
3532,3320,1040,0
3533,1294,237,1
3534,1919,45,1
3535,1138,446,0
3536,1696,111,1
3537,758,1031,0
3538,3322,214,1
3539,3232,111,1
3540,790,1598,0
3541,3324,27,1
3542,2858,1892,0
3543,1286,29,1
3544,1569,77,1
3545,1315,1602,0
3546,3250,90,1
3547,2269,1397,0
3548,6,94,1
3549,3325,404,0
3550,3326,1548,0
3551,1885,1982,0
3552,1518,77,1
3553,2634,296,1
3554,1835,155,0
3555,1801,512,1
3556,1548,486,0
3557,3108,883,0
3558,1184,1206,0
3559,192,1861,0
3560,3328,845,0
3561,3329,680,1
3562,859,1076,0
3563,3330,1103,0
3564,2651,128,0
3565,3331,447,0
3566,3332,1620,0
3567,2436,1593,1
3568,151,1193,1
3569,3333,262,1
3570,3163,532,0
3571,453,550,1
3572,1290,209,0
3573,2131,919,0
3574,2217,77,1
3575,678,77,1
3576,3335,476,1
3577,195,14,1
3578,2493,114,1
3579,3310,270,1
3580,151,1985,1
3581,583,64,1
3582,3339,1336,1
3583,3340,1626,0
3584,3186,1215,1
3585,3342,9,0
3586,963,195,1
3587,404,375,0
3588,3345,1283,0
3589,1808,1897,1
3590,2446,67,1
3591,1688,29,1
3592,2555,168,0
3593,866,1467,0
3594,3347,48,1
3595,2078,840,0
3596,1567,1140,1
3597,137,550,1
3598,809,1988,0
3599,1374,638,1
3600,192,222,1
3601,396,94,1
3602,137,278,1
3603,873,981,1
3604,110,842,0
3605,3350,67,1
3606,1725,155,0
3607,2593,1793,0
3608,2094,136,0
3609,409,29,1
3610,3352,87,1
3611,3355,1178,1
3612,1304,1800,0
3613,2140,195,1
3614,211,998,1
3615,2590,386,1
3616,2369,14,1
3617,795,1992,0
3618,2946,31,0
3619,1032,730,0
3620,3116,697,0
3621,165,402,1
3622,1176,29,1
3623,3359,449,0
3624,810,940,0
3625,1732,1712,1
3626,3087,611,1
3627,3360,1599,0
3628,1965,1248,1
3629,2521,405,1
3630,212,515,0
3631,2683,914,1
3632,1099,77,1
3633,467,988,0
3634,2565,103,1
3635,1725,1508,0
3636,1250,240,1
3637,1930,695,0
3638,1067,77,1
3639,3363,296,0
3640,694,1275,1
3641,376,1191,0
3642,2272,1993,0
3643,3350,475,1
3644,3364,1590,1
3645,3361,803,1
3646,337,917,1
3647,3365,1768,0
3648,778,70,0
3649,3366,1445,0
3650,3367,1139,0
3651,3232,1985,0
3652,1408,825,0
3653,2502,77,1
3654,148,337,1
3655,55,3,1
3656,1016,1286,0
3657,648,253,1
3658,1602,1767,0
3659,1646,1730,1
3660,530,1994,0
3661,1847,557,0
3662,2386,1059,0
3663,2862,92,1
3664,3368,1111,1
3665,372,1995,1
3666,2502,125,1
3667,286,1488,1
3668,3240,1573,0
3669,303,652,0
3670,1434,660,0
3671,1414,140,1
3672,3371,290,0
3673,2226,1245,0
3674,2620,1830,0
3675,3373,482,0
3676,1936,386,1
3677,3374,405,1
3678,1159,87,1
3679,3375,128,0
3680,3376,1070,1
3681,468,1861,0
3682,3377,248,0
3683,1909,1895,0
3684,315,675,0
3685,3380,1879,1
3686,1075,77,1
3687,3271,316,0
3688,1435,643,0
3689,962,235,1
3690,882,1996,1
3691,2645,1997,0
3692,3384,92,1
3693,128,1998,0
3694,3157,1466,0
3695,3387,2000,0
3696,2575,1935,0
3697,1390,1847,0
3698,3388,894,0
3699,2260,1784,0
3700,2411,1510,1
3701,3389,665,0
3702,151,1828,1
3703,2389,18,1
3704,3391,861,0
3705,193,611,1
3706,2426,1448,0
3707,3106,38,0
3708,3392,1047,0
3709,2442,503,0
3710,3393,1481,0
3711,1577,997,0
3712,3394,72,1
3713,1801,217,0
3714,3395,1961,0
3715,1063,772,1
3716,2352,437,1
3717,2445,339,0
3718,1842,2001,1
3719,420,835,1
3720,1430,339,0
3721,3397,781,0
3722,148,2002,0
3723,3399,708,0
3724,3010,1924,0
3725,3402,228,0
3726,335,1419,0
3727,3122,1459,0
3728,1523,1480,0
3729,1746,1084,0
3730,36,1178,0
3731,1367,1117,0
3732,1837,290,0
3733,3161,278,1
3734,3406,1314,0
3735,44,835,1
3736,3407,690,1
3737,1249,356,0
3738,1450,837,1
3739,287,339,1
3740,291,79,0
3741,3409,2005,0
3742,3346,1893,0
3743,2445,1193,0
3744,2297,130,1
3745,3411,1684,0
3746,3412,1006,0
3747,3127,525,0
3748,876,613,1
3749,2181,1536,0
3750,309,775,0
3751,3414,268,1
3752,3415,296,0
3753,1182,16,1
3754,2217,616,0
3755,103,35,1
3756,1801,308,1
3757,1187,1732,0
3758,1654,1484,0
3759,3213,708,0
3760,1723,656,0
3761,1323,1551,0
3762,3419,611,0
3763,944,886,0
3764,3422,24,1
3765,2034,114,1
3766,1313,214,1
3767,2635,1707,0
3768,409,624,0
3769,2830,1238,0
3770,286,165,1
3771,1660,1893,0
3772,3424,902,1
3773,995,716,0
3774,3425,2002,0
3775,3426,67,0
3776,533,921,0
3777,996,57,1
3778,1805,136,0
3779,3427,788,0
3780,3429,14,1
3781,3430,1924,0
3782,1000,2012,0
3783,795,1514,0
3784,2029,29,1
3785,886,2014,0
3786,2854,752,0
3787,2084,29,1
3788,1305,1132,1
3789,668,189,1
3790,236,437,0
3791,3401,536,1
3792,3434,186,1
3793,364,1119,0
3794,3435,2015,0
3795,3406,779,1
3796,3437,64,0
3797,1968,943,0
3798,972,1850,0
3799,3439,375,1
3800,512,959,1
3801,1376,437,1
3802,631,19,1
3803,724,1692,0
3804,3440,29,0
3805,1474,1838,0
3806,316,700,0
3807,873,994,1
3808,412,77,1
3809,3093,218,0
3810,1277,1550,0
3811,662,1601,1
3812,3443,2017,0
3813,623,2018,1
3814,444,237,1
3815,3444,1474,0
3816,2722,90,1
3817,1965,240,1
3818,3445,69,1
3819,3446,1835,0
3820,1737,136,1
3821,714,356,0
3822,1863,715,0
3823,354,534,0
3824,3449,624,0
3825,3450,44,0
3826,1684,118,1
3827,3451,889,1
3828,1840,77,1
3829,1765,1178,1
3830,1994,14,1
3831,2148,991,0
3832,2996,1358,1
3833,2635,1821,0
3834,943,1539,0
3835,3407,942,0
3836,3083,2005,0
3837,140,1706,0
3838,1710,295,1
3839,2491,2021,0
3840,2738,1321,0
3841,251,94,1
3842,660,77,1
3843,1394,666,1
3844,1939,1113,1
3845,3455,19,1
3846,1953,2022,1
3847,1839,591,0
3848,3458,859,1
3849,85,77,1
3850,2903,1384,0
3851,1586,1798,0
3852,1315,1102,1
3853,3134,2024,0
3854,809,1523,1
3855,3460,18,0
3856,2413,41,0
3857,439,195,1
3858,2303,2025,0
3859,662,945,0
3860,13,318,1
3861,1422,257,0
3862,1486,50,0
3863,3132,157,0
3864,3463,480,1
3865,2211,1742,0
3866,85,319,1
3867,3286,734,0
3868,254,193,0
3869,3063,440,0
3870,3466,578,1
3871,2031,1253,0
3872,96,125,1
3873,2322,1184,0
3874,692,56,0
3875,2081,433,1
3876,3468,767,1
3877,2517,187,0
3878,44,90,1
3879,903,1897,1
3880,3469,1549,0
3881,57,1106,0
3882,3470,27,1
3883,123,164,0
3884,1901,1542,0
3885,896,1186,1
3886,633,657,0
3887,488,304,1
3888,3472,1611,0
3889,1026,816,0
3890,2250,195,1
3891,3473,1330,0
3892,3474,2031,1
3893,922,190,0
3894,1718,77,1
3895,472,481,1
3896,488,589,1
3897,2105,1730,1
3898,3301,193,0
3899,2132,528,0
3900,344,136,1
3901,2980,67,1
3902,3422,215,0
3903,3475,2032,1
3904,2590,411,0
3905,2003,90,1
3906,2498,649,0
3907,3476,1505,0
3908,3477,911,1
3909,3478,550,0
3910,3479,1265,0
3911,873,194,1
3912,1775,261,1
3913,2492,1220,0
3914,1,1629,1
3915,3350,130,1
3916,3482,22,0
3917,3483,387,0
3918,109,257,1
3919,1481,1602,0
3920,2284,819,0
3921,3485,1619,0
3922,644,1601,0
3923,1917,682,1
3924,2937,381,0
3925,3487,125,1
3926,2794,1791,0
3927,13,689,1
3928,1188,77,1
3929,2370,537,0
3930,722,11,0
3931,625,203,0
3932,286,25,1
3933,1248,772,0
3934,3303,965,0
3935,2549,254,1
3936,2322,253,1
3937,1732,2010,1
3938,2935,437,0
3939,2334,479,1
3940,3489,819,0
3941,1476,1861,0
3942,3490,77,1
3943,84,113,0
3944,625,354,1
3945,3491,469,1
3946,3493,1929,0
3947,991,14,1
3948,621,879,0
3949,246,54,1
3950,2560,1878,0
3951,1924,1237,0
3952,905,1339,1
3953,1129,249,1
3954,2571,1260,0
3955,110,2006,0
3956,469,272,1
3957,1555,1735,0
3958,2465,556,1
3959,1590,147,1
3960,2094,1336,0
3961,2682,894,0
3962,2674,77,1
3963,1444,1257,0
3964,1645,1239,1
3965,966,675,1
3966,2711,512,0
3967,3137,849,0
3968,174,2034,0
3969,2177,396,0
3970,369,963,1
3971,2189,481,0
3972,896,1813,0
3973,3500,1807,0
3974,2269,356,1
3975,1450,138,1
3976,2830,314,1
3977,2477,87,1
3978,668,1550,0
3979,3251,405,1
3980,613,510,0
3981,3502,1304,1
3982,138,254,0
3983,3387,2036,1
3984,148,998,1
3985,3220,132,0
3986,3057,1653,1
3987,3511,2000,0
3988,3512,914,1
3989,192,29,1
3990,3513,675,1
3991,3514,1705,0
3992,2015,19,1
3993,1884,807,1
3994,490,194,1
3995,1315,1232,1
3996,649,29,1
3997,3517,1688,0
3998,2591,67,1
3999,3519,1913,0
4000,2219,2031,0
4001,3209,1395,0
4002,109,11,1
4003,83,281,1
4004,1997,799,0
4005,1485,1892,1
4006,1542,237,1
4007,2032,1326,0
4008,1065,380,1
4009,1431,18,1
4010,3524,1265,1
4011,3525,254,0
4012,1671,1950,0
4013,1809,2039,0
4014,2200,77,1
4015,794,849,1
4016,1966,1085,0
4017,995,465,0
4018,3146,56,0
4019,1618,94,1
4020,3526,821,0
4021,2315,125,1
4022,3527,111,1
4023,1978,238,0
4024,354,1924,0
4025,1103,443,1
4026,3528,268,1
4027,1665,29,1
4028,3529,304,0
4029,2017,1769,1
4030,649,638,1
4031,482,67,1
4032,1313,694,1
4033,2525,2040,0
4034,656,1970,0
4035,995,921,0
4036,2826,2041,0
4037,715,1935,0
4038,166,998,1
4039,2050,686,1
4040,469,1598,1
4041,1443,1988,0
4042,2821,1626,1
4043,1052,1982,0
4044,1403,69,1
4045,583,989,1
4046,2788,1955,0
4047,46,1723,0
4048,956,1762,0
4049,2392,125,1
4050,3530,1004,0
4051,1138,2006,1
4052,792,52,1
4053,3175,1879,1
4054,1716,845,0
4055,2419,1401,0
4056,3532,1640,0
4057,1450,325,0
4058,855,1278,0
4059,3457,18,0
4060,2562,1152,1
4061,3533,573,0
4062,3446,216,0
4063,737,1189,0
4064,2894,240,0
4065,937,457,1
4066,2426,1594,0
4067,1536,1707,0
4068,780,192,1
4069,3536,1295,0
4070,3537,1646,0
4071,246,899,0
4072,1442,253,1
4073,1450,1018,1
4074,1667,133,0
4075,613,1692,0
4076,230,727,1
4077,1817,880,1
4078,2471,29,1
4079,3460,807,0
4080,1884,67,1
4081,1126,237,1
4082,2248,132,1
4083,587,263,1
4084,2939,16,0
4085,2619,1787,0
4086,958,185,1
4087,558,1490,1
4088,1545,1611,1
4089,60,1463,0
4090,340,365,0
4091,721,1903,0
4092,10,479,1
4093,1558,2043,0
4094,3139,470,0
4095,1249,318,0
4096,872,392,0
4097,3156,204,0
4098,958,550,1
4099,109,1668,1
4100,2127,1983,0
4101,512,738,1
4102,3540,1468,0
4103,3458,324,0
4104,129,589,0
4105,424,67,1
4106,3476,2034,1
4107,1900,952,1
4108,2322,492,1
4109,362,983,0
4110,3544,273,1
4111,3051,2045,0
4112,988,1781,0
4113,1733,2046,1
4114,3547,297,0
4115,3548,38,1
4116,3549,230,0
4117,1127,921,0
4118,1174,2047,0
4119,3550,111,1
4120,903,636,0
4121,869,254,1
4122,2135,443,1
4123,2527,1273,0
4124,2137,94,1
4125,3552,115,1
4126,1516,296,1
4127,2517,288,0
4128,951,734,0
4129,344,27,1
4130,1775,67,1
4131,151,460,1
4132,1139,853,0
4133,2970,449,0
4134,1219,277,1
4135,1078,835,1
4136,2349,757,1
4137,1978,654,0
4138,295,1972,0
4139,1548,2049,0
4140,423,1297,0
4141,3556,875,1
4142,3280,548,0
4143,1142,611,0
4144,2324,1008,0
4145,103,796,0
4146,940,2051,0
4147,1618,54,0
4148,1508,690,1
4149,3023,810,0
4150,1618,103,1
4151,2532,144,1
4152,3559,683,0
4153,1770,1703,0
4154,2171,575,0
4155,2361,11,1
4156,1241,108,0
4157,916,77,1
4158,1879,1600,0
4159,3490,1746,1
4160,3561,11,1
4161,602,319,1
4162,2305,77,1
4163,1590,27,1
4164,2087,567,1
4165,3564,104,0
4166,3031,165,0
4167,1626,1327,1
4168,1465,1468,0
4169,420,550,1
4170,3202,1013,0
4171,334,1032,0
4172,576,1708,0
4173,286,1372,1
4174,1272,729,0
4175,1156,1991,0
4176,2293,206,1
4177,2318,1019,0
4178,759,445,1
4179,2949,224,0
4180,1936,69,1
4181,1694,1914,0
4182,3105,1166,0
4183,3318,1895,1
4184,2259,142,0
4185,395,388,0
4186,3568,1675,0
4187,3106,111,1
4188,69,405,1
4189,1555,2053,0
4190,3569,625,1
4191,123,34,0
4192,3189,1485,0
4193,3570,161,0
4194,2955,1787,0
4195,1718,29,1
4196,2696,337,0
4197,2466,1055,0
4198,193,1509,1
4199,383,1944,0
4200,2613,405,1
4201,2220,1934,0
4202,2165,118,1
4203,3326,1186,0
4204,2953,646,0
4205,166,130,1
4206,1536,108,0
4207,3573,2055,0
4208,735,1752,1
4209,2225,1521,0
4210,794,835,1
4211,2202,429,1
4212,3407,14,1
4213,2878,77,1
4214,90,339,1
4215,3577,677,1
4216,590,94,1
4217,2129,989,1
4218,3489,736,1
4219,3579,81,0
4220,2489,733,0
4221,914,1140,0
4222,3580,2056,0
4223,477,1175,1
4224,190,2057,0
4225,1490,1441,0
4226,3249,29,1
4227,3581,1414,0
4228,1476,77,1
4229,3583,2029,0
4230,1313,77,1
4231,2827,1926,0
4232,3087,607,0
4233,184,2040,0
4234,3585,1309,1
4235,3394,616,0
4236,2660,1264,0
4237,1098,2014,0
4238,1219,147,1
4239,474,611,1
4240,808,1323,1
4241,1665,86,0
4242,2055,87,1
4243,1371,14,1
4244,3587,510,1
4245,1896,1341,0
4246,1664,212,0
4247,1398,2010,0
4248,2013,19,0
4249,1291,964,0
4250,3407,1191,0
4251,3015,354,0
4252,255,732,1
4253,962,998,1
4254,1673,1265,1
4255,884,1776,1
4256,2039,1317,1
4257,2881,270,0
4258,1198,556,0
4259,2274,412,1
4260,3589,238,0
4261,371,1616,0
4262,1737,52,1
4263,2682,77,1
4264,2634,29,1
4265,3591,72,1
4266,794,400,1
4267,1245,405,1
4268,3594,16,1
4269,3595,1630,0
4270,951,132,1
4271,2252,27,1
4272,3303,14,1
4273,796,472,0
4274,3570,1942,0
4275,3407,77,1
4276,3597,854,1
4277,2245,725,1
4278,1450,192,1
4279,780,87,1
4280,3599,29,1
4281,3600,1264,0
4282,363,118,1
4283,148,278,1
4284,3066,1026,0
4285,3601,1626,1
4286,2612,308,0
4287,1294,52,1
4288,582,84,1
4289,1393,364,1
4290,3603,875,0
4291,3604,235,1
4292,2776,1301,0
4293,1099,94,1
4294,2479,960,0
4295,151,118,1
4296,260,84,1
4297,231,614,0
4298,864,414,0
4299,640,617,0
4300,1803,1736,0
4301,310,1811,0
4302,3607,1664,0
4303,3267,1616,0
4304,8,837,1
4305,374,147,1
4306,3397,1327,1
4307,1080,113,1
4308,3608,456,0
4309,3609,435,0
4310,3062,18,1
4311,3033,1681,0
4312,679,2063,0
4313,3315,2064,1
4314,1369,1737,0
4315,3078,197,0
4316,3610,407,0
4317,1990,1989,0
4318,3612,214,1
4319,3613,239,0
4320,3614,616,0
4321,486,835,0
4322,1834,256,0
4323,1264,1077,0
4324,3615,1441,0
4325,3616,67,1
4326,668,727,1
4327,251,849,1
4328,3059,691,0
4329,497,278,1
4330,815,1855,0
4331,901,1306,0
4332,2131,48,1
4333,1910,1805,0
4334,3618,977,0
4335,882,1444,0
4336,3619,1305,0
4337,3127,1183,0
4338,466,634,0
4339,1750,1385,1
4340,2137,1893,0
4341,2028,147,1
4342,82,416,0
4343,2017,2067,0
4344,2248,1827,0
4345,2524,507,1
4346,1165,14,1
4347,3180,2027,0
4348,2274,1943,1
4349,3626,1625,0
4350,3627,1692,1
4351,1266,524,1
4352,3629,1614,0
4353,3062,77,1
4354,2722,1110,0
4355,3630,1188,0
4356,3603,1488,0
4357,3631,1528,0
4358,2162,170,0
4359,1769,1154,0
4360,807,1240,0
4361,1224,479,1
4362,3134,356,1
4363,765,18,1
4364,3634,938,1
4365,63,1007,1
4366,230,998,1
4367,1083,2019,0
4368,996,1321,1
4369,3635,882,0
4370,1679,422,0
4371,1590,10,1
4372,195,13,1
4373,638,52,1
4374,3637,1328,0
4375,2637,1496,0
4376,588,1879,0
4377,1921,1180,0
4378,826,734,0
4379,3638,1457,0
4380,1545,2068,1
4381,1868,2064,0
4382,2801,1618,0
4383,3639,1180,0
4384,2323,1208,0
4385,884,547,1
4386,756,388,0
4387,578,550,1
4388,1712,901,1
4389,1219,55,1
4390,780,118,1
4391,6,161,1
4392,665,29,1
4393,3644,625,0
4394,3122,1917,0
4395,2604,294,0
4396,63,1231,0
4397,1709,2013,0
4398,3233,638,1
4399,365,73,1
4400,2804,186,1
4401,3645,234,0
4402,3624,882,0
4403,858,1926,1
4404,3646,1827,0
4405,2854,111,0
4406,3647,1664,0
4407,2635,414,0
4408,3648,1261,0
4409,668,194,1
4410,1112,72,1
4411,1374,393,1
4412,3649,1736,0
4413,942,460,1
4414,3018,215,0
4415,3650,405,1
4416,1189,1727,1
4417,3533,851,0
4418,49,538,1
4419,3396,375,0
4420,3073,1089,0
4421,492,414,0
4422,735,877,1
4423,1809,1600,0
4424,578,130,1
4425,3651,1626,0
4426,32,77,1
4427,3652,1089,0
4428,195,999,1
4429,1300,136,1
4430,1546,132,1
4431,735,973,1
4432,568,1178,0
4433,816,992,0
4434,271,14,1
4435,3576,611,0
4436,3654,1092,1
4437,863,1682,0
4438,453,1601,0
4439,2848,2025,0
4440,2193,72,1
4441,521,810,0
4442,299,77,1
4443,694,1055,1
4444,1884,77,1
4445,780,550,1
4446,3154,3,1
4447,2795,2027,0
4448,1795,140,1
4449,2839,961,0
4450,1887,1985,0
4451,1722,77,1
4452,3567,157,0
4453,49,206,1
4454,2525,125,1
4455,2711,946,0
4456,966,1917,1
4457,2197,1949,0
4458,509,131,1
4459,34,893,1
4460,52,629,1
4461,1886,1680,0
4462,55,1121,0
4463,3658,123,0
4464,3659,2012,0
4465,2626,1039,0
4466,3661,457,1
4467,3662,1847,0
4468,2756,278,0
4469,3663,111,1
4470,2988,2071,0
4471,3461,1821,0
4472,2105,875,1
4473,747,327,0
4474,1128,14,0
4475,3665,405,1
4476,1052,77,1
4477,1836,1097,0
4478,3469,189,0
4479,677,264,0
4480,1545,760,0
4481,2573,296,1
4482,2214,1285,1
4483,816,1585,1
4484,3155,234,0
4485,344,55,1
4486,3667,335,0
4487,1158,2073,1
4488,1767,914,1
4489,2703,1382,0
4490,803,402,1
4491,1080,1022,1
4492,2651,29,1
4493,184,793,1
4494,2340,469,1
4495,807,376,1
4496,3085,1926,0
4497,135,1096,1
4498,963,849,1
4499,3671,41,1
4500,3035,900,0
4501,2471,94,1
4502,3673,415,1
4503,2205,1241,0
4504,2804,1942,0
4505,1571,680,0
4506,1486,602,0
4507,2650,252,0
4508,1139,471,1
4509,3678,559,1
4510,982,1437,1
4511,75,194,1
4512,469,351,1
4513,466,167,1
4514,2523,1057,1
4515,1618,1943,0
4516,2626,92,1
4517,2074,111,1
4518,1545,2036,1
4519,588,27,1
4520,1927,479,0
4521,2309,14,0
4522,714,29,1
4523,2517,1588,0
4524,3682,216,1
4525,1080,1151,1
4526,1571,103,1
4527,3146,433,1
4528,2014,854,1
4529,3097,1165,0
4530,2470,538,1
4531,1165,1096,1
4532,1646,67,1
4533,2293,67,1
4534,3687,1294,0
4535,1724,1428,1
4536,1219,52,1
4537,766,1916,0
4538,1571,112,0
4539,3688,1248,0
4540,730,254,1
4541,344,339,1
4542,1619,630,1
4543,2816,1175,0
4544,2753,29,1
4545,2069,14,1
4546,260,704,0
4547,3692,582,0
4548,286,721,1
4549,892,1726,1
4550,2354,214,1
4551,1982,94,1
4552,2015,1887,0
4553,251,2012,0
4554,38,1917,0
4555,1208,1772,0
4556,3694,271,0
4557,714,67,1
4558,3695,186,1
4559,342,650,0
4560,76,339,1
4561,2187,353,1
4562,69,1645,0
4563,2538,971,1
4564,2318,1819,1
4565,3079,2024,0
4566,230,1181,1
4567,291,556,1
4568,63,118,1
4569,1539,29,1
4570,2133,560,1
4571,3697,1281,0
4572,1294,1789,0
4573,3698,1837,1
4574,1543,94,1
4575,1294,136,1
4576,109,1214,1
4577,2026,69,1
4578,1457,366,0
4579,3597,3,0
4580,1884,84,1
4581,2253,90,1
4582,1736,1614,0
4583,49,27,1
4584,2561,1751,0
4585,1245,1278,0
4586,3702,809,1
4587,1111,374,0
4588,2215,914,1
4589,1442,14,1
4590,3152,1059,0
4591,1702,77,1
4592,3704,1307,0
4593,3419,1462,0
4594,286,726,1
4595,625,849,1
4596,3705,375,1
4597,3346,999,0
4598,1196,1059,0
4599,3707,897,0
4600,651,419,0
4601,371,1019,1
4602,1697,1886,0
4603,1662,1071,0
4604,1430,67,1
4605,1084,406,1
4606,3708,1167,0
4607,1087,214,1
4608,8,185,1
4609,963,84,1
4610,668,402,1
4611,939,719,1
4612,564,219,0
4613,3581,994,0
4614,3709,889,1
4615,1703,1307,0
4616,824,342,1
4617,1567,1349,0
4618,236,517,1
4619,1445,356,1
4620,2784,18,1
4621,3681,1000,0
4622,3712,1189,0
4623,482,94,1
4624,2638,304,0
4625,3713,661,0
4626,651,1708,0
4627,141,1758,0
4628,75,638,1
4629,3714,1574,1
4630,665,67,1
4631,2471,1234,0
4632,1474,1404,0
4633,3716,1313,0
4634,1545,272,1
4635,1710,125,1
4636,3718,29,1
4637,1404,1321,0
4638,1422,1446,1
4639,2349,690,1
4640,196,702,0
4641,1686,1961,0
4642,1638,1590,0
4643,3585,620,0
4644,1158,219,1
4645,651,492,0
4646,3720,688,0
4647,1836,821,0
4648,2880,1344,1
4649,141,136,1
4650,3203,86,1
4651,3280,1130,0
4652,1703,1867,0
4653,490,475,1
4654,3722,758,0
4655,945,1448,0
4656,803,1726,1
4657,3723,1290,0
4658,2392,538,1
4659,1662,339,1
4660,868,1904,1
4661,2366,7,0
4662,1839,1997,1
4663,2118,1223,0
4664,3004,429,0
4665,3724,77,1
4666,2502,1951,0
4667,1884,147,1
4668,2588,1487,0
4669,699,239,1
4670,966,369,1
4671,1075,1181,1
4672,3727,111,1
4673,2489,533,0
4674,2665,1895,1
4675,82,281,1
4676,3257,67,1
4677,2083,1420,0
4678,3453,14,1
4679,3729,1167,1
4680,2216,677,1
4681,1241,1362,0
4682,501,185,1
4683,780,77,1
4684,3601,1204,1
4685,2287,445,0
4686,1684,29,1
4687,344,147,1
4688,1180,72,1
4689,2422,1132,1
4690,1461,136,1
4691,3120,781,0
4692,822,906,1
4693,2667,55,0
4694,3733,297,0
4695,1060,138,1
4696,3734,335,0
4697,1425,126,0
4698,884,1446,1
4699,3735,953,0
4700,590,356,1
4701,1660,491,0
4702,1868,838,0
4703,2633,1313,0
4704,1918,154,1
4705,3736,1385,0
4706,141,3,1
4707,1575,339,0
4708,166,1181,1
4709,882,1751,0
4710,1517,1509,1
4711,562,1849,0
4712,1987,1316,0
4713,3738,721,0
4714,983,77,1
4715,1817,772,1
4716,723,951,0
4717,3445,339,1
4718,3452,1273,0
4719,826,1543,1
4720,3742,1309,0
4721,1219,77,1
4722,3353,927,0
4723,826,1462,0
4724,123,77,1
4725,3744,152,1
4726,868,438,0
4727,1611,1097,0
4728,1691,202,0
4729,2960,625,1
4730,3746,375,1
4731,13,23,1
4732,1732,938,1
4733,3747,638,0
4734,2515,910,0
4735,977,1503,1
4736,1714,360,0
4737,1930,2084,0
4738,1227,1858,0
4739,1898,77,1
4740,2984,1589,0
4741,1227,832,0
4742,230,130,1
4743,1683,1660,0
4744,3684,677,1
4745,1890,1100,0
4746,2352,2085,1
4747,3627,1565,0
4748,90,807,1
4749,1439,2005,0
4750,2005,87,1
4751,808,1255,1
4752,1602,14,1
4753,2925,1535,0
4754,1938,514,0
4755,930,390,1
4756,75,189,1
4757,3223,1668,0
4758,2744,1098,1
4759,772,64,1
4760,96,1206,0
4761,973,1194,0
4762,2186,54,0
4763,558,131,1
4764,1250,875,1
4765,3753,847,1
4766,1474,240,0
4767,232,818,1
4768,1940,1220,0
4769,1219,14,1
4770,2324,1184,0
4771,3756,443,1
4772,1268,588,0
4773,2342,1801,0
4774,3666,430,1
4775,1327,1649,0
4776,3757,906,1
4777,2336,144,1
4778,794,2053,1
4779,583,350,1
4780,3638,1853,1
4781,742,123,1
4782,3018,77,1
4783,2610,664,1
4784,3759,694,0
4785,1159,29,1
4786,3751,809,1
4787,840,690,1
4788,2527,1824,1
4789,2748,539,0
4790,1313,1922,1
4791,3135,714,1
4792,3200,371,0
4793,3275,1380,1
4794,804,1175,1
4795,1112,2086,1
4796,813,1560,1
4797,1286,757,1
4798,3764,40,0
4799,750,1941,0
4800,3766,1904,0
4801,794,402,1
4802,2323,2087,0
4803,903,551,0
4804,3767,220,1
4805,2882,834,1
4806,335,67,1
4807,2005,804,1
4808,2423,1370,0
4809,3069,514,0
4810,1353,210,0
4811,1849,370,1
4812,3769,1663,0
4813,790,1183,0
4814,1739,405,1
4815,411,658,0
4816,148,727,1
4817,890,104,1
4818,3773,1286,0
4819,435,480,1
4820,2715,694,0
4821,1339,1358,1
4822,2485,1161,0
4823,2226,1212,0
4824,2554,87,0
4825,1669,469,1
4826,1144,118,1
4827,64,755,1
4828,673,195,1
4829,3195,1965,0
4830,1206,883,0
4831,2549,390,1
4832,63,757,1
4833,182,951,1
4834,1590,442,0
4835,255,1189,0
4836,838,643,1
4837,2483,1770,0
4838,418,1281,0
4839,572,2051,0
4840,2881,1913,0
4841,379,1232,1
4842,1623,1713,0
4843,2447,807,1
4844,3734,1554,1
4845,2665,111,1
4846,443,217,1
4847,3651,2034,0
4848,1230,1528,0
4849,489,1501,0
4850,3126,466,0
4851,371,1996,1
4852,3780,144,1
4853,927,869,1
4854,2517,1284,0
4855,1161,77,1
4856,3258,67,1
4857,1431,54,0
4858,755,14,1
4859,668,550,1
4860,2904,1206,0
4861,135,1171,1
4862,2519,552,1
4863,2068,14,1
4864,3784,1176,1
4865,3785,1055,0
4866,2493,2014,0
4867,940,524,1
4868,230,27,1
4869,3766,41,0
4870,2274,235,1
4871,1170,1876,0
4872,2653,125,1
4873,234,2090,0
4874,888,469,1
4875,888,204,1
4876,1569,94,1
4877,3692,1267,0
4878,329,1203,0
4879,1362,77,1
4880,3613,854,0
4881,3787,620,1
4882,2175,1886,0
4883,1144,2053,1
4884,548,1443,0
4885,1346,125,1
4886,259,1312,0
4887,1286,726,1
4888,3217,2091,0
4889,2105,690,1
4890,1850,1451,0
4891,2880,68,0
4892,1185,77,1
4893,1313,67,1
4894,295,1130,0
4895,735,1139,0
4896,3789,1079,0
4897,3568,1278,0
4898,1765,128,1
4899,624,281,1
4900,793,277,0
4901,2491,10,1
4902,942,73,1
4903,649,875,1
4904,28,1935,0
4905,921,757,0
4906,3793,1330,0
4907,1775,94,1
4908,567,983,0
4909,488,132,1
4910,3794,204,1
4911,429,719,1
4912,13,1062,1
4913,240,1277,0
4914,286,496,1
4915,3530,2091,0
4916,123,638,1
4917,428,460,1
4918,576,9,0
4919,2042,517,0
4920,2405,94,1
4921,1206,319,0
4922,3798,83,0
4923,1480,637,1
4924,3802,514,0
4925,3803,638,0
4926,941,983,1
4927,1695,910,0
4928,3804,1020,1
4929,240,27,1
4930,1001,756,1
4931,2781,984,0
4932,363,125,1
4933,3332,27,1
4934,309,3,1
4935,1136,812,0
4936,1639,1264,0
4937,3353,550,1
4938,882,758,1
4939,1084,136,1
4940,1874,2019,0
4941,3648,130,1
4942,3811,564,0
4943,3095,30,0
4944,1513,981,1
4945,3085,1437,0
4946,3126,657,0
4947,2326,77,1
4948,2287,1545,0
4949,3086,1694,0
4950,3815,174,0
4951,2562,77,1
4952,1933,31,0
4953,488,1085,1
4954,1076,1513,0
4955,3189,556,0
4956,153,402,1
4957,1165,572,1
4958,342,87,0
4959,63,681,0
4960,586,620,0
4961,241,112,0
4962,3817,652,0
4963,958,835,1
4964,1063,501,1
4965,28,1908,0
4966,3626,1092,1
4967,1127,534,0
4968,1801,85,1
4969,1696,348,0
4970,627,1681,0
4971,3171,324,1
4972,2586,538,1
4973,735,375,1
4974,1686,609,1
4975,808,1722,1
4976,544,138,1
4977,3820,389,1
4978,185,998,1
4979,996,1556,1
4980,1747,2082,1
4981,3789,1321,1
4982,1056,538,1
4983,420,90,1
4984,264,442,1
4985,3525,875,1
4986,3823,999,0
4987,3825,129,0
4988,3826,132,1
4989,155,77,1
4990,3286,1259,0
4991,501,278,1
4992,2411,297,0
4993,1737,638,1
4994,1241,1587,0
4995,2334,914,1
4996,3601,29,1
4997,965,1799,0
4998,3828,934,0
4999,3829,1995,1
5000,3831,507,1
5001,1374,295,1
5002,287,27,1
5003,371,158,1
5004,3645,860,0
5005,3834,257,1
5006,1231,271,0
5007,32,125,1
5008,1458,22,1
5009,864,1157,1
5010,3091,1847,0
5011,3834,545,0
5012,1910,2094,0
5013,417,1054,0
5014,3836,650,0
5015,631,1008,1
5016,404,405,1
5017,90,283,0
5018,1924,29,1
5019,3257,87,1
5020,2411,1804,0
5021,1870,1694,0
5022,794,14,1
5023,3837,890,1
5024,2990,570,0
5025,258,2080,0
5026,3839,854,1
5027,1430,1650,0
5028,3840,1897,1
5029,374,1241,0
5030,806,1275,0
5031,3841,1697,0
5032,2848,975,0
5033,766,288,0
5034,193,189,0
5035,3843,407,0
5036,1922,1397,0
5037,752,1797,0
5038,3844,729,1
5039,3212,1751,0
5040,3845,1589,0
5041,3846,443,1
5042,73,198,0
5043,579,15,0
5044,1288,719,0
5045,2913,490,0
5046,730,295,1
5047,1316,1039,0
5048,1381,1007,1
5049,638,206,1
5050,995,305,0
5051,3849,530,0
5052,1450,727,1
5053,1130,1195,1
5054,3445,84,1
5055,1657,582,0
5056,1127,1216,0
5057,3850,1399,0
5058,1138,1047,1
5059,1657,1007,0
5060,3747,114,1
5061,139,67,1
5062,2573,1370,1
5063,958,727,1
5064,1000,253,1
5065,3855,213,1
5066,87,1866,0
5067,3856,966,1
5068,3374,1404,0
5069,1826,469,1
5070,151,859,1
5071,3676,396,1
5072,1638,1945,1
5073,3125,1246,0
5074,2882,737,0
5075,3753,1710,0
5076,2984,1702,0
5077,582,69,1
5078,253,2010,0
5079,808,1053,1
5080,3202,507,1
5081,984,752,0
5082,3859,613,0
5083,3284,374,0
5084,1460,93,0
5085,2171,351,0
5086,1156,77,1
5087,904,1689,1
5088,638,125,1
5089,3784,168,0
5090,2157,429,1
5091,3860,119,0
5092,2088,67,1
5093,3861,218,0
5094,2897,259,1
5095,45,854,1
5096,963,206,1
5097,2586,1487,0
5098,3773,507,1
5099,2688,2015,0
5100,1127,1180,0
5101,3018,431,0
5102,2625,29,1
5103,242,1981,1
5104,729,14,1
5105,2171,777,1
5106,348,132,1
5107,136,1950,1
5108,893,799,0
5109,3749,660,0
5110,709,1556,0
5111,574,11,0
5112,2703,416,0
5113,1737,27,1
5114,586,2098,0
5115,1713,660,0
5116,3502,77,1
5117,1060,829,0
5118,3377,480,1
5119,2474,1205,0
5120,124,1762,0
5121,1830,1560,0
5122,1586,1184,0
5123,1167,77,1
5124,1718,590,0
5125,112,1390,0
5126,3864,29,1
5127,1354,147,0
5128,1672,1596,0
5129,1207,339,1
5130,2591,261,1
5131,689,118,1
5132,3105,1030,0
5133,3231,2019,0
5134,944,955,1
5135,598,367,0
5136,810,52,1
5137,358,469,1
5138,3865,1768,0
5139,2200,1746,1
5140,1241,1692,0
5141,3867,1618,0
5142,419,854,0
5143,2862,901,1
5144,3531,994,0
5145,3096,72,1
5146,3868,1515,0
5147,3446,725,1
5148,1995,2100,0
5149,149,829,0
5150,3869,1208,0
5151,2857,533,0
5152,3870,405,1
5153,430,646,0
5154,1045,999,1
5155,778,1496,1
5156,2917,841,0
5157,370,912,1
5158,3807,124,0
5159,660,347,1
5160,3871,2101,1
5161,441,1358,1
5162,1170,1705,0
5163,1249,1618,0
5164,1188,1886,0
5165,1131,1022,0
5166,3328,308,0
5167,3320,1872,0
5168,2561,1053,0
5169,2015,356,0
5170,1474,2085,0
5171,3873,224,1
5172,2626,960,0
5173,3490,118,1
5174,2238,674,1
5175,1020,1869,0
5176,1812,1525,0
5177,1765,1509,1
5178,2355,57,0
5179,3437,1684,1
5180,792,339,1
5181,215,130,1
5182,3550,1389,0
5183,3124,1073,0
5184,1869,196,0
5185,271,203,1
5186,3173,1184,0
5187,847,130,1
5188,103,837,1
5189,3875,707,0
5190,2374,741,1
5191,428,204,0
5192,3794,1963,0
5193,559,281,1
5194,466,2000,1
5195,2731,205,0
5196,635,27,0
5197,2105,1178,1
5198,904,77,1
5199,1401,1708,0
5200,2238,813,1
5201,1672,38,1
5202,3757,1352,1
5203,10,72,1
5204,478,1364,0
5205,1627,995,0
5206,2154,650,0
5207,3785,1599,0
5208,3878,41,1
5209,3804,1225,0
5210,16,2078,0
5211,930,237,1
5212,1992,443,1
5213,3104,617,0
5214,636,14,1
5215,638,69,1
5216,1082,29,1
5217,3093,704,0
5218,2912,1921,0
5219,3881,677,1
5220,1780,67,1
5221,1364,77,1
5222,2104,1751,0
5223,1949,132,1
5224,1359,689,0
5225,1788,206,1
5226,3335,56,1
5227,3884,906,1
5228,1078,185,1
5229,3885,1594,0
5230,1060,130,1
5231,434,550,1
5232,73,48,0
5233,696,714,0
5234,3886,673,0
5235,3887,789,0
5236,3861,718,0
5237,2498,244,0
5238,544,550,1
5239,1889,495,0
5240,1144,875,1
5241,391,560,1
5242,2903,2012,0
5243,572,155,0
5244,2271,541,0
5245,782,77,1
5246,1466,722,0
5247,3257,367,1
5248,2322,376,0
5249,987,195,1
5250,2229,2005,0
5251,1,516,1
5252,3702,206,1
5253,192,220,0
5254,1514,492,0
5255,2016,693,0
5256,730,69,1
5257,258,14,1
5258,3889,405,1
5259,468,29,1
5260,1566,1765,0
5261,1406,1057,0
5262,123,412,1
5263,3892,1998,0
5264,135,118,1
5265,3769,1928,0
5266,786,914,1
5267,2021,1187,0
5268,3687,492,0
5269,3779,19,1
5270,3749,1184,0
5271,28,630,1
5272,2582,875,1
5273,3893,1523,0
5274,120,942,0
5275,1430,1007,0
5276,777,140,1
5277,715,93,0
5278,512,975,1
5279,2988,49,0
5280,75,138,1
5281,2745,485,1
5282,2307,140,0
5283,3812,257,1
5284,2668,593,1
5285,3217,1708,0
5286,3031,780,0
5287,3897,2036,0
5288,1732,1266,0
5289,2970,893,0
5290,3057,415,0
5291,737,855,0
5292,2905,927,0
5293,3899,1762,0
5294,651,72,1
5295,710,912,1
5296,2392,2102,0
5297,3412,2103,0
5298,3353,189,1
5299,1321,995,0
5300,3127,660,0
5301,2211,1130,0
5302,3900,954,0
5303,608,538,1
5304,2730,64,1
5305,3028,209,1
5306,705,1828,0
5307,2105,884,1
5308,2382,413,0
5309,305,118,1
5310,2987,1459,0
5311,3607,832,0
5312,2349,118,1
5313,2007,1413,0
5314,63,77,1
5315,1477,170,1
5316,3426,2039,0
5317,6,118,1
5318,3298,675,0
5319,3907,1804,0
5320,1822,52,1
5321,3099,3,1
5322,2165,1407,0
5323,567,405,1
5324,3908,1163,0
5325,978,18,1
5326,980,67,1
5327,2784,1036,0
5328,3909,981,1
5329,1982,67,1
5330,1563,1443,0
5331,2423,838,0
5332,246,10,1
5333,96,84,1
5334,378,2104,0
5335,169,519,1
5336,83,649,0
5337,2192,347,1
5338,3910,75,0
5339,3285,299,0
5340,2519,1866,0
5341,425,1432,0
5342,3350,77,1
5343,3537,1096,0
5344,3912,663,0
5345,3684,2082,0
5346,1250,1007,1
5347,1484,205,0
5348,704,1082,0
5349,699,86,1
5350,3915,1943,1
5351,1592,339,1
5352,3293,253,1
5353,3403,1705,0
5354,1524,405,1
5355,3037,1106,0
5356,859,1703,0
5357,3526,132,1
5358,3195,77,1
5359,2012,1170,0
5360,251,296,1
5361,2268,262,1
5362,1765,1730,1
5363,3916,111,1
5364,1219,118,1
5365,147,14,1
5366,16,158,0
5367,3377,445,0
5368,2613,486,0
5369,1811,2105,0
5370,434,475,1
5371,3917,29,1
5372,1486,1398,0
5373,3185,2068,0
5374,593,1479,0
5375,559,197,1
5376,3920,1560,0
5377,2257,685,0
5378,3870,646,0
5379,2051,273,1
5380,2618,549,0
5381,2502,147,1
5382,2342,380,1
5383,2930,29,1
5384,286,1316,1
5385,3516,2019,0
5386,2704,209,0
5387,815,1206,0
5388,1762,808,1
5389,246,581,1
5390,582,339,1
5391,1823,938,1
5392,2775,111,1
5393,2315,14,1
5394,1333,1601,0
5395,123,917,0
5396,2337,1345,0
5397,488,835,1
5398,3926,871,0
5399,2273,14,1
5400,3311,1741,0
5401,2124,699,1
5402,315,835,1
5403,2420,77,1
5404,2765,278,0
5405,1177,122,0
5406,1566,507,1
5407,3013,762,1
5408,2373,515,0
5409,20,1461,0
5410,2860,1852,0
5411,1294,295,1
5412,3795,1625,0
5413,2763,1355,0
5414,512,695,1
5415,3931,357,0
5416,512,67,1
5417,2519,1165,0
5418,1714,87,1
5419,3932,1397,0
5420,2192,296,1
5421,10,235,0
5422,2182,1488,0
5423,916,727,1
5424,2071,221,0
5425,1554,611,1
5426,3637,75,0
5427,2432,515,0
5428,3934,326,0
5429,3907,1542,0
5430,1003,189,1
5431,2979,664,0
5432,3877,1347,0
5433,757,1468,0
5434,3683,374,1
5435,2382,688,0
5436,3936,356,0
5437,3937,1040,0
5438,3391,239,0
5439,685,1325,0
5440,3940,1899,1
5441,544,216,0
5442,517,469,1
5443,629,1542,1
5444,2270,2108,1
5445,3346,382,1
5446,1944,431,1
5447,3943,214,1
5448,3944,327,0
5449,151,1030,1
5450,2517,77,1
5451,921,253,1
5452,996,1770,1
5453,3371,407,0
5454,2980,1863,0
5455,3257,879,0
5456,2274,981,1
5457,1764,278,0
5458,808,1640,1
5459,3141,963,1
5460,3946,122,1
5461,836,772,1
5462,2604,205,0
5463,3520,1420,1
5464,1241,1984,0
5465,1593,897,1
5466,2445,1732,0
5467,1947,1443,0
5468,1618,356,1
5469,2074,1430,0
5470,126,624,0
5471,438,440,1
5472,3475,962,1
5473,962,94,1
5474,348,10,1
5475,1940,237,1
5476,966,1981,1
5477,3841,894,1
5478,916,194,1
5479,766,1524,0
5480,3951,2063,0
5481,3952,700,0
5482,3953,307,1
5483,230,185,1
5484,2745,357,1
5485,2565,77,1
5486,2605,911,1
5487,3769,1253,0
5488,2391,643,0
5489,2026,339,1
5490,3586,1551,0
5491,3451,2108,0
5492,1062,54,0
5493,3954,938,1
5494,2108,1270,0
5495,424,1392,0
5496,576,1216,1
5497,3108,1727,1
5498,2562,48,1
5499,3332,955,0
5500,3102,1062,0
5501,949,1025,1
5502,3353,835,1
5503,2437,1751,0
5504,3200,1440,0
5505,987,206,1
5506,230,406,1
5507,1813,83,0
5508,2090,1757,0
5509,3929,1137,1
5510,3698,503,0
5511,985,29,1
5512,932,296,1
5513,3546,405,1
5514,759,1100,0
5515,1476,195,1
5516,52,631,1
5517,1795,1937,0
5518,3960,2110,0
5519,271,87,1
5520,127,14,1
5521,2552,77,1
5522,872,501,0
5523,3962,1228,0
5524,141,339,1
5525,38,1680,0
5526,3070,125,1
5527,3677,375,1
5528,2017,765,0
5529,3963,130,1
5530,2202,1203,0
5531,794,1283,1
5532,428,677,1
5533,603,321,0
5534,3643,47,0
5535,2561,2111,0
5536,1830,19,1
5537,2015,1781,1
5538,2267,1358,1
5539,668,138,1
5540,1083,2057,0
5541,794,727,1
5542,494,55,0
5543,1112,2112,1
5544,3964,1532,1
5545,2133,532,0
5546,3575,1232,0
5547,3193,968,1
5548,1047,620,0
5549,1737,339,1
5550,2364,966,0
5551,3910,560,1
5552,661,206,1
5553,1737,1942,1
5554,1294,254,1
5555,888,289,1
5556,1827,125,0
5557,515,898,1
5558,165,998,1
5559,2324,1588,0
5560,1793,773,0
5561,2040,2021,0
5562,1288,2099,0
5563,730,84,1
5564,3962,1848,0
5565,193,2002,1
5566,3429,367,1
5567,3005,588,0
5568,82,854,1
5569,1669,18,1
5570,3970,1153,0
5571,2928,807,0
5572,3841,217,0
5573,890,92,1
5574,1345,64,0
5575,958,537,0
5576,3615,1486,0
5577,1127,3,1
5578,75,237,1
5579,2411,182,0
5580,980,1924,0
5581,215,278,1
5582,286,994,1
5583,3131,904,0
5584,149,695,0
5585,1316,1528,0
5586,674,1248,0
5587,1084,390,1
5588,2562,487,1
5589,359,777,1
5590,3974,86,1
5591,3975,77,1
5592,654,901,1
5593,2823,200,0
5594,1294,1981,0
5595,995,1945,0
5596,686,77,0
5597,3977,1249,0
5598,3185,257,1
5599,1776,261,1
5600,3979,2039,0
5601,286,1702,1
5602,1321,550,0
5603,2468,1827,0
5604,2535,1151,0
5605,3980,429,1
5606,263,622,0
5607,2878,67,1
5608,665,1438,0
5609,413,1349,1
5610,1296,29,1
5611,2198,67,1
5612,1869,38,1
5613,1795,1304,1
5614,2593,339,1
5615,668,475,1
5616,2507,1128,0
5617,66,144,1
5618,1025,77,1
5619,2985,92,1
5620,2477,776,0
5621,1265,1092,1
5622,3984,894,1
5623,3985,405,1
5624,1702,14,1
5625,207,462,0
5626,3225,953,0
5627,52,649,1
5628,962,192,1
5629,963,13,1
5630,3361,72,1
5631,1207,879,0
5632,1928,1018,0
5633,2765,1620,0
5634,3789,1890,0
5635,1410,444,0
5636,715,77,1
5637,748,705,0
5638,963,67,1
5639,3987,1699,0
5640,2827,296,1
5641,1293,1729,0
5642,3989,281,0
5643,214,998,0
5644,38,555,1
5645,2785,994,0
5646,1176,14,1
5647,1080,1540,0
5648,1308,348,0
5649,2843,1222,0
5650,512,14,1
5651,2079,281,1
5652,1259,722,0
5653,2828,1847,0
5654,36,1157,0
5655,3994,722,0
5656,916,1223,1
5657,179,1521,1
5658,2867,1457,0
5659,2184,2119,0
5660,868,819,0
5661,2715,72,1
5662,383,318,1
5663,3995,744,1
5664,790,875,0
5665,512,270,1
5666,3016,281,1
5667,3996,850,0
5668,730,876,0
5669,63,1515,0
5670,777,1404,0
5671,1427,68,0
5672,1403,14,1
5673,2876,77,1
5674,424,1765,0
5675,3998,1625,1
5676,1542,1997,1
5677,1310,16,0
5678,2372,67,1
5679,2029,14,1
5680,2268,1407,1
5681,166,1040,0
5682,1444,1345,0
5683,1112,1816,1
5684,3366,1916,0
5685,3746,593,0
5686,66,1559,0
5687,1881,462,1
5688,859,290,0
5689,2572,675,0
5690,3113,674,0
5691,998,405,1
5692,3990,1349,0
5693,4000,1836,0
5694,3544,430,0
5695,2791,86,1
5696,3384,209,0
5697,884,1077,1
5698,10,136,1
5699,951,77,1
5700,371,952,1
5701,1936,491,1
5702,2935,1309,0
5703,4001,509,1
5704,12,77,1
5705,246,390,1
5706,4002,1616,0
5707,2310,186,0
5708,1082,927,0
5709,2478,1381,0
5710,478,174,1
5711,3018,29,1
5712,764,557,1
5713,3581,1384,1
5714,3634,1951,0
5715,32,807,1
5716,1045,604,1
5717,1158,1500,0
5718,4006,1198,0
5719,4008,1455,0
5720,1463,1929,1
5721,1796,1002,0
5722,1715,1392,0
5723,794,1349,1
5724,2125,509,0
5725,3018,2071,0
5726,930,339,1
5727,1003,77,1
5728,711,129,1
5729,3874,370,0
5730,3331,317,0
5731,3509,405,1
5732,3491,253,1
5733,2105,29,1
5734,3999,679,0
5735,3340,1474,0
5736,1400,611,0
5737,1411,111,1
5738,3861,64,1
5739,1974,781,0
5740,2042,164,0
5741,3866,1205,0
5742,2134,999,0
5743,3698,369,0
5744,1697,914,1
5745,2172,1899,1
5746,512,875,1
5747,8,189,1
5748,431,791,0
5749,827,1454,1
5750,3186,1403,0
5751,167,288,1
5752,1291,136,1
5753,258,77,1
5754,468,72,1
5755,376,699,1
5756,3727,23,0
5757,2014,1988,1
5758,627,1058,1
5759,3210,118,1
5760,2129,1031,1
5761,2315,1630,0
5762,4013,273,1
5763,1112,87,1
5764,3995,69,0
5765,230,192,1
5766,1573,809,0
5767,443,689,1
5768,2967,619,0
5769,1321,238,0
5770,2652,1312,0
5771,2956,1336,1
5772,2482,507,0
5773,2887,77,1
5774,4014,1092,1
5775,2026,237,1
5776,1167,501,0
5777,996,989,1
5778,2526,67,0
5779,4016,532,1
5780,2751,77,1
5781,1323,87,1
5782,3743,463,0
5783,3293,158,0
5784,848,273,1
5785,1112,127,1
5786,2629,779,0
5787,4017,58,0
5788,4018,677,1
5789,1557,624,1
5790,1788,538,1
5791,3529,1880,0
5792,1477,922,0
5793,4011,423,0
5794,215,1181,1
5795,2976,971,0
5796,153,185,1
5797,980,846,0
5798,3135,1038,1
5799,623,991,0
5800,3629,1269,0
5801,185,1181,1
5802,4021,1219,0
5803,603,2122,0
5804,4022,1037,1
5805,4023,1793,0
5806,2193,194,0
5807,1220,2123,0
5808,1159,1007,1
5809,1492,871,0
5810,4024,405,1
5811,4025,335,0
5812,4026,1821,0
5813,958,90,1
5814,3566,1717,0
5815,3865,1995,0
5816,2297,29,1
5817,3965,229,1
5818,704,263,1
5819,4028,1428,0
5820,778,1449,0
5821,1201,1314,1
5822,1108,807,0
5823,1374,29,1
5824,1369,29,1
5825,1136,1397,0
5826,3683,1784,1
5827,964,1998,0
5828,1808,94,1
5829,3530,85,0
5830,1144,94,1
5831,2461,713,0
5832,3925,1167,0
5833,772,1090,0
5834,665,14,1
5835,3094,321,0
5836,1722,273,1
5837,494,405,1
5838,2808,902,0
5839,792,1839,0
5840,1764,446,0
5841,2334,1018,0
5842,237,125,1
5843,3044,1477,0
5844,2757,2001,0
5845,3247,1942,1
5846,169,18,1
5847,8,192,1
5848,1219,1487,0
5849,434,757,1
5850,650,804,0
5851,866,244,0
5852,3295,1403,0
5853,1133,1770,0
5854,4035,111,1
5855,3295,77,1
5856,3158,1025,0
5857,4036,1255,1
5858,2422,908,0
5859,4037,506,0
5860,740,1007,1
5861,4038,4,1
5862,1464,946,0
5863,1200,613,0
5864,1200,847,1
5865,1067,24,1
5866,3147,1319,0
5867,1021,757,1
5868,2055,1479,0
5869,3437,268,0
5870,3683,753,0
5871,2962,77,1
5872,1286,981,1
5873,3793,1325,0
5874,740,875,1
5875,1375,677,1
5876,2480,877,0
5877,2494,726,0
5878,2435,982,0
5879,10,1819,1
5880,2536,1081,1
5881,2352,144,1
5882,1621,115,1
5883,1119,1090,0
5884,1464,29,1
5885,1182,375,1
5886,3445,2051,0
5887,4041,495,1
5888,1016,1038,0
5889,3795,1036,0
5890,1960,983,0
5891,3247,319,0
5892,3031,1203,0
5893,179,1746,1
5894,127,77,1
5895,2677,3,1
5896,2221,653,1
5897,507,902,0
5898,437,764,0
5899,938,730,1
5900,4046,132,1
5901,1084,339,1
5902,1877,756,1
5903,2232,1031,0
5904,166,550,1
5905,1900,1163,0
5906,1052,479,1
5907,2000,995,0
5908,2605,369,1
5909,2266,1317,0
5910,133,721,0
5911,800,718,0
5912,1586,77,1
5913,1350,191,1
5914,1900,1788,0
5915,195,87,1
5916,3106,1084,0
5917,55,14,1
5918,371,961,1
5919,1923,1132,1
5920,1837,339,1
5921,737,734,0
5922,1299,35,0
5923,2409,77,1
5924,3944,140,1
5925,1167,1882,0
5926,136,1983,0
5927,735,1143,0
5928,3638,427,0
5929,1765,1111,1
5930,809,239,0
5931,1188,7,0
5932,1952,785,0
5933,1075,402,1
5934,4052,339,0
5935,1043,941,0
5936,1050,1491,1
5937,83,538,1
5938,2590,69,1
5939,67,1400,0
5940,126,299,0
5941,2860,1807,0
5942,782,87,1
5943,3066,2062,0
5944,758,962,0
5945,3953,194,0
5946,1307,1186,1
5947,344,131,1
5948,2363,1694,0
5949,2676,630,1
5950,1307,1175,0
5951,4054,977,0
5952,2208,2128,0
5953,2420,445,0
5954,307,206,0
5955,2629,738,0
5956,2074,686,0
5957,2563,539,0
5958,63,1554,1
5959,3874,1929,0
5960,4055,79,0
5961,3241,1798,0
5962,4058,77,1
5963,2268,1175,1
5964,4059,814,1
5965,1939,273,0
5966,45,821,0
5967,2094,1652,0
5968,4061,1926,0
5969,2780,77,1
5970,636,29,1
5971,1307,1331,0
5972,3862,1711,0
5973,147,1699,0
5974,3071,1546,0
5975,196,1171,0
5976,389,77,1
5977,777,411,1
5978,1726,938,1
5979,3746,2110,0
5980,231,851,1
5981,1601,673,0
5982,2239,1121,0
5983,1705,1550,0
5984,2405,14,1
5985,287,77,1
5986,1411,2114,0
5987,2819,1345,1
5988,2150,2130,0
5989,15,433,1
5990,490,1181,1
5991,3649,137,1
5992,1158,1908,1
5993,2683,638,1
5994,1126,147,1
5995,1799,27,1
5996,15,235,0
5997,335,195,1
5998,4046,782,0
5999,3840,67,1
6000,151,137,0
6001,3475,61,1
6002,90,27,1
6003,2449,77,1
6004,246,136,1
6005,899,1092,0
6006,3182,620,1
6007,4048,1491,1
6008,49,638,1
6009,298,618,0
6010,83,657,0
6011,716,619,0
6012,2039,306,1
6013,1921,1705,0
6014,2764,935,0
6015,371,1415,1
6016,1369,14,1
6017,766,2086,0
6018,816,866,1
6019,1328,1663,0
6020,135,1261,1
6021,1828,72,1
6022,2575,2014,0
6023,3002,2131,0
6024,2261,817,0
6025,107,2132,1
6026,315,1970,0
6027,630,273,1
6028,230,136,1
6029,579,2098,0
6030,1714,1007,1
6031,3953,1498,0
6032,1312,131,1
6033,3154,281,1
6034,3238,118,1
6035,3792,1194,0
6036,12,486,0
6037,715,702,0
6038,2220,77,1
6039,2706,1006,0
6040,625,23,1
6041,1371,118,1
6042,1994,118,1
6043,1946,1432,0
6044,558,1205,1
6045,873,235,1
6046,2872,1624,0
6047,1158,1638,1
6048,509,1644,1
6049,13,849,1
6050,1539,77,1
6051,2535,777,1
6052,3774,514,0
6053,1489,209,0
6054,338,2126,0
6055,808,682,1
6056,1471,500,1
6057,1942,1460,0
6058,714,94,1
6059,916,192,1
6060,2081,14,1
6061,1885,1132,1
6062,3901,3,1
6063,353,234,0
6064,2240,86,1
6065,185,130,1
6066,2826,1639,0
6067,1486,1914,0
6068,4068,634,0
6069,3885,6,0
6070,3342,1347,0
6071,2715,253,1
6072,2612,135,1
6073,363,77,1
6074,549,1260,0
6075,3396,1403,0
6076,75,23,0
6077,2565,326,0
6078,930,84,1
6079,713,14,1
6080,193,405,1
6081,2819,621,0
6082,428,77,1
6083,982,2134,1
6084,2833,118,1
6085,1241,1842,1
6086,4070,1911,0
6087,1567,150,1
6088,2594,1267,1
6089,716,3,1
6090,149,1857,0
6091,3678,1109,0
6092,2375,231,0
6093,4071,897,0
6094,3951,405,1
6095,3579,90,1
6096,4072,1358,0
6097,1288,1515,0
6098,151,709,1
6099,2576,29,1
6100,808,1652,1
6101,1002,771,0
6102,2253,1004,0
6103,2656,1438,0
6104,1871,728,0
6105,3280,1337,0
6106,1250,757,1
6107,1393,1975,0
6108,1881,1261,1
6109,2549,593,0
6110,873,130,1
6111,768,118,1
6112,489,731,0
6113,2198,121,0
6114,3102,1493,0
6115,3694,2041,0
6116,3812,1994,0
6117,1767,479,1
6118,3313,614,0
6119,4074,855,0
6120,4075,1975,0
6121,235,29,1
6122,4,989,0
6123,728,613,0
6124,1404,1419,0
6125,3631,1994,0
6126,4078,248,1
6127,1884,237,1
6128,962,727,1
6129,2732,699,1
6130,2612,689,1
6131,1517,331,0
6132,4081,212,0
6133,501,165,0
6134,807,921,1
6135,260,339,1
6136,31,1008,0
6137,893,127,1
6138,2161,1668,0
6139,2599,469,1
6140,1695,599,0
6141,3875,371,0
6142,1078,550,1
6143,4083,1413,1
6144,3252,921,0
6145,526,453,0
6146,2838,14,1
6147,2,77,1
6148,578,1396,0
6149,2124,44,0
6150,981,741,1
6151,4084,753,0
6152,1470,76,0
6153,2720,771,0
6154,1288,1570,0
6155,1158,2056,1
6156,4085,560,1
6157,1197,532,1
6158,1870,638,1
6159,1080,327,1
6160,1198,34,0
6161,3070,541,0
6162,824,406,0
6163,2538,573,0
6164,669,29,1
6165,1165,29,1
6166,1481,1344,1
6167,2802,1742,0
6168,13,29,1
6169,2832,2102,0
6170,4088,375,1
6171,1627,1588,0
6172,1133,21,1
6173,1898,130,0
6174,1724,1177,1
6175,2569,1219,0
6176,1075,998,1
6177,826,482,0
6178,3360,963,1
6179,4080,1243,0
6180,3661,1412,1
6181,1737,29,1
6182,718,1477,0
6183,2546,87,1
6184,2545,1549,1
6185,4090,1832,0
6186,794,589,1
6187,2650,675,1
6188,2918,77,1
6189,4091,96,0
6190,716,29,1
6191,3158,405,1
6192,4092,905,0
6193,2334,88,1
6194,1737,69,1
6195,2491,390,1
6196,449,699,0
6197,2607,248,1
6198,977,1800,1
6199,1881,1467,0
6200,2388,853,0
6201,2955,1746,0
6202,892,94,1
6203,443,3,1
6204,2238,2014,1
6205,4096,29,1
6206,3419,1253,0
6207,2175,1063,1
6208,607,971,0
6209,2372,77,1
6210,4097,390,1
6211,4098,530,0
6212,2119,1220,0
6213,849,111,1
6214,397,854,1
6215,1404,380,1
6216,3515,885,0
6217,1030,147,0
6218,435,2051,0
6219,3826,1880,0
6220,1129,1570,1
6221,401,118,1
6222,2894,2084,1
6223,3692,1337,0
6224,2077,503,0
6225,972,880,0
6226,169,1261,0
6227,4099,1913,0
6228,3135,1278,0
6229,1723,719,1
6230,3468,1617,0
6231,2897,1969,0
6232,1290,1904,1
6233,984,41,0
6234,893,2017,1
6235,64,1585,1
6236,3759,1696,0
6237,2980,131,1
6238,2571,1609,0
6239,3125,677,1
6240,1764,174,1
6241,3996,1696,1
6242,582,1630,0
6243,3457,952,1
6244,2019,182,0
6245,1254,7,0
6246,3055,248,1
6247,4101,2093,0
6248,2106,85,0
6249,2448,1297,0
6250,3396,1382,1
6251,2315,131,0
6252,3647,246,0
6253,2502,295,1
6254,1190,714,1
6255,3416,902,1
6256,956,1132,1
6257,4080,210,0
6258,468,118,1
6259,1728,204,0
6260,2326,118,1
6261,2422,818,0
6262,525,219,0
6263,593,1022,0
6264,4097,254,1
6265,944,166,0
6266,930,69,1
6267,2588,277,0
6268,1454,10,1
6269,2379,144,1
6270,3954,2010,1
6271,3777,904,0
6272,2600,52,0
6273,3906,705,0
6274,3087,1766,0
6275,4104,1692,0
6276,583,756,1
6277,271,690,1
6278,1427,2085,0
6279,750,438,0
6280,3712,1536,0
6281,1220,746,0
6282,1659,462,0
6283,4105,1946,0
6284,1461,52,1
6285,2882,690,1
6286,1542,197,1
6287,808,886,1
6288,947,67,1
6289,2682,94,1
6290,1966,1495,0
6291,3695,206,0
6292,2831,536,0
6293,3869,1794,0
6294,63,2022,1
6295,4106,2137,0
6296,3595,1153,0
6297,2277,1515,0
6298,1608,1487,0
6299,2963,351,0
6300,4107,92,0
6301,4000,1948,0
6302,1323,96,1
6303,1801,123,1
6304,735,510,1
6305,1315,1913,1
6306,2897,977,0
6307,108,1336,1
6308,304,152,0
6309,1217,138,0
6310,3581,2139,0
6311,1866,1207,1
6312,977,875,1
6313,4110,171,0
6314,213,77,1
6315,2780,30,0
6316,2011,1230,0
6317,1485,1461,0
6318,4112,67,1
6319,3018,501,0
6320,2389,1095,0
6321,3847,1355,0
6322,3222,1309,1
6323,4060,214,1
6324,2979,197,1
6325,4114,997,0
6326,2187,318,0
6327,2978,1151,0
6328,4115,1180,0
6329,3615,818,0
6330,3517,1162,0
6331,75,570,0
6332,3619,12,0
6333,3789,2140,1
6334,625,222,0
6335,3043,1152,0
6336,3713,405,1
6337,3464,375,1
6338,4117,266,1
6339,3940,87,1
6340,1216,1698,1
6341,873,726,1
6342,2274,1596,1
6343,1075,278,1
6344,855,624,0
6345,109,1740,1
6346,1757,204,0
6347,3275,1634,0
6348,3840,77,1
6349,2539,2142,0
6350,2576,277,0
6351,1219,87,1
6352,3705,1180,0
6353,3531,166,1
6354,3540,443,1
6355,1889,273,1
6356,171,762,0
6357,4000,1220,0
6358,730,136,1
6359,2225,1879,1
6360,4080,356,0
6361,4119,2034,1
6362,3834,70,0
6363,1732,118,1
6364,75,402,1
6365,2800,532,0
6366,1500,29,1
6367,1842,1044,1
6368,945,575,0
6369,632,2046,0
6370,4122,2085,0
6371,3571,548,0
6372,3994,591,0
6373,1219,27,1
6374,3508,488,1
6375,966,87,1
6376,1481,329,1
6377,410,2014,0
6378,2928,994,1
6379,1765,214,1
6380,1450,550,1
6381,448,542,0
6382,20,529,0
6383,775,1951,0
6384,615,94,1
6385,3594,2001,0
6386,3936,266,1
6387,1751,1963,0
6388,2709,321,0
6389,4127,135,0
6390,1953,429,0
6391,4128,469,1
6392,148,1181,1
6393,2407,1015,0
6394,2109,1183,0
6395,3151,1468,0
6396,2832,177,0
6397,1021,1006,0
6398,808,1207,1
6399,893,1643,1
6400,916,1644,1
6401,3884,1058,0
6402,3198,818,0
6403,3188,1742,0
6404,2572,440,0
6405,1656,1801,0
6406,4129,2012,0
6407,1076,2054,0
6408,590,1062,1
6409,3295,994,1
6410,2731,1285,0
6411,3127,1821,0
6412,83,14,1
6413,3317,2108,1
6414,1382,689,1
6415,1450,1788,0
6416,1003,550,1
6417,207,2071,0
6418,3491,629,0
6419,4133,589,1
6420,101,87,1
6421,1835,253,1
6422,2001,572,0
6423,385,187,0
6424,453,1726,1
6425,1590,136,1
6426,1679,29,1
6427,3314,637,0
6428,1622,197,0
6429,1430,1081,0
6430,1343,728,0
6431,828,721,0
6432,1323,917,1
6433,1075,29,1
6434,3987,405,1
6435,4135,1573,0
6436,1075,138,1
6437,410,560,1
6438,4136,1206,0
6439,537,542,0
6440,2690,405,1
6441,2832,810,1
6442,4104,62,1
6443,4139,799,0
6444,662,2139,1
6445,10,125,1
6446,1158,1741,1
6447,790,494,0
6448,558,854,1
6449,2582,1480,1
6450,1206,342,0
6451,1812,77,1
6452,1573,869,0
6453,1188,29,1
6454,699,466,1
6455,1208,1284,0
6456,1737,118,1
6457,3136,552,0
6458,979,3,1
6459,924,2001,0
6460,3881,1167,0
6461,826,1993,1
6462,337,72,1
6463,1775,77,1
6464,371,624,1
6465,754,27,1
6466,1712,880,0
6467,1082,14,1
6468,3215,714,1
6469,207,570,1
6470,1851,132,1
6471,19,779,0
6472,651,719,1
6473,236,1943,1
6474,2133,1656,1
6475,2619,713,0
6476,2271,716,0
6477,544,278,1
6478,3606,679,0
6479,1718,1521,1
6480,3782,914,1
6481,4141,1415,0
6482,4117,1741,0
6483,3634,1535,0
6484,1345,1709,0
6485,488,77,1
6486,1982,77,1
6487,4144,1596,0
6488,1909,1488,0
6489,4094,304,0
6490,1776,77,1
6491,193,771,0
6492,1995,1239,0
6493,914,1193,0
6494,1715,959,0
6495,1289,471,1
6496,1916,1585,0
6497,3733,193,0
6498,512,940,1
6499,413,638,1
6500,3051,422,0
6501,3647,77,1
6502,1842,756,1
6503,3408,1316,0
6504,4028,90,1
6505,1921,1709,0
6506,83,136,1
6507,4146,480,1
6508,258,666,1
6509,3257,29,1
6510,378,1543,0
6511,3733,1362,1
6512,2432,1352,1
6513,1111,104,0
6514,2109,771,0
6515,1146,51,1
6516,148,77,1
6517,4147,1222,0
6518,2526,77,1
6519,1659,1464,0
6520,2784,103,1
6521,3297,171,0
6522,4036,329,0
6523,1641,1177,0
6524,1065,1070,0
6525,2167,747,0
6526,4148,469,1
6527,78,14,1
6528,2349,29,1
6529,2651,1151,0
6530,2156,13,0
6531,185,835,1
6532,4149,118,1
6533,559,147,1
6534,2641,77,1
6535,486,1455,0
6536,615,77,1
6537,1786,2146,0
6538,2218,29,1
6539,380,29,1
6540,1500,118,1
6541,1438,571,0
6542,3050,1132,1
6543,4150,934,0
6544,1080,123,1
6545,3434,1945,0
6546,2992,405,1
6547,3611,1382,0
6548,10,981,1
6549,2081,2147,0
6550,1022,132,1
6551,4026,200,1
6552,286,2012,1
6553,4151,447,0
6554,963,231,0
6555,2257,1756,0
6556,1850,103,1
6557,4152,1692,1
6558,4153,114,1
6559,1415,214,1
6560,2971,984,0
6561,716,390,1
6562,155,29,1
6563,3083,1844,0
6564,3074,1175,1
6565,1548,900,0
6566,2744,825,0
6567,983,671,0
6568,299,87,1
6569,555,1579,1
6570,1099,27,1
6571,1566,1484,0
6572,1798,1836,0
6573,996,1852,1
6574,3359,29,1
6575,4156,29,1
6576,1016,942,0
6577,2221,992,1
6578,1539,1862,0
6579,258,118,1
6580,4158,1915,0
6581,384,194,0
6582,3335,718,0
6583,1194,914,1
6584,230,345,0
6585,1277,81,0
6586,3597,1988,1
6587,396,1704,0
6588,83,69,1
6589,82,14,1
6590,3573,776,0
6591,1883,1694,0
6592,2055,528,0
6593,2633,930,0
6594,4159,1454,0
6595,991,709,0
6596,600,1967,0
6597,3974,1638,0
6598,215,185,1
6599,3998,416,0
6600,670,433,0
6601,770,29,1
6602,1578,1839,0
6603,1989,115,1
6604,3913,865,0
6605,1248,364,0
6606,3834,466,0
6607,4160,2136,0
6608,76,77,1
6609,512,236,1
6610,1500,1419,0
6611,291,1448,1
6612,103,278,1
6613,4151,471,0
6614,2706,405,1
6615,3589,966,0
6616,3997,469,1
6617,141,277,1
6618,3173,1002,0
6619,1373,516,0
6620,180,77,1
6621,2944,1828,0
6622,4011,1278,0
6623,8,2044,1
6624,1921,2149,1
6625,2001,1064,1
6626,2708,666,1
6627,1323,425,0
6628,2682,118,1
6629,2512,2150,1
6630,4164,77,1
6631,2985,1162,0
6632,4165,77,1
6633,1104,29,1
6634,778,1030,1
6635,187,1769,0
6636,1464,77,1
6637,1366,375,1
6638,2530,538,1
6639,1292,321,0
6640,3566,1985,0
6641,103,1181,1
6642,4167,1398,0
6643,2530,206,1
6644,4168,1248,1
6645,371,412,1
6646,729,29,1
6647,1896,114,1
6648,171,2138,0
6649,985,1007,1
6650,512,9,0
6651,658,51,0
6652,1456,1031,0
6653,3030,1860,0
6654,1075,192,1
6655,2637,857,0
6656,1271,861,1
6657,3910,1350,0
6658,1837,286,0
6659,2819,1947,1
6660,12,125,1
6661,2930,649,1
6662,3780,2151,0
6663,962,994,1
6664,1052,94,1
6665,1036,727,1
6666,214,1109,1
6667,3086,77,1
6668,2051,1484,0
6669,1745,1180,0
6670,1822,339,1
6671,2582,657,1
6672,2691,210,0
6673,1052,914,1
6674,4169,2027,0
6675,490,696,0
6676,4170,281,0
6677,879,994,0
6678,2512,11,0
6679,53,1771,0
6680,8,402,1
6681,1518,14,1
6682,2005,1152,1
6683,4072,1449,0
6684,3359,1630,0
6685,543,630,1
6686,243,503,0
6687,2535,1948,1
6688,1487,1234,0
6689,2857,214,1
6690,1544,350,0
6691,782,186,0
6692,2568,62,1
6693,2375,332,1
6694,215,57,0
6695,996,462,1
6696,1427,319,1
6697,1078,189,1
6698,2668,978,1
6699,2318,254,1
6700,958,998,1
6701,2305,18,1
6702,553,29,1
6703,161,197,0
6704,1767,1395,0
6705,2515,1830,0
6706,2103,152,1
6707,4160,412,0
6708,1671,404,0
6709,606,765,0
6710,2661,125,0
6711,642,1380,1
6712,2953,480,1
6713,2674,1117,0
6714,777,1797,0
6715,2,1656,1
6716,82,87,1
6717,371,958,1
6718,780,444,1
6719,2946,14,1
6720,3118,512,1
6721,2412,1152,1
6722,3639,492,0
6723,2843,501,0
6724,236,125,0
6725,2535,1331,0
6726,2552,1139,1
6727,1487,224,1
6728,1686,962,1
6729,4177,683,0
6730,4059,1241,0
6731,2831,1797,0
6732,3635,677,1
6733,8,1181,1
6734,1052,67,1
6735,380,132,1
6736,3926,1143,0
6737,2437,405,1
6738,1832,1807,1
6739,2974,257,0
6740,760,1679,0
6741,3111,560,1
6742,12,2087,0
6743,389,14,1
6744,579,64,1
6745,2279,113,0
6746,215,174,1
6747,320,571,1
6748,4035,854,0
6749,930,136,1
6750,932,67,1
6751,3524,1745,0
6752,32,237,1
6753,315,278,1
6754,3252,1098,0
6755,258,487,0
6756,4179,218,0
6757,399,10,1
6758,32,69,1
6759,131,1339,0
6760,2420,1170,0
6761,685,569,0
6762,1036,185,1
6763,2643,2152,0
6764,3666,1646,0
6765,3228,1022,0
6766,2683,77,1
6767,3287,421,1
6768,2591,77,1
6769,2582,1007,1
6770,3697,767,0
6771,3819,1972,1
6772,231,1209,1
6773,3143,1594,0
6774,2126,69,0
6775,305,1107,1
6776,246,254,1
6777,1047,86,0
6778,501,1181,1
6779,2251,1735,0
6780,2620,1248,1
6781,991,29,1
6782,501,550,1
6783,4182,826,0
6784,1288,115,0
6785,4151,1540,0
6786,315,90,1
6787,2217,72,1
6788,299,94,1
6789,215,1965,0
6790,794,1085,1
6791,3517,1872,0
6792,1052,1809,0
6793,1083,969,0
6794,1333,677,1
6795,1801,2064,0
6796,810,77,1
6797,2893,413,0
6798,1180,29,1
6799,2682,67,1
6800,1353,281,0
6801,1339,1002,0
6802,2554,115,0
6803,3240,1208,1
6804,3193,326,1
6805,4023,1746,1
6806,562,1414,0
6807,428,118,1
6808,3365,1796,1
6809,3817,504,0
6810,859,1798,0
6811,847,1181,1
6812,2985,1596,1
6813,1442,875,1
6814,945,1155,0
6815,3824,1096,0
6816,3823,945,0
6817,2171,29,1
6818,385,971,0
6819,1241,1650,1
6820,1982,29,1
6821,1081,613,1
6822,1647,1058,0
6823,1144,87,1
6824,1031,733,1
6825,3658,77,1
6826,3685,780,0
6827,271,254,0
6828,615,2136,0
6829,367,2032,0
6830,2506,1652,0
6831,884,200,1
6832,669,215,0
6833,606,1674,0
6834,794,29,1
6835,1271,157,1
6836,1328,1640,0
6837,3013,2024,0
6838,348,638,1
6839,2862,917,1
6840,4187,11,1
6841,2073,524,1
6842,3753,2046,0
6843,1249,130,0
6844,490,77,1
6845,3590,1062,0
6846,539,1101,0
6847,770,296,1
6848,512,1081,1
6849,185,90,1
6850,32,339,1
6851,2143,677,1
6852,3733,59,1
6853,3920,1466,0
6854,3685,1982,0
6855,803,998,1
6856,2612,1679,0
6857,668,118,1
6858,808,1838,1
6859,1483,1585,0
6860,3068,771,0
6861,659,147,1
6862,2172,965,0
6863,109,2013,1
6864,20,240,1
6865,153,550,1
6866,2991,2043,0
6867,4001,1193,0
6868,2409,557,0
6869,3326,2136,0
6870,1276,235,1
6871,4064,1942,0
6872,3719,941,1
6873,2913,224,1
6874,3401,1813,0
6875,2084,435,0
6876,466,1327,1
6877,3252,1317,0
6878,177,1895,0
6879,3934,381,1
6880,640,38,1
6881,635,857,0
6882,103,308,0
6883,2316,77,1
6884,281,2034,0
6885,1420,1111,1
6886,794,550,1
6887,3300,366,0
6888,1728,17,0
6889,2268,431,1
6890,3699,772,0
6891,2039,857,0
6892,858,1847,0
6893,413,914,1
6894,3160,16,0
6895,10,876,1
6896,2268,253,1
6897,3301,1460,0
6898,2156,1407,0
6899,759,827,0
6900,1930,516,0
6901,3733,1444,1
6902,3528,906,0
6903,56,99,0
6904,1387,1262,0
6905,2665,23,0
6906,957,1039,0
6907,3930,266,0
6908,379,1036,0
6909,2906,1355,0
6910,1388,829,0
6911,3384,849,0
6912,195,354,1
6913,3387,649,0
6914,15,1141,0
6915,2514,699,1
6916,15,1765,0
6917,3764,1201,1
6918,1923,274,0
6919,1099,67,1
6920,139,1559,0
6921,2502,1089,0
6922,583,165,0
6923,171,668,0
6924,2562,1783,1
6925,2952,1879,1
6926,103,1456,0
6927,4162,669,0
6928,90,69,1
6929,472,1659,1
6930,4194,675,1
6931,2725,1570,0
6932,4195,1443,0
6933,395,195,1
6934,957,14,1
6935,1545,1113,0
6936,3616,77,1
6937,2828,185,0
6938,3388,360,0
6939,794,392,1
6940,2543,137,0
6941,151,1525,0
6942,649,1007,1
6943,494,1919,0
6944,752,653,1
6945,4152,1459,1
6946,2189,1702,0
6947,4199,1585,0
6948,2965,1339,0
6949,1470,197,1
6950,3772,77,1
6951,103,194,1
6952,3202,499,0
6953,2336,1809,0
6954,2703,1569,0
6955,3914,380,0
6956,2957,1058,0
6957,3773,1633,0
6958,496,2105,0
6959,2880,981,1
6960,2173,125,1
6961,85,2029,1
6962,3713,1002,0
6963,1987,214,1
6964,1003,1181,1
6965,3557,1393,0
6966,930,14,1
6967,2426,1457,0
6968,559,237,1
6969,1294,3,1
6970,4204,2018,0
6971,1714,29,1
6972,1441,1414,0
6973,3168,861,0
6974,1310,1622,0
6975,2494,771,0
6976,2131,1947,0
6977,2878,87,1
6978,2193,253,1
6979,286,412,1
6980,3562,1407,0
6981,1944,746,1
6982,3310,875,1
6983,3537,1935,0
6984,2987,480,1
6985,501,666,1
6986,2117,433,1
6987,1831,0,0
6988,1849,377,1
6989,3936,1413,1
6990,2349,104,1
6991,993,917,0
6992,920,682,0
6993,794,1897,1
6994,3871,988,0
6995,2250,206,1
6996,4205,619,0
6997,1115,114,0
6998,2537,936,0
6999,1156,682,0
7000,2242,2001,0
7001,731,588,0
7002,733,1250,1
7003,777,1253,1
7004,1724,1784,0
7005,501,138,1
7006,4159,865,0
7007,134,130,0
7008,4206,1725,1
7009,2384,1393,0
7010,2833,67,1
7011,1475,971,0
7012,2098,57,0
7013,1362,94,1
7014,1136,1062,1
7015,4207,438,1
7016,1144,519,1
7017,816,1837,0
7018,704,643,1
7019,3651,2021,1
7020,567,1619,0
7021,1728,308,0
7022,311,757,1
7023,1382,77,1
7024,1939,1804,0
7025,1855,1474,0
7026,884,396,1
7027,4210,1100,0
7028,3426,859,0
7029,3352,290,1
7030,496,840,0
7031,962,901,1
7032,2423,1130,0
7033,233,1944,0
7034,897,1718,0
7035,2916,1251,0
7036,2978,588,0
7037,1886,625,0
7038,1002,1601,0
7039,488,1804,1
7040,3536,257,1
7041,2084,67,1
7042,223,1617,0
7043,773,77,1
7044,2249,1517,0
7045,4006,1764,0
7046,107,719,0
7047,466,984,1
7048,1489,1604,0
7049,434,1007,1
7050,309,195,1
7051,4111,396,1
7052,1270,1726,0
7053,4211,559,0
7054,3704,1574,1
7055,4213,469,1
7056,4215,941,0
7057,1944,772,1
7058,3122,92,1
7059,1181,206,1
7060,1909,1850,0
7061,949,568,1
7062,1580,77,1
7063,2012,2063,0
7064,3944,1787,0
7065,3890,263,1
7066,558,568,0
7067,945,1205,0
7068,4216,296,1
7069,4217,1274,0
7070,151,1846,1
7071,2036,2153,0
7072,586,576,0
7073,3824,416,0
7074,2316,14,1
7075,3460,132,1
7076,454,817,0
7077,4218,999,0
7078,472,1167,0
7079,3006,1225,0
7080,305,631,0
7081,576,144,1
7082,4037,1355,0
7083,3954,1228,0
7084,1884,27,1
7085,1901,1219,0
7086,1870,1592,0
7087,3310,1821,0
7088,3075,1158,0
7089,1002,677,0
7090,2281,807,0
7091,704,156,1
7092,3211,602,0
7093,2688,1935,0
7094,243,1336,0
7095,1241,1752,1
7096,401,222,0
7097,3644,1304,1
7098,1508,849,0
7099,346,256,0
7100,453,1181,1
7101,768,1443,1
7102,3525,525,1
7103,677,29,0
7104,1793,1200,0
7105,1667,1729,0
7106,1285,1523,0
7107,337,1670,1
7108,3180,736,0
7109,482,1151,0
7110,4162,339,1
7111,543,972,1
7112,2648,350,0
7113,1079,771,0
7114,1940,1614,0
7115,315,130,1
7116,1608,295,0
7117,4221,1160,1
7118,3518,191,0
7119,2794,375,1
7120,1437,675,1
7121,3043,638,1
7122,166,194,1
7123,2865,259,1
7124,1567,58,1
7125,1775,611,1
7126,3142,121,0
7127,2436,1266,0
7128,299,29,1
7129,4046,469,1
7130,2525,1064,0
7131,716,638,1
7132,4224,1261,1
7133,466,1025,1
7134,1485,1595,0
7135,128,77,1
7136,1596,1441,1
7137,2744,2121,0
7138,376,157,0
7139,2955,332,0
7140,1132,1956,0
7141,735,1736,1
7142,1940,125,1
7143,640,1963,0
7144,1828,253,1
7145,2781,1337,0
7146,2946,859,1
7147,103,402,1
7148,274,889,0
7149,2613,474,0
7150,2913,1915,0
7151,765,77,1
7152,107,1582,1
7153,893,927,1
7154,4227,479,1
7155,2481,152,1
7156,4228,273,1
7157,2058,958,0
7158,92,1031,0
7159,3070,342,0
7160,1108,382,1
7161,1112,1214,0
7162,1697,1081,0
7163,3208,912,0
7164,2800,840,0
7165,509,1620,1
7166,774,896,0
7167,2590,471,0
7168,558,3,1
7169,1580,67,1
7170,240,820,0
7171,1343,713,0
7172,455,111,1
7173,847,727,1
7174,2944,29,1
7175,1589,680,0
7176,1942,1787,0
7177,3979,375,1
7178,1939,1900,0
7179,3352,764,0
7180,3983,841,0
7181,903,354,1
7182,2932,1490,0
7183,1016,630,1
7184,893,590,1
7185,3408,1675,1
7186,1575,803,0
7187,558,865,1
7188,3118,113,1
7189,147,475,0
7190,2061,368,0
7191,2509,618,0
7192,927,1107,0
7193,832,268,1
7194,375,2056,0
7195,4234,1352,0
7196,120,494,0
7197,4058,560,1
7198,153,727,1
7199,358,1030,0
7200,55,1380,1
7201,2423,385,0
7202,1976,266,1
7203,2451,1675,1
7204,4235,799,1
7205,309,125,1
7206,1589,306,0
7207,400,404,0
7208,3601,419,0
7209,1185,998,0
7210,1107,1645,0
7211,3406,481,0
7212,780,1181,1
7213,286,21,1
7214,4237,371,0
7215,2644,413,0
7216,1220,1462,1
7217,3205,1015,0
7218,1219,538,1
7219,3193,542,1
7220,13,94,1
7221,1169,959,0
7222,3252,1103,0
7223,4238,914,0
7224,1842,1285,1
7225,3548,1400,0
7226,185,194,1
7227,2644,745,0
7228,1219,876,1
7229,2444,694,0
7230,83,147,1
7231,3932,1428,1
7232,1674,1183,1
7233,4239,124,0
7234,1464,67,1
7235,1464,94,1
7236,3014,1765,1
7237,1539,123,0
7238,2,807,0
7239,1780,118,1
7240,1165,694,1
7241,4065,629,0
7242,466,2139,1
7243,4240,1398,0
7244,873,412,1
7245,3326,1970,0
7246,1800,460,0
7247,963,593,0
7248,1382,849,1
7249,3281,1793,0
7250,588,504,0
7251,716,351,0
7252,3672,450,0
7253,899,171,1
7254,1294,125,1
7255,2665,184,1
7256,431,616,1
7257,1538,1885,0
7258,1382,14,1
7259,2351,1470,1
7260,1696,958,0
7261,4179,206,1
7262,76,433,1
7263,3161,849,0
7264,443,1523,0
7265,2951,87,1
7266,148,185,1
7267,2335,1752,0
7268,187,2130,0
7269,2742,1043,0
7270,2154,690,0
7271,1058,2146,0
7272,512,347,1
7273,2653,55,1
7274,2784,77,1
7275,2556,1735,0
7276,3033,2084,0
7277,3409,405,1
7278,1820,643,0
7279,453,402,1
7280,141,206,1
7281,1517,1111,1
7282,3099,2139,0
7283,274,198,0
7284,2990,1079,0
7285,107,1500,1
7286,2984,155,1
7287,2446,894,0
7288,1760,1271,0
7289,991,77,1
7290,3454,79,0
7291,3826,1077,0
7292,6,552,1
7293,1463,197,0
7294,3751,195,1
7295,3209,480,1
7296,1948,307,1
7297,1159,272,0
7298,45,1991,0
7299,1812,104,1
7300,3705,354,0
7301,4243,1737,0
7302,3977,259,0
7303,3212,847,1
7304,3877,1565,1
7305,270,560,1
7306,2426,701,0
7307,916,913,0
7308,1133,396,1
7309,1243,1181,0
7310,893,370,1
7311,3094,865,0
7312,3546,1164,0
7313,1264,443,1
7314,2113,1596,0
7315,3423,443,1
7316,590,14,1
7317,780,29,1
7318,45,118,1
7319,2688,443,1
7320,4177,1456,0
7321,1969,1441,1
7322,1248,616,0
7323,1567,920,1
7324,1648,1119,0
7325,482,1536,1
7326,153,1181,1
7327,443,147,1
7328,3377,367,0
7329,422,1221,0
7330,2980,2013,0
7331,2791,14,1
7332,950,339,1
7333,2881,1041,0
7334,2138,1446,1
7335,2277,1461,1
7336,126,94,1
7337,1527,713,0
7338,1410,1285,1
7339,4244,1265,1
7340,1924,1090,0
7341,4245,48,1
7342,4246,77,1
7343,1454,237,0
7344,3734,576,0
7345,703,1992,0
7346,3013,1855,0
7347,673,1319,0
7348,3759,1508,0
7349,734,1248,1
7350,4250,375,1
7351,3489,2119,0
7352,4251,1897,0
7353,117,1598,0
7354,1890,1513,0
7355,103,348,1
7356,2686,62,0
7357,4162,205,0
7358,3223,380,1
7359,488,313,1
7360,73,594,0
7361,3494,443,1
7362,705,1590,0
7363,416,90,0
7364,2055,14,1
7365,2759,507,1
7366,1265,1991,1
7367,815,1740,0
7368,3912,1549,0
7369,3044,1246,0
7370,4239,186,1
7371,2214,405,1
7372,166,1726,1
7373,472,231,0
7374,642,84,1
7375,3390,473,0
7376,2015,1193,0
7377,3785,573,0
7378,3153,2053,0
7379,305,94,1
7380,1408,214,1
7381,2821,77,1
7382,579,729,0
7383,2284,171,0
7384,847,189,1
7385,1898,649,1
7386,2393,1040,0
7387,3785,375,1
7388,4255,132,1
7389,3460,1199,0
7390,1167,29,1
7391,1182,1386,0
7392,2084,87,1
7393,512,1269,0
7394,721,132,1
7395,74,1963,1
7396,2853,1501,0
7397,371,337,1
7398,1368,1420,1
7399,2458,111,1
7400,1296,77,1
7401,1219,206,1
7402,1755,1239,0
7403,1602,2087,0
7404,4260,216,0
7405,3067,1574,1
7406,343,189,1
7407,2488,17,0
7408,4149,103,1
7409,2553,1175,0
7410,1082,690,1
7411,3028,1012,0
7412,4260,2089,0
7413,123,235,1
7414,808,1036,1
7415,1746,1756,1
7416,1312,147,1
7417,3872,906,0
7418,2689,1392,0
7419,1508,1480,1
7420,1387,1887,0
7421,1601,56,1
7422,44,278,1
7423,3461,272,0
7424,1837,147,1
7425,209,820,0
7426,1313,1945,1
7427,1346,229,1
7428,2218,1943,0
7429,1993,77,1
7430,628,259,1
7431,1024,425,0
7432,1542,147,1
7433,2076,1454,0
7434,652,1040,0
7435,2661,405,1
7436,808,779,1
7437,3022,443,1
7438,648,29,1
7439,950,1656,0
7440,994,147,1
7441,947,675,0
7442,3221,1699,0
7443,344,77,1
7444,1158,126,1
7445,2150,495,0
7446,1075,189,1
7447,128,1393,0
7448,2903,840,0
7449,3353,953,0
7450,2323,273,1
7451,3018,1446,1
7452,1078,192,1
7453,958,402,1
7454,3035,1107,0
7455,151,494,1
7456,815,675,0
7457,4263,72,1
7458,558,827,1
7459,1944,87,1
7460,2208,1852,0
7461,715,469,1
7462,2939,1442,1
7463,231,474,0
7464,660,1699,0
7465,1465,1622,1
7466,3512,2005,0
7467,338,854,1
7468,3285,934,0
7469,3066,58,0
7470,8,278,1
7471,576,1308,1
7472,1679,525,1
7473,1362,14,1
7474,195,77,1
7475,3483,2121,0
7476,3308,11,1
7477,1806,1798,0
7478,1424,388,0
7479,4054,1040,1
7480,1106,1334,0
7481,629,2108,0
7482,578,296,1
7483,1949,809,1
7484,724,2027,0
7485,2165,77,1
7486,3609,1539,0
7487,501,189,1
7488,1905,1666,0
7489,2022,111,1
7490,3607,1704,0
7491,2909,429,0
7492,2006,238,0
7493,2384,1358,1
7494,1087,18,0
7495,3278,1757,0
7496,1767,1617,0
7497,2405,1455,0
7498,735,321,1
7499,141,295,1
7500,4139,290,1
7501,2763,1789,0
7502,3295,638,1
7503,1003,94,1
7504,1846,75,0
7505,1788,1457,0
7506,2251,70,0
7507,2585,1380,0
7508,4065,412,0
7509,3274,1358,1
7510,2115,1020,0
7511,3646,560,1
7512,1113,1445,0
7513,1265,746,1
7514,850,1923,0
7515,500,963,1
7516,192,1305,1
7517,15,52,1
7518,87,1718,0
7519,937,2002,0
7520,381,1253,0
7521,286,1854,1
7522,3783,88,0
7523,2005,67,1
7524,131,104,1
7525,2313,1764,0
7526,4150,1620,0
7527,3500,847,1
7528,2882,1548,1
7529,2166,133,0
7530,1571,127,0
7531,692,262,1
7532,371,1272,1
7533,2324,1694,0
7534,709,1190,0
7535,3906,435,0
7536,1853,443,1
7537,444,339,1
7538,1159,890,1
7539,1345,653,1
7540,286,629,1
7541,468,14,1
7542,4268,140,1
7543,1067,582,1
7544,1094,1275,0
7545,4169,1632,1
7546,1214,1495,0
7547,3151,618,0
7548,649,479,1
7549,808,861,0
7550,4240,1407,0
7551,443,69,1
7552,3483,1981,0
7553,1270,677,1
7554,631,1853,1
7555,790,1655,0
7556,349,2019,0
7557,2136,2015,0
7558,950,84,1
7559,554,1997,0
7560,1718,473,0
7561,2244,1248,1
7562,4198,2012,0
7563,1030,1036,0
7564,568,1559,0
7565,4151,655,1
7566,2010,1063,0
7567,1305,1010,0
7568,2605,1057,1
7569,244,1354,0
7570,3256,1633,1
7571,4269,1037,0
7572,958,1114,0
7573,3042,1220,0
7574,1112,14,1
7575,3815,83,0
7576,3826,1193,0
7577,3526,1955,0
7578,182,1757,1
7579,842,807,1
7580,813,77,1
7581,2491,254,1
7582,4023,1869,0
7583,3533,281,1
7584,3987,1464,0
7585,3591,1419,0
7586,2184,638,1
7587,2918,125,1
7588,1184,1127,0
7589,3597,1330,1
7590,453,727,1
7591,3777,405,1
7592,4199,480,1
7593,83,52,1
7594,238,1418,0
7595,1714,757,1
7596,3806,1339,1
7597,2964,103,1
7598,2354,1880,0
7599,413,67,1
7600,2980,94,1
7601,1219,295,1
7602,2948,1857,0
7603,4273,1760,0
7604,859,77,1
7605,3766,1740,0
7606,1982,14,1
7607,102,556,0
7608,4274,290,1
7609,550,502,0
7610,434,189,1
7611,1836,195,1
7612,1300,840,0
7613,2189,1261,1
7614,509,1223,1
7615,3638,1003,1
7616,1478,1863,0
7617,884,1707,1
7618,449,1201,0
7619,1025,339,1
7620,116,504,0
7621,1259,1259,0
7622,819,2159,0
7623,571,1804,0
7624,730,339,1
7625,2176,1769,0
7626,4041,611,0
7627,4276,527,0
7628,1299,1869,0
7629,2543,2012,0
7630,760,1176,0
7631,3099,166,0
7632,3750,219,0
7633,490,138,1
7634,585,938,0
7635,3707,1740,1
7636,3965,125,1
7637,988,637,1
7638,2412,118,1
7639,4278,1529,0
7640,1,67,1
7641,808,504,1
7642,1835,1501,0
7643,309,538,1
7644,1842,1111,1
7645,962,1746,1
7646,233,2086,0
7647,803,194,1
7648,501,727,1
7649,1427,775,0
7650,2104,59,0
7651,780,194,1
7652,3163,1335,0
7653,413,2152,1
7654,913,1899,1
7655,1130,87,1
7656,1021,67,1
7657,2290,437,0
7658,3285,1503,0
7659,1669,77,1
7660,76,854,1
7661,1389,3,1
7662,230,277,1
7663,3302,302,0
7664,1424,578,0
7665,3375,412,0
7666,3752,718,0
7667,1663,1599,0
7668,192,67,1
7669,3824,2110,1
7670,259,847,1
7671,3590,1355,0
7672,9,77,1
7673,3238,1715,0
7674,1144,1007,1
7675,4282,2150,1
7676,4160,144,0
7677,240,10,1
7678,2525,538,1
7679,2744,77,1
7680,3879,412,0
7681,3872,771,1
7682,1077,4,0
7683,24,1430,0
7684,4283,382,0
7685,134,27,1
7686,800,1891,0
7687,236,1710,1
7688,1764,2019,0
7689,1824,1262,0
7690,185,29,1
7691,931,412,1
7692,1376,10,0
7693,765,1398,0
7694,2002,1657,0
7695,2653,1457,0
7696,916,278,1
7697,1822,69,1
7698,3479,1330,0
7699,2838,1793,0
7700,4185,385,0
7701,106,184,0
7702,730,807,1
7703,3310,67,1
7704,794,2111,1
7705,3412,1448,0
7706,3335,938,1
7707,509,1451,0
7708,1139,1655,1
7709,155,1848,0
7710,4285,14,1
7711,1468,843,0
7712,1883,1248,0
7713,2947,675,1
7714,2015,776,1
7715,4286,204,1
7716,2274,1588,1
7717,759,1523,0
7718,2105,94,1
7719,151,67,1
7720,606,150,0
7721,2848,734,0
7722,311,1175,1
7723,668,1037,0
7724,1940,516,0
7725,3303,1813,1
7726,709,1878,0
7727,968,29,1
7728,965,111,0
7729,1010,1207,1
7730,1995,1589,0
7731,777,1837,1
7732,4291,1532,1
7733,472,2031,1
7734,2180,72,1
7735,936,576,0
7736,202,555,0
7737,15,147,1
7738,2042,1219,0
7739,374,52,1
7740,1915,88,0
7741,286,90,1
7742,55,197,1
7743,1475,1708,0
7744,3148,949,0
7745,869,1445,0
7746,962,412,1
7747,3093,984,0
7748,803,77,1
7749,2011,1667,1
7750,963,538,1
7751,1003,67,1
7752,3892,469,1
7753,4110,77,1
7754,434,278,1
7755,337,492,1
7756,2525,195,1
7757,4293,415,0
7758,603,281,1
7759,2862,118,1
7760,13,118,1
7761,2117,3,1
7762,592,975,0
7763,3556,253,1
7764,230,295,1
7765,4150,350,1
7766,369,351,0
7767,803,138,1
7768,2992,752,0
7769,258,2142,1
7770,2257,810,0
7771,2491,1857,0
7772,1712,1432,0
7773,592,1000,0
7774,991,118,1
7775,286,235,1
7776,1394,1680,0
7777,4129,1554,0
7778,603,2126,0
7779,52,556,1
7780,1504,1297,1
7781,2088,94,1
7782,4059,808,1
7783,982,674,1
7784,1133,938,1
7785,4297,68,0
7786,3608,1253,0
7787,1942,1714,0
7788,147,1089,0
7789,668,1726,1
7790,2831,1419,0
7791,344,1967,0
7792,809,1284,1
7793,2950,1828,0
7794,101,118,1
7795,3431,1441,0
7796,2600,731,0
7797,1185,266,0
7798,179,1053,0
7799,4072,972,1
7800,625,308,0
7801,3091,77,1
7802,3078,2147,0
7803,3769,1106,0
7804,973,1323,0
7805,1394,827,0
7806,3836,701,0
7807,804,92,1
7808,803,278,1
7809,3493,2019,1
7810,2227,1655,0
7811,1294,147,1
7812,4298,77,1
7813,1879,720,0
7814,3240,442,1
7815,2656,1492,0
7816,3649,1491,1
7817,1106,77,1
7818,3635,2099,0
7819,685,1440,0
7820,2458,1191,0
7821,2696,917,1
7822,2899,1904,0
7823,106,2024,0
7824,2667,2075,0
7825,3983,663,1
7826,1008,385,0
7827,4299,1215,1
7828,3621,274,0
7829,2545,312,0
7830,713,1862,0
7831,776,1446,1
7832,3210,28,0
7833,3521,1459,0
7834,4300,690,1
7835,3446,525,1
7836,2447,569,0
7837,3461,405,1
7838,4205,1293,0
7839,1732,263,1
7840,1679,791,0
7841,959,514,0
7842,1474,433,0
7843,3472,140,1
7844,2399,1915,0
7845,669,1846,0
7846,651,988,0
7847,2014,218,1
7848,1781,1483,1
7849,2194,274,0
7850,1194,1995,0
7851,1031,1095,0
7852,286,941,0
7853,141,125,1
7854,370,2163,1
7855,1033,1788,0
7856,920,77,1
7857,151,619,1
7858,2917,1358,0
7859,3342,2142,0
7860,4301,934,0
7861,3146,771,0
7862,75,147,1
7863,952,1417,0
7864,590,479,1
7865,728,1776,1
7866,2014,1355,1
7867,1747,261,0
7868,3258,899,1
7869,221,1892,0
7870,446,1709,1
7871,2645,77,1
7872,1538,111,1
7873,1808,67,1
7874,453,130,1
7875,3122,271,0
7876,3107,168,0
7877,512,1072,0
7878,430,517,0
7879,1112,29,1
7880,2525,10,1
7881,1541,111,1
7882,1401,719,1
7883,2963,103,1
7884,2971,1413,1
7885,1063,15,1
7886,3286,1018,0
7887,2948,480,0
7888,2918,84,1
7889,1216,1853,0
7890,962,716,1
7891,4117,1420,0
7892,3962,1143,0
7893,882,1228,1
7894,154,1689,0
7895,1888,653,1
7896,3557,171,0
7897,4225,683,0
7898,2313,1139,1
7899,3596,114,1
7900,1390,757,0
7901,2715,1870,0
7902,962,1268,0
7903,3855,825,0
7904,101,77,1
7905,2825,911,0
7906,44,1620,0
7907,3079,1717,0
7908,1031,77,1
7909,3843,821,0
7910,2474,507,0
7911,3594,836,0
7912,3157,111,1
7913,488,1551,1
7914,2245,828,0
7915,1252,319,0
7916,4302,34,0
7917,602,570,0
7918,2473,720,0
7919,1063,509,1
7920,3621,569,0
7921,3476,999,0
7922,3425,286,0
7923,2658,920,0
7924,867,0,0
7925,968,77,1
7926,3062,45,0
7927,1927,380,0
7928,51,1944,0
7929,141,147,1
7930,1031,813,0
7931,446,1723,1
7932,519,911,1
7933,3414,1773,0
7934,3254,975,0
7935,2184,14,1
7936,737,1919,0
7937,231,29,1
7938,2590,339,1
7939,2962,14,1
7940,1112,1143,1
7941,1807,108,1
7942,4024,841,0
7943,453,77,1
7944,790,2151,0
7945,3523,1152,0
7946,28,244,1
7947,886,1030,1
7948,2370,1280,0
7949,3234,765,0
7950,3407,1730,1
7951,75,52,1
7952,3640,1314,0
7953,3557,283,0
7954,2040,35,0
7955,2105,694,1
7956,1732,850,1
7957,2492,1542,1
7958,83,339,1
7959,1043,1272,0
7960,417,1941,0
7961,192,1732,1
7962,8,194,1
7963,1112,1505,1
7964,1158,2102,1
7965,3600,271,0
7966,4302,818,0
7967,1796,1464,0
7968,1704,343,0
7969,4304,1285,1
7970,2519,135,0
7971,2180,29,1
7972,1939,2150,0
7973,1751,140,1
7974,3244,1672,1
7975,1607,1377,0
7976,1842,83,1
7977,3552,1081,0
7978,443,52,1
7979,1238,246,0
7980,314,551,0
7981,1086,77,1
7982,2653,2082,0
7983,810,281,1
7984,1669,261,0
7985,668,130,1
7986,2928,726,1
7987,4307,469,1
7988,2974,281,0
7989,544,337,1
7990,519,1079,0
7991,3387,794,0
7992,1831,1077,0
7993,3688,1725,0
7994,1148,1378,0
7995,3932,1407,0
7996,559,339,1
7997,32,1951,0
7998,2634,685,0
7999,4310,443,1
8000,245,281,1
8001,109,1234,1
8002,1453,375,1
8003,2838,737,0
8004,4311,1836,0
8005,192,1761,1
8006,2087,1422,1
8007,3426,375,1
8008,877,332,1
8009,1492,835,1
8010,3333,906,1
8011,1681,206,1
8012,308,446,0
8013,230,55,1
8014,580,1923,0
8015,1732,1167,1
8016,752,893,0
8017,4251,430,0
8018,149,1953,0
8019,2061,2044,0
8020,88,1460,0
8021,160,1585,0
8022,1695,304,0
8023,803,192,1
8024,829,167,0
8025,2819,2006,0
8026,3627,1459,1
8027,1294,84,1
8028,3470,118,1
8029,3445,1862,0
8030,171,1498,0
8031,3609,14,1
8032,632,367,0
8033,236,1508,1
8034,526,2015,1
8035,371,949,1
8036,2081,94,1
8037,3569,14,1
8038,2211,1370,1
8039,3752,1117,0
8040,3225,124,0
8041,1021,1446,1
8042,896,168,1
8043,4064,781,0
8044,2703,490,1
8045,2217,1477,0
8046,525,304,0
8047,1060,727,1
8048,4164,665,0
8049,2794,1054,0
8050,3986,296,1
8051,2998,132,1
8052,801,1007,1
8053,953,350,1
8054,1924,538,1
8055,1161,2048,0
8056,1218,1626,0
8057,602,1207,0
8058,1577,827,0
8059,3052,496,0
8060,1727,1985,0
8061,1065,1165,0
8062,3618,1415,1
8063,2916,2164,0
8064,242,671,0
8065,468,77,1
8066,3004,1167,1
8067,1213,2134,0
8068,338,607,0
8069,1925,1317,0
8070,4313,676,0
8071,944,206,1
8072,4168,1160,0
8073,335,296,1
8074,892,402,1
8075,4315,235,0
8076,4278,96,0
8077,2976,1240,1
8078,1776,94,1
8079,982,669,1
8080,4316,56,0
8081,2307,541,0
8082,3934,877,0
8083,3337,57,0
8084,107,34,1
8085,318,1214,0
8086,2583,901,0
8087,512,1942,0
8088,558,339,1
8089,1124,72,1
8090,912,1967,0
8091,700,847,1
8092,226,2130,0
8093,96,14,1
8094,8,35,1
8095,2081,281,1
8096,409,130,1
8097,651,875,1
8098,103,1018,1
8099,1465,1751,0
8100,46,1847,0
8101,3287,1727,0
8102,2834,1301,0
8103,215,998,1
8104,2600,1879,1
8105,1793,2054,1
8106,230,254,1
8107,2404,894,0
8108,857,192,0
8109,255,1188,0
8110,174,2136,0
8111,1554,852,0
8112,3444,1529,0
8113,206,1870,1
8114,3118,308,1
8115,424,1204,0
8116,993,1201,0
8117,1346,29,1
8118,2495,1689,0
8119,1124,639,0
8120,2592,29,1
8121,396,77,1
8122,1158,144,1
8123,1165,72,1
8124,1702,855,0
8125,804,72,1
8126,1196,1732,0
8127,2536,1119,1
8128,3451,973,0
8129,2751,1180,0
8130,2849,1304,0
8131,1202,619,0
8132,927,708,0
8133,810,1101,0
8134,3515,1041,0
8135,2220,914,1
8136,3867,992,0
8137,957,1915,0
8138,1852,1650,0
8139,973,1265,1
8140,1131,33,0
8141,2436,2045,1
8142,3930,165,0
8143,2326,29,1
8144,4158,1725,1
8145,3100,838,0
8146,809,1644,1
8147,2102,1250,0
8148,1775,122,1
8149,1158,1018,1
8150,4248,400,0
8151,1065,869,0
8152,3553,27,1
8153,3215,433,0
8154,83,84,1
8155,2216,1177,0
8156,642,69,1
8157,427,634,0
8158,2431,244,0
8159,4123,1876,0
8160,3717,304,0
8161,234,1961,0
8162,1139,1380,1
8163,89,375,1
8164,3963,204,0
8165,281,2095,0
8166,2150,147,1
8167,3724,942,1
8168,2200,67,1
8169,1219,2133,0
8170,1662,1997,1
8171,1063,1167,1
8172,2629,1334,0
8173,2797,11,0
8174,1386,18,1
8175,2068,131,1
8176,1837,84,1
8177,2939,77,1
8178,2081,77,1
8179,2104,1982,0
8180,1063,1798,1
8181,21,2160,0
8182,1219,125,1
8183,1063,794,1
8184,1552,977,1
8185,2729,973,0
8186,2238,1085,0
8187,2865,1942,0
8188,1174,850,0
8189,2948,1963,0
8190,964,534,0
8191,1686,61,1
8192,4313,1308,0
8193,4322,487,0
8194,1687,887,0
8195,1058,132,1
8196,3182,215,0
8197,1903,342,0
8198,517,412,0
8199,2378,206,1
8200,977,1103,1
8201,3581,431,1
8202,2576,649,1
8203,4324,1100,1
8204,939,1153,1
8205,2618,507,0
8206,472,514,1
8207,3659,1262,0
8208,4325,1055,0
8209,1737,295,1
8210,2530,195,1
8211,884,815,1
8212,3644,1913,0
8213,2683,479,1
8214,1420,473,0
8215,204,835,0
8216,1284,72,1
8217,4127,597,0
8218,4326,1921,0
8219,3238,87,1
8220,2586,327,0
8221,1718,118,1
8222,3335,266,1
8223,1312,197,1
8224,479,1556,0
8225,169,2151,0
8226,2251,214,0
8227,3865,380,1
8228,2392,206,1
8229,1056,206,1
8230,3458,104,0
8231,3619,963,1
8232,1687,694,0
8233,215,402,1
8234,3840,118,1
8235,3718,77,1
8236,4248,357,0
8237,3644,165,0
8238,903,1075,0
8239,299,666,1
8240,380,1442,0
8241,3030,571,0
8242,2503,1939,1
8243,4330,41,1
8244,3088,1637,0
8245,1492,1992,0
8246,3902,1062,0
8247,3122,1165,0
8248,3647,1997,0
8249,246,125,1
8250,4331,90,1
8251,1760,1734,0
8252,1645,67,1
8253,2148,1950,0
8254,958,278,1
8255,3353,130,1
8256,4079,1922,0
8257,2471,77,1
8258,560,77,1
8259,2294,1995,0
8260,1974,1326,1
8261,346,94,1
8262,2154,1947,0
8263,882,666,0
8264,716,77,1
8265,3212,1539,0
8266,32,390,1
8267,2964,77,1
8268,982,1220,1
8269,167,1529,0
8270,1879,1807,1
8271,4333,630,1
8272,3470,29,1
8273,3790,905,1
8274,2105,1024,1
8275,3274,817,0
8276,2852,85,0
8277,2594,1434,0
8278,2830,445,0
8279,816,1989,1
8280,3258,77,1
8281,1544,445,0
8282,512,29,1
8283,3966,2025,0
8284,3687,1879,1
8285,52,591,1
8286,3720,405,1
8287,2225,1228,0
8288,2832,908,1
8289,2498,690,0
8290,2507,67,1
8291,3134,1684,0
8292,1367,1824,1
8293,2732,1281,0
8294,3118,85,1
8295,4135,1036,0
8296,1479,1063,0
8297,3582,1337,0
8298,3646,1305,0
8299,3903,1040,1
8300,586,132,1
8301,1052,1916,0
8302,3270,1176,1
8303,3013,197,0
8304,1770,214,1
8305,2540,254,1
8306,2446,155,0
8307,3006,381,1
8308,2382,879,0
8309,2112,859,0
8310,1265,1002,1
8311,2594,592,0
8312,2963,77,1
8313,258,87,1
8314,1863,1850,0
8315,2992,2101,0
8316,2682,1201,0
8317,1181,852,0
8318,4336,1879,1
8319,1268,1890,0
8320,2864,690,0
8321,2657,834,0
8322,1086,1863,1
8323,715,733,1
8324,564,256,0
8325,316,256,0
8326,1739,1230,0
8327,3328,1451,0
8328,251,733,1
8329,63,1446,1
8330,3984,27,0
8331,2746,1707,0
8332,1818,804,1
8333,3687,1384,0
8334,3092,224,1
8335,451,34,0
8336,4340,920,0
8337,4268,2043,0
8338,4311,484,1
8339,714,2104,0
8340,1919,2057,0
8341,1476,27,1
8342,3453,29,1
8343,3434,2086,0
8344,333,469,1
8345,185,138,1
8346,1020,67,1
8347,525,822,0
8348,2593,147,1
8349,3829,343,0
8350,1346,14,1
8351,3061,1232,0
8352,1633,560,1
8353,273,168,1
8354,966,548,1
8355,4341,1090,0
8356,2996,1715,1
8357,1343,1702,0
8358,2906,656,1
8359,2974,906,0
8360,16,721,0
8361,1252,429,1
8362,4315,524,0
8363,2372,1655,0
8364,411,1006,0
8365,1341,1904,0
8366,3430,177,1
8367,1697,479,1
8368,4343,380,1
8369,187,2138,1
8370,2756,1996,0
8371,813,865,1
8372,6,77,1
8373,2068,29,1
8374,2264,321,0
8375,794,561,1
8376,230,1730,0
8377,4290,440,0
8378,3940,14,1
8379,794,1461,1
8380,318,1271,0
8381,721,469,1
8382,2482,2087,0
8383,2475,1248,1
8384,3653,1241,0
8385,3347,911,0
8386,3871,755,1
8387,1112,370,1
8388,896,240,1
8389,982,834,1
8390,1987,1679,0
8391,873,278,1
8392,4112,636,0
8393,2925,214,1
8394,1963,64,1
8395,1216,68,1
8396,868,1176,0
8397,4345,103,1
8398,2960,2019,0
8399,299,118,1
8400,3148,165,0
8401,1315,1070,1
8402,632,7,0
8403,2741,889,1
8404,2827,14,1
8405,801,273,1
8406,109,1308,0
8407,1814,745,0
8408,4346,90,1
8409,1940,136,1
8410,2111,625,1
8411,1133,1098,0
8412,1063,1982,1
8413,284,67,1
8414,1729,92,1
8415,1732,1396,0
8416,4262,2057,0
8417,2951,77,1
8418,4299,791,0
8419,76,147,1
8420,38,83,0
8421,4115,370,0
8422,1129,1996,1
8423,2395,1077,0
8424,123,131,1
8425,3487,339,1
8426,2850,11,0
8427,264,77,1
8428,2644,1783,0
8429,1005,18,1
8430,850,859,0
8431,9,649,0
8432,4349,2126,0
8433,1736,111,0
8434,3832,58,0
8435,2298,953,0
8436,2566,405,1
8437,3930,2014,0
8438,4021,480,1
8439,1455,356,1
8440,4088,1706,0
8441,468,1741,0
8442,2208,1347,0
8443,3221,848,0
8444,2590,84,1
8445,1602,697,0
8446,1213,524,0
8447,3394,253,1
8448,12,136,1
8449,4145,77,1
8450,258,472,0
8451,3195,76,0
8452,2513,1040,1
8453,4351,1540,0
8454,284,1480,0
8455,3392,170,0
8456,1659,362,0
8457,211,138,1
8458,3295,726,1
8459,3831,81,0
8460,1571,77,1
8461,3750,1273,0
8462,730,374,0
8463,333,635,0
8464,1227,64,1
8465,77,14,1
8466,4179,190,0
8467,3658,1231,0
8468,3293,72,1
8469,2540,1819,1
8470,3407,1400,0
8471,12,52,1
8472,709,1248,1
8473,1294,10,1
8474,1781,1132,1
8475,2821,1694,0
8476,141,1622,0
8477,3173,629,0
8478,4105,14,1
8479,4175,1389,1
8480,559,1997,1
8481,2540,390,1
8482,3188,1171,0
8483,3899,502,0
8484,3686,971,1
8485,2525,136,1
8486,1518,67,1
8487,1381,2013,0
8488,1254,557,0
8489,1662,131,1
8490,3002,103,1
8491,2882,989,1
8492,4103,741,0
8493,4354,1013,0
8494,1300,10,1
8495,1477,856,1
8496,1339,917,1
8497,780,189,1
8498,4009,184,1
8499,3685,541,0
8500,615,67,1
8501,3070,491,0
8502,1669,1339,1
8503,2830,34,0
8504,3108,1345,0
8505,1602,1666,0
8506,599,683,0
8507,1056,849,1
8508,855,1521,1
8509,1060,278,1
8510,1681,545,0
8511,3313,118,1
8512,1569,118,1
8513,211,18,1
8514,2088,77,1
8515,2180,538,0
8516,2686,1465,0
8517,2484,1936,0
8518,2370,77,1
8519,2117,1058,0
8520,4206,1032,0
8521,1177,144,1
8522,1177,122,0
8523,1994,29,1
8524,2604,2024,0
8525,1286,875,1
8526,4126,714,0
8527,3040,1587,0
8528,109,1609,1
8529,2867,1963,0
8530,1597,501,1
8531,3840,94,1
8532,4184,836,0
8533,3869,287,0
8534,226,1377,0
8535,926,1588,1
8536,4204,688,0
8537,3940,217,0
8538,740,1525,0
8539,286,2103,1
8540,1586,675,0
8541,3566,405,1
8542,2756,911,1
8543,2523,48,1
8544,3419,1301,1
8545,985,77,1
8546,1532,993,0
8547,834,1521,0
8548,968,67,1
8549,466,205,0
8550,3233,131,1
8551,801,94,1
8552,2389,1937,0
8553,76,281,1
8554,1077,1532,0
8555,978,726,0
8556,169,118,1
8557,1367,758,0
8558,3937,2126,1
8559,1292,1789,0
8560,2925,2040,0
8561,4358,103,1
8562,1355,138,0
8563,1238,1869,0
8564,3881,419,0
8565,1084,147,1
8566,1982,118,1
8567,141,55,1
8568,496,313,0
8569,1240,869,1
8570,2190,519,0
8571,2021,1024,1
8572,2257,416,0
8573,2334,1246,0
8574,2148,683,0
8575,4290,266,1
8576,794,2168,1
8577,2856,1285,1
8578,892,67,1
8579,924,1498,0
8580,1480,2088,0
8581,3390,624,0
8582,1759,1728,1
8583,1488,1745,0
8584,3687,1983,0
8585,9,942,1
8586,1167,118,1
8587,6,18,1
8588,2233,747,0
8589,1133,829,1
8590,1504,369,1
8591,3683,1306,0
8592,553,769,0
8593,2760,870,0
8594,1394,94,1
8595,230,1280,0
8596,1060,194,1
8597,1725,767,0
8598,1962,675,0
8599,1464,87,1
8600,3694,1267,0
8601,4024,1678,0
8602,3182,1629,0
8603,6,666,1
8604,2477,154,0
8605,154,388,1
8606,3743,1794,0
8607,3850,736,0
8608,1307,652,0
8609,2686,2089,0
8610,1423,799,1
8611,3477,222,0
8612,1156,29,1
8613,525,1710,1
8614,4362,1675,0
8615,3495,1248,1
8616,2613,414,0
8617,2293,983,0
8618,3751,1026,0
8619,1935,216,0
8620,286,515,1
8621,2268,1596,1
8622,3118,123,1
8623,809,908,0
8624,794,13,1
8625,962,1064,1
8626,246,237,1
8627,3044,2134,0
8628,4301,1692,0
8629,1436,374,0
8630,1426,1512,0
8631,2194,2067,0
8632,1546,2098,0
8633,4248,1323,0
8634,3146,3,1
8635,1000,72,1
8636,3000,111,1
8637,152,652,0
8638,2971,1577,0
8639,1497,118,1
8640,2129,2089,0
8641,1174,111,1
8642,1157,676,0
8643,1060,46,0
8644,1036,138,1
8645,4365,2150,0
8646,2962,859,0
8647,1052,819,0
8648,1206,360,0
8649,3069,24,0
8650,1021,77,1
8651,3303,883,1
8652,1003,278,1
8653,3002,1390,0
8654,2189,182,0
8655,1979,729,0
8656,2930,77,1
8657,2299,75,1
8658,1296,837,0
8659,278,1428,1
8660,775,2081,0
8661,4035,1479,0
8662,371,219,0
8663,2227,984,0
8664,3589,1828,0
8665,2098,1604,0
8666,2200,14,1
8667,155,27,1
8668,3908,470,0
8669,4292,1030,0
8670,2913,708,0
8671,2274,994,1
8672,1444,1399,0
8673,879,1438,0
8674,4286,911,0
8675,898,683,0
8676,419,2051,0
8677,2374,625,0
8678,3874,618,0
8679,1712,92,1
8680,2375,2159,0
8681,3050,2105,0
8682,1056,641,1
8683,651,901,1
8684,192,158,0
8685,3662,412,1
8686,1960,885,0
8687,1036,657,1
8688,3268,1646,0
8689,286,929,1
8690,2446,638,1
8691,3243,1563,0
8692,935,1175,0
8693,148,194,1
8694,939,12,1
8695,1626,1162,0
8696,631,1746,1
8697,4368,1505,0
8698,3035,184,1
8699,1445,649,0
8700,3213,271,0
8701,2832,377,0
8702,443,84,1
8703,2120,552,0
8704,57,84,1
8705,1688,1055,1
8706,1747,755,1
8707,466,1717,1
8708,740,29,1
8709,2631,214,1
8710,512,77,1
8711,4007,1560,0
8712,916,998,1
8713,709,2139,0
8714,3631,575,0
8715,153,138,1
8716,1425,1349,1
8717,412,14,1
8718,4169,114,0
8719,286,981,1
8720,1557,775,0
8721,2142,1030,1
8722,2836,77,1
8723,1879,690,1
8724,1842,405,1
8725,89,256,0
8726,3475,1900,0
8727,977,690,1
8728,2893,111,1
8729,1227,136,0
8730,2405,332,1
8731,1371,77,1
8732,2668,1314,0
8733,4370,2002,0
8734,973,1181,0
8735,3301,2068,0
8736,1076,235,1
8737,169,525,1
8738,776,77,1
8739,2828,34,1
8740,76,84,1
8741,13,1908,0
8742,2960,19,0
8743,4356,1117,0
8744,2118,1618,1
8745,1063,389,0
8746,2950,1696,0
8747,97,429,1
8748,3714,529,0
8749,3712,808,0
8750,2633,789,0
8751,1144,757,1
8752,2163,2049,0
8753,3575,694,0
8754,2562,1453,1
8755,2657,1280,0
8756,2446,94,1
8757,808,2121,1
8758,466,652,1
8759,2303,301,0
8760,2316,296,1
8761,1133,702,0
8762,175,77,1
8763,1767,893,0
8764,3977,11,1
8765,1607,920,0
8766,3160,613,1
8767,55,433,1
8768,154,1876,0
8769,3930,253,1
8770,2186,906,0
8771,1294,1951,0
8772,256,755,1
8773,1509,2036,0
8774,3449,433,0
8775,1883,1132,1
8776,2233,1619,0
8777,2976,1350,0
8778,3310,1480,1
8779,2446,125,1
8780,1099,807,1
8781,2271,405,1
8782,103,130,1
8783,141,538,1
8784,3326,1216,0
8785,335,131,1
8786,75,206,1
8787,785,2130,0
8788,838,545,0
8789,1315,1955,1
8790,343,130,1
8791,488,1969,1
8792,3097,375,1
8793,1514,1791,0
8794,631,1175,1
8795,1801,113,1
8796,109,1879,1
8797,3084,1506,1
8798,424,249,1
8799,1562,14,1
8800,3868,906,1
8801,1497,29,1
8802,1765,2046,1
8803,4164,1428,0
8804,3313,94,1
8805,2536,77,1
8806,1608,375,1
8807,3639,729,1
8808,52,2079,1
8809,1826,935,0
8810,512,1007,1
8811,148,402,1
8812,3391,240,0
8813,3152,1618,0
8814,2970,616,1
8815,1567,1768,1
8816,1381,17,1
8817,1958,1248,1
8818,1100,841,0
8819,4159,1556,1
8820,1728,485,1
8821,544,192,1
8822,48,38,1
8823,2105,128,1
8824,3607,104,1
8825,3587,1960,0
8826,812,1745,0
8827,3342,29,1
8828,3019,375,1
8829,417,187,0
8830,4317,413,1
8831,1301,1972,0
8832,4227,914,1
8833,2446,339,1
8834,1849,2051,1
8835,2835,317,0
8836,3148,1386,0
8837,3670,367,0
8838,3013,525,0
8839,3786,1801,1
8840,2791,87,1
8841,1382,67,1
8842,1506,1777,0
8843,1312,108,0
8844,2568,561,1
8845,182,1404,1
8846,1219,339,1
8847,1145,2080,0
8848,3869,630,1
8849,1993,67,1
8850,2612,849,1
8851,3043,1694,0
8852,2549,14,1
8853,824,1569,0
8854,1,912,0
8855,3359,809,0
8856,3238,2064,0
8857,2416,666,1
8858,1170,125,1
8859,785,261,0
8860,3071,1748,0
8861,585,690,0
8862,3434,805,0
8863,4114,1484,1
8864,3353,90,1
8865,83,195,1
8866,2162,1925,0
8867,1621,2157,0
8868,2513,2098,0
8869,406,875,1
8870,2005,1209,0
8871,445,929,0
8872,2928,866,0
8873,2168,253,1
8874,370,1895,0
8875,316,1911,0
8876,2485,469,0
8877,916,185,1
8878,696,206,1
8879,3642,226,0
8880,1200,538,0
8881,715,849,1
8882,1062,77,1
8883,4126,1760,0
8884,882,432,1
8885,819,77,1
8886,1804,64,1
8887,1788,681,0
8888,1170,147,1
8889,885,1007,1
8890,3737,445,0
8891,3567,517,0
8892,371,343,1
8893,952,1560,1
8894,2445,443,0
8895,2127,1007,1
8896,1031,67,1
8897,406,1496,1
8898,2791,639,0
8899,3595,437,1
8900,3879,616,0
8901,4321,77,1
8902,152,77,1
8903,486,195,1
8904,1112,1643,1
8905,1368,2114,1
8906,2445,1290,1
8907,4374,1623,0
8908,2435,195,0
8909,694,446,1
8910,3183,919,0
8911,632,1102,0
8912,2784,2153,0
8913,2677,1805,0
8914,964,810,0
8915,2196,760,0
8916,3630,469,1
8917,958,142,0
8918,1182,1795,0
8919,168,375,0
8920,1099,14,1
8921,1139,137,0
8922,230,194,1
8923,3119,405,1
8924,3392,111,1
8925,4375,1480,0
8926,794,337,1
8927,108,2041,0
8928,2819,272,0
8929,1737,125,1
8930,1333,262,0
8931,428,859,1
8932,310,1290,0
8933,4376,898,0
8934,155,118,1
8935,587,2072,1
8936,1816,2145,0
8937,4298,875,1
8938,886,64,1
8939,153,835,1
8940,893,2086,1
8941,3834,1769,0
8942,983,118,1
8943,63,94,1
8944,477,1746,1
8945,4377,103,1
8946,1509,1175,0
8947,2392,1209,0
8948,1,77,1
8949,792,84,1
8950,790,1795,0
8951,3653,2150,0
8952,2745,77,1
8953,3729,446,0
8954,2678,469,1
8955,492,1566,1
8956,1884,1462,0
8957,223,195,1
8958,2509,825,0
8959,840,914,1
8960,2159,904,0
8961,466,568,1
8962,3981,495,0
8963,4286,94,0
8964,260,1680,0
8965,4016,691,0
8966,2084,419,0
8967,3619,1858,0
8968,1497,389,0
8969,3187,1350,0
8970,185,192,1
8971,956,2002,0
8972,4194,2172,0
8973,1185,332,1
8974,1965,92,1
8975,456,1283,0
8976,1060,658,0
8977,3853,1161,0
8978,372,1255,0
8979,428,1985,0
8980,3156,1585,0
8981,453,138,1
8982,1540,164,1
8983,258,1588,0
8984,3936,1631,1
8985,4107,571,1
8986,304,661,0
8987,3228,2013,0
8988,2065,2000,0
8989,3320,979,0
8990,909,2024,0
8991,4248,248,1
8992,151,64,1
8993,2834,977,0
8994,1702,1180,0
8995,2865,1445,0
8996,1369,1582,0
8997,2232,2029,1
8998,810,84,1
8999,794,1181,1
9000,2127,1446,1
9001,3356,1493,1
9002,1833,206,1
9003,2105,1848,0
9004,2352,1170,1
9005,814,1331,0
9006,1144,270,1
9007,3869,1710,0
9008,223,87,0
9009,1102,1132,1
9010,231,1946,0
9011,123,479,1
9012,3129,1659,0
9013,1215,432,0
9014,2399,158,0
9015,2105,1139,1
9016,3553,1180,0
9017,2544,1241,0
9018,87,457,1
9019,3342,480,0
9020,153,192,1
9021,1646,694,1
9022,4382,150,0
9023,370,405,1
9024,3960,443,1
9025,4383,630,1
9026,808,2088,1
9027,1218,1819,0
9028,3320,229,1
9029,1219,482,0
9030,1946,1942,0
9031,4363,1238,0
9032,471,205,0
9033,2620,1281,0
9034,962,185,1
9035,1683,1222,0
9036,4162,69,1
9037,2446,136,1
9038,888,848,1
9039,755,87,1
9040,4331,1457,0
9041,3515,1536,0
9042,445,772,1
9043,801,29,1
9044,2184,77,1
9045,3631,1667,0
9046,2252,29,1
9047,2899,1748,1
9048,718,27,1
9049,1141,480,1
9050,972,557,1
9051,3278,1358,1
9052,3605,144,1
9053,704,547,1
9054,1065,733,0
9055,1291,713,0
9056,4209,2054,1
9057,2876,1858,0
9058,901,123,0
9059,4128,1091,1
9060,2088,29,1
9061,1335,339,1
9062,4206,1293,0
9063,1772,780,0
9064,2827,1588,1
9065,3460,50,0
9066,3776,494,0
9067,4385,1139,1
9068,2471,14,1
9069,1359,927,0
9070,780,402,1
9071,980,118,1
9072,776,561,0
9073,2300,393,0
9074,2179,1097,0
9075,4217,259,0
9076,2583,2032,0
9077,3130,772,1
9078,2086,1989,0
9079,4071,686,1
9080,1144,18,1
9081,3757,719,1
9082,2274,1928,0
9083,509,4,1
9084,1408,971,1
9085,972,460,1
9086,2004,826,0
9087,1158,1328,1
9088,2487,1327,0
9089,842,77,1
9090,192,283,1
9091,2079,337,0
9092,1949,1389,0
9093,615,1165,0
9094,1865,147,1
9095,1230,480,1
9096,269,1455,1
9097,2612,94,1
9098,286,688,1
9099,2462,1106,1
9100,1034,819,0
9101,1003,1638,0
9102,959,1092,1
9103,4273,248,1
9104,4313,694,0
9105,2720,809,1
9106,1745,734,0
9107,1095,351,0
9108,2885,157,0
9109,2980,638,1
9110,2094,663,0
9111,943,286,0
9112,3988,1493,0
9113,731,966,1
9114,796,951,0
9115,3146,281,1
9116,2489,716,0
9117,1292,611,1
9118,3662,1180,0
9119,3110,776,0
9120,579,788,1
9121,3520,18,0
9122,3300,859,1
9123,4070,716,1
9124,112,68,1
9125,526,1787,1
9126,1762,1688,0
9127,2949,683,0
9128,1414,2174,0
9129,3977,1892,0
9130,3832,677,0
9131,139,936,0
9132,4247,651,1
9133,863,855,0
9134,344,295,1
9135,2525,27,1
9136,171,122,1
9137,3232,689,0
9138,4264,776,1
9139,103,77,1
9140,910,708,0
9141,3450,1253,0
9142,55,69,1
9143,559,638,1
9144,3659,1250,0
9145,2250,1232,0
9146,2352,1322,1
9147,376,1358,1
9148,2293,195,1
9149,1646,94,1
9150,3454,664,0
9151,2314,681,0
9152,4389,2175,1
9153,3885,1900,1
9154,543,446,0
9155,4390,1437,0
9156,165,550,1
9157,1003,130,1
9158,2877,681,0
9159,2200,94,1
9160,180,1266,0
9161,1294,77,1
9162,4391,1549,0
9163,2942,890,0
9164,1365,405,1
9165,2399,605,0
9166,97,1477,0
9167,75,1944,0
9168,2795,1018,0
9169,190,206,0
9170,492,1841,1
9171,1615,1984,0
9172,481,356,1
9173,4293,847,1
9174,2780,1921,1
9175,635,826,1
9176,3653,954,0
9177,899,1446,1
9178,1099,295,1
9179,311,29,1
9180,3116,367,1
9181,1330,675,1
9182,68,191,1
9183,2411,109,1
9184,2657,1632,1
9185,873,138,1
9186,4081,716,1
9187,2891,2048,0
9188,4340,296,1
9189,1374,807,1
9190,519,1311,0
9191,3278,731,0
9192,4392,2168,0
9193,1020,1944,1
9194,207,1415,1
9195,3855,214,1
9196,686,235,1
9197,1571,356,1
9198,287,14,1
9199,1100,469,1
9200,2026,147,1
9201,3403,606,0
9202,1036,192,1
9203,1079,1472,0
9204,1930,77,1
9205,568,350,1
9206,75,339,1
9207,4395,273,1
9208,96,118,1
9209,760,1965,0
9210,2240,29,1
9211,1936,366,0
9212,1339,1811,0
9213,1670,1020,0
9214,298,2114,0
9215,1359,111,1
9216,4234,1960,1
9217,2087,1006,1
9218,230,14,1
9219,1047,1483,0
9220,3780,1327,0
9221,916,189,1
9222,3302,638,1
9223,311,118,1
9224,4179,1671,0
9225,128,72,1
9226,3356,1601,0
9227,2897,921,0
9228,2237,1718,0
9229,696,1467,0
9230,3195,67,1
9231,2011,756,1
9232,238,1807,0
9233,866,2055,0
9234,3627,1729,0
9235,4152,153,0
9236,2333,2044,0
9237,2800,772,0
9238,991,755,0
9239,1075,727,1
9240,4300,281,1
9241,434,29,1
9242,1812,865,1
9243,1082,1007,1
9244,2553,1560,0
9245,2157,474,0
9246,4302,2104,0
9247,2458,609,0
9248,148,189,1
9249,2843,140,0
9250,1725,836,0
9251,256,495,1
9252,980,161,1
9253,648,1230,0
9254,1165,77,1
9255,3195,936,0
9256,1020,77,1
9257,3006,253,1
9258,309,29,1
9259,808,2176,0
9260,271,1419,1
9261,3303,1092,0
9262,2281,2068,0
9263,1376,57,0
9264,799,984,0
9265,4065,1925,0
9266,1827,666,0
9267,1523,984,0
9268,3823,492,0
9269,1877,1305,0
9270,229,630,1
9271,195,67,1
9272,238,1281,0
9273,4177,1373,0
9274,2032,1657,0
9275,49,195,1
9276,286,1327,1
9277,1245,431,0
9278,2250,538,1
9279,1374,131,1
9280,1710,136,1
9281,4324,885,0
9282,2449,1644,0
9283,3659,92,1
9284,4277,2112,0
9285,777,7,1
9286,2519,541,0
9287,46,959,0
9288,2725,606,0
9289,2872,2110,1
9290,1680,112,0
9291,873,1737,0
9292,979,281,1
9293,1410,392,1
9294,1075,130,1
9295,117,736,1
9296,9,1616,1
9297,135,2046,1
9298,2214,1550,1
9299,384,202,0
9300,2517,313,0
9301,3629,429,1
9302,164,755,0
9303,3517,2164,1
9304,930,147,1
9305,4013,61,0
9306,2668,1774,0
9307,1474,38,0
9308,1669,215,0
9309,1542,638,1
9310,6,87,1
9311,3532,327,0
9312,678,858,0
9313,884,716,1
9314,1126,1657,0
9315,151,466,1
9316,3504,2081,0
9317,3340,729,0
9318,1944,1643,0
9319,949,1438,1
9320,700,764,0
9321,2391,1655,0
9322,638,195,1
9323,230,1347,0
9324,2774,1239,1
9325,3437,314,0
9326,1340,1216,0
9327,2168,326,0
9328,1159,14,1
9329,1111,213,0
9330,707,1445,0
9331,165,1269,0
9332,89,1925,0
9333,3912,2159,0
9334,2980,3,0
9335,3897,1535,0
9336,2145,731,0
9337,333,132,1
9338,4083,414,0
9339,2928,1384,0
9340,2723,1783,0
9341,3899,1440,1
9342,2115,84,1
9343,15,3,1
9344,4184,266,1
9345,1426,339,1
9346,3213,460,0
9347,3367,828,0
9348,1084,125,1
9349,2704,995,0
9350,3925,2054,0
9351,1686,900,1
9352,3451,906,0
9353,3508,457,0
9354,1940,206,1
9355,2619,156,0
9356,2172,77,1
9357,2891,92,1
9358,1994,77,1
9359,4207,1593,0
9360,4358,221,0
9361,2632,224,0
9362,3104,507,1
9363,3737,437,0
9364,204,77,1
9365,2312,877,0
9366,2594,810,0
9367,1104,529,0
9368,3671,2080,0
9369,741,131,1
9370,1951,1139,1
9371,443,77,1
9372,4285,1532,0
9373,179,94,1
9374,3496,1769,0
9375,167,1366,0
9376,2651,77,1
9377,2591,1270,0
9378,4399,405,1
9379,1063,1152,1
9380,3359,253,1
9381,1845,1286,0
9382,2465,1698,0
9383,1464,262,0
9384,2031,155,0
9385,996,1742,1
9386,933,1890,0
9387,1373,1285,1
9388,1394,77,1
9389,2031,619,0
9390,2594,1403,1
9391,3772,177,0
9392,2739,257,0
9393,1260,64,1
9394,3930,1040,0
9395,420,189,1
9396,3667,111,0
9397,3862,186,1
9398,1430,734,1
9399,2167,637,1
9400,2478,973,0
9401,2131,1417,1
9402,4345,1746,0
9403,4159,700,0
9404,1660,1294,0
9405,1813,257,1
9406,3659,568,0
9407,576,1780,1
9408,1075,1726,1
9409,1508,875,1
9410,3105,218,1
9411,685,405,1
9412,406,92,1
9413,1124,17,0
9414,1842,971,1
9415,3634,804,0
9416,2127,118,1
9417,3352,1039,0
9418,1674,1443,1
9419,724,304,1
9420,2738,1255,1
9421,3393,367,0
9422,3662,77,1
9423,4401,696,0
9424,1285,1770,0
9425,2184,852,0
9426,817,1428,1
9427,453,185,1
9428,1,119,0
9429,3361,253,1
9430,2333,509,0
9431,3475,683,0
9432,107,2165,1
9433,107,1460,0
9434,1226,2000,0
9435,1759,906,1
9436,966,851,0
9437,1812,757,1
9438,4115,1397,0
9439,1270,1005,0
9440,1921,1858,0
9441,1842,222,1
9442,3000,499,0
9443,3186,1935,0
9444,1249,765,0
9445,2764,914,1
9446,4402,19,1
9447,1574,92,1
9448,2198,719,0
9449,2875,666,0
9450,2162,713,0
9451,141,406,1
9452,3375,889,1
9453,3631,1617,0
9454,958,138,1
9455,947,77,1
9456,1527,1075,0
9457,1274,666,0
9458,2407,1536,1
9459,1060,402,1
9460,4404,912,1
9461,539,19,1
9462,867,429,1
9463,794,87,1
9464,2913,728,0
9465,3824,1791,0
9466,1097,59,0
9467,126,1232,0
9468,3247,1773,0
9469,768,1300,1
9470,2193,368,0
9471,798,1188,1
9472,1082,1170,0
9473,3423,1437,0
9474,1940,147,1
9475,3013,2139,0
9476,2117,281,1
9477,2098,114,1
9478,4278,1092,1
9479,800,307,1
9480,902,257,1
9481,1164,1255,0
9482,4336,1382,0
9483,1824,364,0
9484,1641,914,0
9485,2749,1628,0
9486,3061,177,1
9487,286,1882,1
9488,4290,139,1
9489,1940,807,1
9490,3110,77,1
9491,192,548,1
9492,2823,1457,1
9493,185,1989,0
9494,4405,848,0
9495,382,621,0
9496,1084,10,1
9497,3310,77,1
9498,669,77,1
9499,1842,1727,1
9500,3223,1101,0
9501,2737,1047,0
9502,2658,220,1
9503,597,476,0
9504,4204,437,1
9505,1471,1970,0
9506,4368,1441,1
9507,840,77,1
9508,138,1212,0
9509,567,272,0
9510,1532,613,1
9511,2962,67,1
9512,962,550,1
9513,2264,624,0
9514,82,433,1
9515,2585,332,0
9516,4092,1798,0
9517,2349,67,1
9518,2746,111,1
9519,735,1774,1
9520,3996,1163,0
9521,766,1451,0
9522,2294,638,1
9523,521,529,0
9524,286,1998,1
9525,972,1030,1
9526,4365,2045,0
9527,136,973,0
9528,3913,1205,0
9529,3873,118,1
9530,3426,1539,0
9531,4382,1678,1
9532,1219,1043,0
9533,3444,719,1
9534,3107,1055,0
9535,1968,2062,0
9536,558,1767,1
9537,564,515,0
9538,888,132,1
9539,372,1249,0
9540,2862,87,1
9541,942,629,0
9542,2349,1363,1
9543,179,491,0
9544,4406,954,0
9545,1938,2164,1
9546,859,182,0
9547,2658,381,1
9548,1375,1937,0
9549,2664,748,0
9550,3063,1556,0
9551,4217,360,0
9552,2816,1114,0
9553,55,84,1
9554,1148,1879,1
9555,3271,1255,1
9556,32,1055,0
9557,1760,30,0
9558,917,1702,0
9559,299,67,1
9560,1080,85,1
9561,634,555,0
9562,847,194,1
9563,1477,1008,0
9564,2310,779,0
9565,3653,229,0
9566,202,72,1
9567,166,189,1
9568,2629,354,1
9569,2674,369,1
9570,76,237,1
9571,2802,1688,0
9572,3368,981,0
9573,2610,1877,1
9574,2407,1878,0
9575,1330,677,0
9576,1990,362,0
9577,3251,1249,0
9578,1704,3,0
9579,455,1732,0
9580,512,784,1
9581,4139,532,0
9582,2184,10,1
9583,1387,561,0
9584,2073,686,0
9585,81,880,0
9586,4370,353,0
9587,2544,2021,0
9588,1450,337,1
9589,2967,814,0
9590,897,70,1
9591,983,914,1
9592,2475,1215,1
9593,2902,1543,0
9594,230,538,1
9595,2125,1904,0
9596,169,77,1
9597,4409,405,1
9598,3722,609,0
9599,4012,480,1
9600,2230,41,0
9601,583,836,1
9602,1233,1725,1
9603,780,236,1
9604,4410,131,1
9605,892,192,1
9606,947,14,1
9607,1045,52,1
9608,2948,405,1
9609,4365,576,1
9610,2612,77,1
9611,3002,1393,0
9612,103,138,1
9613,2513,698,0
9614,2554,1574,0
9615,2612,955,1
9616,2355,997,0
9617,949,1941,1
9618,231,622,1
9619,3407,67,1
9620,3051,1911,1
9621,971,1267,0
9622,2980,27,1
9623,4146,780,0
9624,3193,1793,1
9625,854,809,1
9626,4017,1903,0
9627,4075,273,1
9628,776,118,1
9629,886,557,1
9630,444,1608,0
9631,26,405,1
9632,396,1527,1
9633,2142,1939,0
9634,4391,2073,0
9635,2297,72,1
9636,734,1284,0
9637,435,370,0
9638,4351,405,1
9639,78,460,1
9640,1981,1485,0
9641,473,114,1
9642,3345,618,0
9643,715,1189,0
9644,1142,364,1
9645,950,125,1
9646,344,1819,1
9647,1905,736,1
9648,1024,894,0
9649,1547,529,0
9650,425,14,1
9651,259,2142,0
9652,906,273,1
9653,895,380,1
9654,1608,1994,0
9655,3195,1559,0
9656,3670,131,1
9657,466,1107,1
9658,2219,1563,1
9659,4242,1100,1
9660,4052,49,0
9661,2352,1261,1
9662,3823,1565,0
9663,1461,390,1
9664,779,1286,0
9665,4412,1869,0
9666,3050,1866,0
9667,4080,1914,0
9668,1592,131,1
9669,2477,1644,1
9670,6,1280,1
9671,3238,666,1
9672,893,1505,1
9673,2523,1467,0
9674,139,29,1
9675,3627,1781,0
9676,964,1248,1
9677,1982,158,0
9678,544,35,1
9679,775,272,1
9680,305,1517,0
9681,2133,589,0
9682,3934,220,1
9683,4293,2001,0
9684,3568,804,1
9685,2689,914,1
9686,1157,1283,0
9687,1849,2017,1
9688,991,2001,0
9689,258,2049,1
9690,52,1212,1
9691,3397,184,0
9692,1021,880,0
9693,942,1190,0
9694,1003,138,1
9695,2087,286,1
9696,572,609,0
9697,4105,77,1
9698,4059,2019,1
9699,2487,350,1
9700,2592,236,1
9701,1165,94,1
9702,3989,308,0
9703,4106,507,1
9704,1255,1328,0
9705,2127,29,1
9706,213,1304,0
9707,810,69,1
9708,884,1802,1
9709,899,1781,1
9710,1621,1473,0
9711,2232,2152,0
9712,4086,2090,0
9713,1170,254,1
9714,768,479,1
9715,230,206,1
9716,486,1632,0
9717,2565,1160,0
9718,419,1623,0
9719,2821,757,1
9720,3079,1934,0
9721,2322,393,1
9722,3915,1814,0
9723,3116,1624,0
9724,1558,1070,1
9725,3206,375,1
9726,4410,440,0
9727,1913,1342,0
9728,4101,281,1
9729,3043,547,0
9730,357,514,0
9731,1201,29,1
9732,2470,195,1
9733,3709,1073,0
9734,655,914,1
9735,2081,440,0
9736,3547,83,1
9737,246,2136,1
9738,4405,1485,1
9739,624,469,1
9740,892,138,1
9741,3434,1115,0
9742,1147,1688,1
9743,2865,1921,0
9744,3411,1139,1
9745,3582,838,0
9746,655,479,1
9747,1765,2082,0
9748,3355,810,0
9749,411,1561,1
9750,1476,538,1
9751,1837,52,1
9752,3415,756,1
9753,2040,1712,0
9754,2602,2048,0
9755,2653,1523,0
9756,2834,1317,0
9757,158,758,0
9758,3643,616,0
9759,2985,1120,0
9760,1308,1132,1
9761,2982,405,1
9762,501,192,1
9763,3825,1449,0
9764,1016,949,0
9765,3210,77,1
9766,2665,1949,1
9767,3920,471,1
9768,1997,1102,0
9769,2451,1569,0
9770,3028,492,1
9771,52,1117,1
9772,1465,167,0
9773,1877,971,1
9774,1747,1078,1
9775,4374,1323,0
9776,10,29,1
9777,1645,77,1
9778,544,130,1
9779,1543,779,0
9780,1652,1015,0
9781,1836,114,0
9782,3642,953,0
9783,2722,2056,0
9784,3514,1900,1
9785,3611,337,0
9786,3828,248,1
9787,1833,1463,0
9788,407,525,1
9789,2098,425,0
9790,930,125,1
9791,3665,934,0
9792,151,557,1
9793,1139,1120,1
9794,649,914,1
9795,1681,1545,0
9796,2052,405,1
9797,2431,1383,0
9798,2139,1869,0
9799,4311,1752,0
9800,759,1092,1
9801,603,2081,0
9802,1964,1084,0
9803,3582,2051,0
9804,180,186,0
9805,3156,1113,1
9806,75,295,1
9807,4417,625,0
9808,207,1487,1
9809,3672,164,1
9810,2556,514,0
9811,742,1022,1
9812,2880,1947,0
9813,492,1442,1
9814,128,968,0
9815,229,244,1
9816,3855,1054,0
9817,1241,1764,0
9818,132,807,1
9819,1857,389,1
9820,3720,124,0
9821,4122,61,0
9822,3262,1727,0
9823,49,84,1
9824,4419,132,1
9825,3491,77,1
9826,1450,348,1
9827,1305,1285,1
9828,509,469,1
9829,977,757,1
9830,344,638,1
9831,904,699,1
9832,2702,2146,0
9833,4207,734,0
9834,455,1711,0
9835,2293,29,0
9836,2391,187,1
9837,236,2012,1
9838,2228,77,1
9839,1217,666,0
9840,1112,1189,1
9841,141,643,0
9842,1654,400,0
9843,151,87,1
9844,148,2132,0
9845,286,1588,1
9846,88,111,1
9847,1291,1072,0
9848,4375,2128,0
9849,3685,706,1
9850,3556,77,1
9851,1722,118,1
9852,329,1838,0
9853,2831,616,1
9854,4217,611,0
9855,587,759,1
9856,286,2040,1
9857,1479,1462,1
9858,1946,882,0
9859,1933,114,1
9860,1468,2021,0
9861,657,64,1
9862,1718,1656,1
9863,2732,1762,0
9864,3286,140,1
9865,1979,369,1
9866,207,960,1
9867,3241,1771,1
9868,3697,1266,0
9869,466,1091,1
9870,34,1771,0
9871,1131,901,1
9872,533,253,1
9873,2602,977,1
9874,1250,270,1
9875,2612,733,1
9876,3401,1579,1
9877,3142,273,1
9878,1765,730,0
9879,8,337,1
9880,3129,1350,0
9881,363,14,1
9882,1130,1209,1
9883,4290,56,1
9884,1164,1852,0
9885,294,195,1
9886,4425,206,1
9887,3651,1275,0
9888,4426,1167,0
9889,892,475,1
9890,87,57,0
9891,4192,103,1
9892,3292,822,1
9893,4180,177,1
9894,4370,1799,1
9895,2389,1341,0
9896,2435,375,1
9897,731,808,0
9898,2801,617,0
9899,4341,734,0
9900,2515,1961,0
9901,2274,431,1
9902,505,1428,1
9903,1304,351,0
9904,3776,1680,0
9905,3504,1687,0
9906,2610,810,0
9907,2206,152,1
9908,3320,984,0
9909,1394,1939,0
9910,4182,1464,1
9911,674,1761,1
9912,3258,59,0
9913,788,67,1
9914,127,118,1
9915,1751,90,0
9916,126,67,1
9917,1487,1202,0
9918,3013,593,0
9919,994,847,0
9920,4331,167,0
9921,2828,428,0
9922,2142,48,0
9923,1683,253,1
9924,188,29,1
9925,2162,1877,0
9926,372,777,0
9927,230,550,1
9928,1386,370,0
9929,246,147,1
9930,1664,77,1
9931,2540,1451,0
9932,2833,77,1
9933,773,680,0
9934,1732,14,1
9935,3006,804,0
9936,2506,273,1
9937,1178,164,0
9938,1481,1972,1
9939,765,118,1
9940,1260,938,0
9941,651,690,1
9942,615,637,0
9943,896,1183,0
9944,1662,197,1
9945,4273,1667,0
9946,147,347,1
9947,1623,1982,0
9948,544,185,1
9949,430,2101,0
9950,2273,77,1
9951,544,194,1
9952,311,906,1
9953,3931,1358,1
9954,4273,1188,0
9955,835,1732,0
9956,32,52,1
9957,2641,41,0
9958,4283,2177,0
9959,1737,84,1
9960,1722,2079,0
9961,2229,29,1
9962,2881,289,0
9963,787,27,1
9964,2290,1208,1
9965,3751,313,0
9966,3708,3,1
9967,153,189,1
9968,1793,567,0
9969,87,2091,0
9970,3606,2043,0
9971,53,1951,0
9972,3873,77,1
9973,3962,273,1
9974,237,1608,0
9975,344,237,1
9976,3803,216,1
9977,271,1175,1
9978,2720,1845,0
9979,1980,41,1
9980,44,1862,0
9981,3088,744,1
9982,2821,1204,1
9983,4428,819,0
9984,2226,697,0
9985,4184,157,0
9986,106,1380,0
9987,567,264,0
9988,349,132,1
9989,395,206,1
9990,3178,55,0
9991,1200,1939,0
9992,873,1760,0
9993,3963,1395,0
9994,1527,2014,0
9995,451,865,0
9996,2572,1058,0
9997,3006,1127,0
9998,558,281,1
9999,3984,701,0
10000,4115,1788,0
10001,642,433,1
10002,2878,14,1
10003,916,2089,1
10004,4430,1432,0
10005,1084,1732,1
10006,2772,722,1
10007,598,769,0
10008,3526,714,0
10009,537,1709,0
10010,4415,2122,0
10011,1440,538,1
10012,501,1924,0
10013,3193,1004,1
10014,2011,1070,1
10015,4295,1166,0
10016,230,237,1
10017,2071,405,1
10018,1879,77,1
10019,808,528,1
10020,2554,1629,0
10021,2558,49,0
10022,2028,2034,0
10023,1668,257,1
10024,1824,911,1
10025,1098,1528,0
10026,365,1876,0
10027,2690,954,0
10028,3317,485,0
10029,2832,1032,0
10030,994,52,1
10031,2398,524,1
10032,541,4,0
10033,2175,1587,0
10034,1190,1350,0
10035,2703,1500,0
10036,2665,527,1
10037,3742,28,0
10038,559,3,1
10039,185,189,1
10040,3952,429,1
10041,3829,248,0
10042,2833,777,1
10043,4432,1995,1
10044,2706,152,0
10045,1226,509,0
10046,2055,77,1
10047,4402,64,0
10048,1539,2018,0
10049,631,108,1
10050,4039,2081,0
10051,4202,405,1
10052,3618,1925,0
10053,3661,1750,1
10054,1997,229,0
10055,1757,393,1
10056,872,1600,0
10057,4433,683,1
10058,740,690,1
10059,3122,721,0
10060,1705,654,0
10061,1808,77,1
10062,579,1401,0
10063,469,1890,1
10064,3388,86,1
10065,2780,1245,0
10066,3132,2064,0
10067,274,118,1
10068,4122,451,1
10069,2625,414,0
10070,443,733,1
10071,4237,240,0
10072,2273,118,1
10073,3099,281,1
10074,3766,686,1
10075,3562,2045,0
10076,2161,935,1
10077,3281,1924,0
10078,3934,1161,0
10079,812,1725,1
10080,3849,736,0
10081,193,698,0
10082,4221,16,0
10083,1962,345,0
10084,2677,2137,0
10085,2665,1430,0
10086,2617,405,1
10087,2087,1266,1
10088,614,847,0
10089,183,2049,1
10090,1954,87,1
10091,3435,1199,0
10092,1559,93,0
10093,3982,1630,1
10094,1485,1271,1
10095,1067,1274,1
10096,4080,507,1
10097,1286,1637,0
10098,1312,339,1
10099,1005,14,1
10100,2242,14,1
10101,1450,185,1
10102,2248,1709,0
10103,2563,443,1
10104,2751,4,0
10105,166,185,1
10106,512,1709,1
10107,3136,1491,1
10108,3106,701,0
10109,1900,314,0
10110,3873,425,0
10111,4410,84,1
10112,2003,1644,0
10113,66,608,1
10114,2808,559,0
10115,4234,2133,0
10116,3670,586,0
10117,103,189,1
10118,1654,126,0
10119,3804,1702,0
10120,1944,865,1
10121,1436,1358,1
10122,2423,1688,0
10123,2605,290,1
10124,319,131,0
10125,2903,1951,0
10126,290,776,0
10127,3258,122,1
10128,3491,103,1
10129,251,689,1
10130,3943,64,0
10131,1317,569,0
10132,2265,1219,0
10133,3892,124,0
10134,968,393,1
10135,171,14,1
10136,3155,753,0
10137,2088,76,0
10138,3773,1153,0
10139,1981,514,0
10140,1469,747,0
10141,1827,514,0
10142,4016,388,0
10143,2297,606,0
10144,3173,814,0
10145,2985,1740,0
10146,2006,94,0
10147,1310,1941,1
10148,4238,1696,0
10149,434,77,1
10150,4061,157,1
10151,4426,571,1
10152,2394,630,1
10153,804,388,0
10154,1208,236,0
10155,3853,2071,0
10156,496,1561,0
10157,4201,1312,1
10158,343,756,0
10159,4390,214,1
10160,2240,77,1
10161,2782,492,0
10162,190,1140,0
10163,2917,1726,0
10164,2844,1140,0
10165,374,27,1
10166,613,15,1
10167,1300,492,0
10168,1126,1982,0
10169,2381,936,0
10170,419,362,0
10171,3412,1322,0
10172,76,14,1
10173,2947,1915,0
10174,4288,1209,0
10175,3847,11,1
10176,3118,327,1
10177,2198,560,1
10178,4180,1645,0
10179,1206,1762,0
10180,2909,77,1
10181,1294,390,1
10182,919,1748,0
10183,678,551,0
10184,638,295,1
10185,1760,1349,0
10186,1919,1559,0
10187,75,136,1
10188,140,914,0
10189,2423,1249,0
10190,2250,525,0
10191,949,951,1
10192,3125,218,0
10193,2588,253,0
10194,1909,499,1
10195,1011,809,0
10196,3945,1672,1
10197,2999,257,1
10198,2925,326,1
10199,3310,17,1
10200,404,1647,0
10201,2827,696,0
10202,2937,1897,0
10203,1455,1211,0
10204,625,476,0
10205,735,72,1
10206,2925,1120,0
10207,2315,317,0
10208,75,277,1
10209,2632,2051,0
10210,868,1370,0
10211,593,2015,0
10212,2136,350,0
10213,471,1103,0
10214,413,1012,1
10215,766,893,0
10216,696,27,1
10217,276,501,0
10218,1965,360,0
10219,126,1039,0
10220,991,343,0
10221,2996,1655,0
10222,2853,917,1
10223,1158,153,0
10224,2523,1031,1
10225,2938,929,0
10226,135,1730,1
10227,2014,631,0
10228,344,52,1
10229,3292,429,1
10230,1374,14,1
10231,3335,1277,0
10232,226,356,1
10233,2272,77,1
10234,3004,1573,0
10235,3437,1594,0
10236,1078,1181,1
10237,2839,118,1
10238,1657,656,0
10239,3713,1692,0
10240,598,532,1
10241,90,77,1
10242,1081,381,0
10243,958,2017,0
10244,539,158,0
10245,2598,339,1
10246,3748,654,0
10247,1369,77,1
10248,3464,1314,0
10249,3841,714,1
10250,2702,653,0
10251,1463,77,1
10252,1323,14,1
10253,3697,756,1
10254,3483,1428,1
10255,1747,776,1
10256,2964,471,0
10257,1450,660,0
10258,2019,350,1
10259,692,335,0
10260,2286,1938,0
10261,1871,1386,0
10262,4438,1248,1
10263,2866,356,1
10264,1661,2141,0
10265,2298,273,1
10266,1814,103,1
10267,832,1579,0
10268,3758,218,1
10269,376,1443,0
10270,1259,1618,0
10271,3676,1283,0
10272,2914,1890,0
10273,1036,1181,1
10274,4055,507,1
10275,3278,204,0
10276,1922,581,0
10277,1055,347,1
10278,3570,375,1
10279,151,1903,1
10280,309,206,1
10281,2058,184,0
10282,1978,1154,0
10283,3230,186,1
10284,4092,104,0
10285,628,1602,0
10286,1646,1139,1
10287,1079,428,0
10288,3156,339,0
10289,4295,1886,0
10290,3315,637,0
10291,1424,72,1
10292,1089,445,0
10293,215,144,0
10294,1586,273,1
10295,2257,1967,0
10296,847,185,1
10297,3073,1349,1
10298,1714,1446,1
10299,3440,1321,0
10300,180,1025,0
10301,2018,929,0
10302,2165,672,0
10303,8,387,0
10304,82,3,1
10305,590,29,1
10306,1570,1758,0
10307,897,1097,1
10308,3822,396,1
10309,699,27,1
10310,1427,2029,1
10311,2567,212,0
10312,1590,84,1
10313,796,1281,0
10314,996,2018,0
10315,1924,195,1
10316,3973,48,0
10317,996,214,1
10318,1136,955,1
10319,3998,92,0
10320,2173,1115,1
10321,801,2084,0
10322,3258,94,1
10323,2808,369,0
10324,3934,1038,1
10325,1403,84,1
10326,3411,1821,0
10327,808,1154,1
10328,638,538,1
10329,2638,90,1
10330,2801,38,1
10331,2477,1300,0
10332,3393,84,0
10333,75,185,1
10334,553,77,1
10335,406,1007,1
10336,3228,184,0
10337,1728,634,0
10338,55,339,1
10339,1798,1019,0
10340,3032,1897,1
10341,814,412,0
10342,4283,405,1
10343,519,1284,1
10344,24,957,0
10345,2444,917,1
10346,2471,67,1
10347,2039,979,1
10348,2287,186,1
10349,3474,351,0
10350,2253,438,0
10351,4443,314,1
10352,10,254,1
10353,838,713,0
10354,1953,18,1
10355,3652,1542,1
10356,1155,388,0
10357,75,55,1
10358,3973,287,0
10359,3173,2027,0
10360,4180,261,0
10361,1981,1598,0
10362,4396,1002,0
10363,1375,1757,0
10364,859,14,1
10365,1765,884,1
10366,1390,657,0
10367,1780,1764,0
10368,1084,27,1
10369,3172,1002,1
10370,756,2105,0
10371,927,496,0
10372,3068,469,1
10373,980,94,1
10374,2955,1255,0
10375,2477,869,0
10376,836,2102,0
10377,553,14,1
10378,2819,1059,0
10379,2418,760,0
10380,885,433,0
10381,1750,676,1
10382,2154,949,0
10383,2080,1501,0
10384,1615,1248,1
10385,1439,1872,0
10386,2795,204,1
10387,2261,2079,0
10388,4090,2160,0
10389,3792,2049,0
10390,2980,77,1
10391,3730,779,1
10392,2702,827,0
10393,3694,1115,0
10394,1102,636,0
10395,1240,81,0
10396,730,390,1
10397,4299,1857,0
10398,3407,1524,0
10399,2198,77,1
10400,1589,240,1
10401,335,347,1
10402,892,118,1
10403,389,480,1
10404,314,1961,0
10405,271,77,1
10406,3662,981,1
10407,1036,278,1
10408,1990,77,1
10409,3271,840,0
10410,4445,1574,1
10411,662,653,1
10412,890,2168,0
10413,778,108,0
10414,916,337,1
10415,383,509,0
10416,3694,480,1
10417,2747,111,1
10418,2139,316,0
10419,1079,164,1
10420,1455,18,1
10421,759,1532,0
10422,85,1490,0
10423,2633,972,1
10424,1518,652,0
10425,4315,2109,0
10426,1022,469,1
10427,393,111,1
10428,629,558,0
10429,4218,253,1
10430,320,4,0
10431,1290,1703,0
10432,2349,270,1
10433,737,914,1
10434,2242,29,1
10435,141,876,1
10436,501,624,0
10437,1850,1325,0
10438,2704,427,1
10439,994,2086,0
10440,3531,14,1
10441,2515,1490,0
10442,456,324,0
10443,3908,164,1
10444,2523,1036,1
10445,2653,88,1
10446,1112,190,0
10447,3088,2174,0
10448,824,193,0
10449,2836,634,0
10450,496,1727,0
10451,1158,1938,1
10452,884,1180,1
10453,3436,1132,1
10454,2294,29,1
10455,3402,111,1
10456,4315,719,1
10457,490,1524,0
10458,777,1665,1
10459,2785,77,1
10460,3199,446,0
10461,1712,2085,0
10462,1456,971,0
10463,3908,757,0
10464,1884,52,1
10465,1768,27,1
10466,221,206,1
10467,772,499,0
10468,2175,58,1
10469,1375,674,0
10470,3016,699,0
10471,591,481,0
10472,571,1079,0
10473,309,254,1
10474,4446,972,1
10475,425,77,1
10476,2932,7,0
10477,2031,154,0
10478,3697,624,0
10479,794,77,1
10480,3078,917,0
10481,665,77,1
10482,4447,2010,1
10483,1901,663,0
10484,1430,18,1
10485,3663,2177,0
10486,1944,1418,0
10487,2835,2130,0
10488,286,392,1
10489,2976,1384,1
10490,50,139,0
10491,1156,72,1
10492,3135,446,0
10493,1425,890,0
10494,4448,1039,0
10495,3350,94,1
10496,1160,974,0
10497,2661,1861,0
10498,3181,1177,0
10499,995,914,0
10500,335,638,1
10501,1044,480,1
10502,2517,396,1
10503,648,1092,1
10504,2931,457,0
10505,2268,1451,1
10506,885,1239,1
10507,729,77,1
10508,1213,27,1
10509,2167,290,1
10510,949,946,1
10511,420,1880,0
10512,453,680,0
10513,1796,1266,0
10514,1268,1190,0
10515,3719,428,1
10516,1672,2099,1
10517,153,998,1
10518,1686,2032,1
10519,2811,542,0
10520,653,1377,0
10521,1579,507,0
10522,207,205,1
10523,2290,2147,0
10524,3790,1795,0
10525,2594,479,1
10526,2706,342,0
10527,2932,268,1
10528,2580,683,0
10529,3240,1425,1
10530,2929,499,1
10531,2200,87,1
10532,2305,103,0
10533,521,277,0
10534,1509,203,0
10535,1500,92,1
10536,3667,1255,0
10537,1233,1988,0
10538,185,77,1
10539,904,238,0
10540,2148,111,1
10541,873,192,1
10542,1737,281,1
10543,1786,722,0
10544,1031,849,1
10545,550,979,0
10546,1508,913,1
10547,4449,396,1
10548,2259,1019,0
10549,948,332,1
10550,1376,759,1
10551,3295,981,1
10552,153,278,1
10553,1065,2019,0
10554,726,1311,0
10555,3658,1415,0
10556,773,103,1
10557,1159,875,1
10558,4119,1659,0
10559,256,1495,1
10560,73,204,1
10561,3305,2179,0
10562,1031,13,1
10563,1182,890,0
10564,479,111,1
10565,425,67,1
10566,3041,2018,0
10567,4336,1121,0
10568,2427,1077,1
10569,2322,1328,0
10570,2985,253,1
10571,1928,1579,1
10572,2298,27,0
10573,3070,807,1
10574,2546,14,1
10575,3601,2062,0
10576,502,1692,1
10577,650,73,0
10578,588,865,0
10579,1939,1608,0
10580,3994,1624,0
10581,963,118,1
10582,3547,1344,0
10583,2475,1358,1
10584,3118,1022,1
10585,786,1451,0
10586,2333,1275,0
10587,31,734,0
10588,1590,52,1
10589,2585,1178,1
10590,1293,147,0
10591,2225,1816,0
10592,120,1211,1
10593,2032,1858,0
10594,794,192,1
10595,123,206,1
10596,123,538,1
10597,2944,1870,0
10598,566,1008,0
10599,1265,922,1
10600,608,1596,0
10601,452,29,1
10602,1144,1389,0
10603,3407,1139,1
10604,2491,147,1
10605,869,2094,0
10606,3860,174,1
10607,1271,482,0
10608,2867,875,0
10609,1582,746,0
10610,2736,1102,1
10611,1156,479,1
10612,2749,1706,0
10613,1909,810,1
10614,1919,558,1
10615,1308,813,0
10616,3877,1101,0
10617,2374,29,1
10618,2074,619,0
10619,73,103,1
10620,116,1100,1
10621,1728,357,1
10622,507,2105,0
10623,4359,719,0
10624,3783,246,0
10625,1091,77,1
10626,2498,1140,0
10627,1940,52,1
10628,2244,879,0
10629,1780,77,1
10630,4277,2103,0
10631,4037,244,1
10632,856,77,1
10633,572,58,0
10634,1109,92,0
10635,4147,1551,0
10636,1801,861,0
10637,1144,1732,1
10638,4281,616,1
10639,548,114,0
10640,1877,393,0
10641,1756,405,1
10642,995,1417,0
10643,2821,1007,1
10644,52,1992,1
10645,4058,14,1
10646,826,1130,1
10647,3347,1167,1
10648,1641,1643,0
10649,2190,356,1
10650,754,1687,0
10651,3369,1688,0
10652,4,1362,0
10653,4452,1919,0
10654,1158,685,1
10655,437,111,1
10656,195,774,1
10657,968,2162,0
10658,1513,88,1
10659,221,809,1
10660,2765,1044,0
10661,4312,273,1
10662,44,189,1
10663,3696,2168,0
10664,2821,67,1
10665,2352,731,1
10666,2050,1953,0
10667,501,194,1
10668,1440,14,1
10669,2475,168,1
10670,75,390,1
10671,2372,2032,0
10672,873,620,0
10673,2431,187,0
10674,2397,301,0
10675,2088,118,1
10676,3100,621,0
10677,3610,1797,1
10678,526,81,0
10679,153,2005,0
10680,2814,104,0
10681,2571,1015,0
10682,2678,1414,0
10683,4238,716,1
10684,3002,1954,0
10685,413,981,1
10686,4453,708,0
10687,2913,1378,0
10688,583,860,1
10689,3181,592,1
10690,3528,1090,0
10691,2306,38,0
10692,1487,87,1
10693,1238,111,1
10694,286,935,1
10695,3926,20,0
10696,3907,405,1
10697,4455,375,1
10698,509,347,1
10699,1414,94,1
10700,3407,128,1
10701,1021,1101,0
10702,1291,10,1
10703,3533,194,0
10704,2252,14,1
10705,2996,240,1
10706,285,77,1
10707,330,2134,0
10708,779,92,1
10709,3825,954,1
10710,185,402,1
10711,530,1951,1
10712,13,67,1
10713,156,11,1
10714,3512,690,1
10715,3254,559,0
10716,1099,699,0
10717,4290,1576,0
10718,236,683,1
10719,795,1765,0
10720,1679,1816,0
10721,1440,964,0
10722,78,332,1
10723,1924,77,1
10724,651,1155,0
10725,2292,1204,1
10726,96,339,1
10727,1170,52,1
10728,2709,307,1
10729,813,1415,0
10730,3406,1158,0
10731,4456,76,0
10732,4363,1955,0
10733,1290,118,1
10734,90,538,1
10735,1435,157,1
10736,786,479,1
10737,1547,946,0
10738,1129,1415,1
10739,337,1381,0
10740,2025,2151,0
10741,165,278,1
10742,2466,77,1
10743,197,533,0
10744,2315,1175,0
10745,195,689,1
10746,1099,55,1
10747,3599,957,0
10748,2279,660,0
10749,747,289,0
10750,1747,533,1
10751,4302,1925,0
10752,230,195,1
10753,4216,946,0
10754,1913,484,0
10755,2297,77,1
10756,3153,889,1
10757,633,1451,1
10758,4120,557,0
10759,2931,28,0
10760,607,745,0
10761,4263,253,1
10762,3182,427,0
10763,4304,360,0
10764,808,1908,0
10765,3091,666,1
10766,1592,197,1
10767,1638,1141,1
10768,2226,1793,0
10769,3994,69,0
10770,982,1228,1
10771,3785,185,0
10772,1376,1031,0
10773,52,1268,1
10774,2165,965,1
10775,1082,476,0
10776,147,335,0
10777,4403,2002,0
10778,407,1626,0
10779,383,23,1
10780,2905,847,1
10781,4243,1491,1
10782,1915,77,1
10783,949,2054,1
10784,32,136,1
10785,4300,77,1
10786,1111,1967,0
10787,3174,575,0
10788,2000,1745,1
10789,3171,425,1
10790,371,31,1
10791,1099,2130,0
10792,1538,115,0
10793,2105,118,1
10794,1494,1277,0
10795,4037,1949,0
10796,2590,491,1
10797,2482,686,1
10798,4119,479,0
10799,2413,128,1
10800,3645,941,0
10801,4160,1773,0
10802,2340,1095,0
10803,3037,1137,0
10804,230,339,1
10805,1862,930,0
10806,148,550,1
10807,1952,1265,1
10808,4119,2057,0
10809,3261,212,0
10810,183,1186,1
10811,443,908,0
10812,4316,381,1
10813,1826,1805,0
10814,826,1594,1
10815,98,189,1
10816,1313,14,1
10817,4017,1401,0
10818,1769,1249,0
10819,3367,21,0
10820,2134,357,0
10821,603,112,0
10822,252,440,0
10823,3211,129,0
10824,4448,1363,0
10825,3899,278,0
10826,3299,1323,0
10827,1003,845,0
10828,3571,15,0
10829,2660,1554,0
10830,1099,52,1
10831,656,281,1
10832,1300,125,1
10833,1056,14,1
10834,2274,1057,0
10835,1130,634,1
10836,1827,2086,0
10837,371,1943,1
10838,3087,1954,0
10839,1518,87,1
10840,4312,1756,0
10841,3750,77,1
10842,2182,1139,0
10843,2297,1625,0
10844,2662,25,0
10845,274,224,0
10846,2416,716,1
10847,2335,114,1
10848,729,27,1
10849,1555,616,1
10850,1733,1270,0
10851,2308,514,0
10852,2493,1019,0
10853,2386,27,1
10854,123,1983,0
10855,2269,665,1
10856,1993,1521,1
10857,525,992,0
10858,2084,1944,1
10859,1590,914,1
10860,1112,1395,1
10861,3406,2147,0
10862,916,130,1
10863,752,791,1
10864,3574,1950,1
10865,4321,1262,0
10866,650,561,0
10867,4001,516,0
10868,1940,339,1
10869,3873,1692,0
10870,2477,14,1
10871,1976,215,0
10872,413,94,1
10873,83,27,1
10874,2612,14,1
10875,4278,1752,0
10876,3752,779,0
10877,1656,842,0
10878,2612,87,1
10879,1818,690,0
10880,3284,86,0
10881,3123,1277,0
10882,4453,525,0
10883,2389,77,1
10884,2664,1120,0
10885,310,170,0
10886,1075,550,1
10887,1778,1732,1
10888,3355,1854,0
10889,380,1679,0
10890,770,67,1
10891,4052,103,1
10892,1443,1395,0
10893,1626,816,0
10894,1188,67,1
10895,1355,2172,0
10896,3278,972,0
10897,441,140,0
10898,1330,1366,0
10899,4310,1112,0
10900,2970,316,0
10901,2944,649,1
10902,938,586,0
10903,1787,1344,1
10904,4044,244,1
10905,1034,1802,0
10906,36,1783,0
10907,897,1294,1
10908,1142,1936,1
10909,542,1983,0
10910,2394,763,0
10911,2192,1962,0
10912,1688,1275,1
10913,3649,1015,0
10914,2446,77,1
10915,1812,14,1
10916,599,502,0
10917,3996,1443,0
10918,794,998,1
10919,1686,650,0
10920,4307,605,0
10921,3049,114,1
10922,1562,77,1
10923,1129,1624,1
10924,3125,266,1
10925,428,557,1
10926,1778,77,1
10927,1571,804,0
10928,1787,807,1
10929,1716,571,0
10930,109,218,1
10931,3155,90,1
10932,2083,653,1
10933,1374,525,1
10934,396,29,1
10935,2187,347,1
10936,1927,1483,1
10937,4098,405,1
10938,2142,64,1
10939,3359,41,0
10940,3776,48,1
10941,2877,974,0
10942,4136,704,0
10943,1127,77,1
10944,813,1656,1
10945,193,214,1
10946,2186,2133,0
10947,530,1492,0
10948,623,2128,1
10949,4112,1949,0
10950,141,131,1
10951,4374,510,0
10952,4048,137,1
10953,2392,195,1
10954,4065,438,1
10955,1577,963,0
10956,2111,1139,0
10957,3161,550,1
10958,3267,1819,0
10959,3591,1697,0
10960,1084,237,1
10961,1801,1151,1
10962,3693,2136,0
10963,1577,507,1
10964,3871,1989,0
10965,1501,1428,1
10966,1033,1358,1
10967,857,699,0
10968,1070,177,1
10969,342,858,0
10970,1854,1255,1
10971,224,58,1
10972,2556,27,1
10973,1480,1072,0
10974,2016,2022,0
10975,374,339,1
10976,6,29,1
10977,3366,1111,1
10978,1109,1361,0
10979,1619,257,0
10980,1084,1598,0
10981,3179,1353,0
10982,2560,1286,0
10983,1660,1141,0
10984,211,402,1
10985,4014,1624,0
10986,635,1515,1
10987,253,220,1
10988,182,1041,1
10989,166,402,1
10990,2909,1273,0
10991,2544,1846,0
10992,3958,630,1
10993,966,1259,1
10994,108,1950,0
10995,2665,675,1
10996,374,1951,0
10997,1688,14,1
10998,57,125,1
10999,2216,1917,0
11000,638,84,1
11001,3586,103,1
11002,3789,1177,1
11003,2638,125,1
11004,1850,96,0
11005,1381,1595,1
11006,2029,77,1
11007,107,2130,1
11008,3582,2018,0
11009,2665,1863,0
11010,3180,911,0
11011,3005,1862,0
11012,2142,557,1
11013,1461,10,1
11014,1386,77,1
11015,221,1239,1
11016,2385,1451,1
11017,4096,414,0
11018,2104,1696,1
11019,128,29,1
11020,1052,634,1
11021,177,1853,0
11022,1178,993,0
11023,346,67,1
11024,3173,387,1
11025,792,147,1
11026,827,347,0
11027,4162,1756,0
11028,1968,1738,0
11029,917,848,1
11030,3373,204,1
11031,3869,1413,0
11032,3597,1209,1
11033,3188,1644,0
11034,1310,836,0
11035,4349,198,0
11036,4006,894,1
11037,1098,1219,0
11038,3463,1188,0
11039,4383,713,0
11040,648,516,0
11041,2240,118,1
11042,1075,1448,0
11043,2531,111,1
11044,668,192,1
11045,3670,638,1
11046,637,650,0
11047,1062,14,1
11048,4177,438,0
11049,290,1938,0
11050,1219,390,1
11051,2723,485,0
11052,1870,29,1
11053,3709,753,0
11054,2598,573,0
11055,1294,807,1
11056,3141,44,0
11057,1737,3,1
11058,4466,1335,0
11059,3627,380,0
11060,4192,1587,1
11061,1618,77,1
11062,921,72,1
11063,884,456,1
11064,372,1674,0
11065,449,14,0
11066,2985,4,0
11067,271,1007,1
11068,3429,290,0
11069,2297,475,1
11070,3874,760,0
11071,1879,1007,1
11072,4046,644,0
11073,704,1294,1
11074,428,332,1
11075,872,405,1
11076,3029,953,0
11077,248,1270,0
11078,3862,1988,0
11079,3734,1101,0
11080,3217,2002,0
11081,2756,253,1
11082,3181,1295,0
11083,547,611,0
11084,884,392,0
11085,21,2176,1
11086,1154,509,1
11087,757,1096,0
11088,3281,1707,0
11089,3310,118,1
11090,2264,406,0
11091,792,237,1
11092,1622,210,0
11093,2743,1290,0
11094,3900,113,0
11095,1103,1481,0
11096,3494,1488,0
11097,1482,1248,0
11098,4132,1248,1
11099,4215,2084,1
11100,294,669,0
11101,1032,111,1
11102,1076,1589,0
11103,3601,77,1
11104,141,254,1
11105,1946,3,0
11106,2355,1437,0
11107,4417,429,1
11108,2946,226,0
11109,686,1687,0
11110,1461,254,1
11111,2980,1752,0
11112,4231,45,0
11113,3360,1696,0
11114,869,1593,0
11115,547,1212,0
11116,2604,1139,0
11117,2333,664,0
11118,3474,1832,0
11119,2081,67,1
11120,542,494,0
11121,1286,235,1
11122,2983,1756,0
11123,4354,677,1
11124,1485,1190,0
11125,346,1081,1
11126,2949,1286,0
11127,4467,2164,0
11128,3148,897,1
11129,53,509,0
11130,2173,197,1
11131,2017,471,1
11132,3376,634,0
11133,1833,1491,0
11134,3683,221,1
11135,112,835,0
11136,3247,889,0
11137,3473,2036,1
11138,3307,506,0
11139,931,981,1
11140,1454,197,1
11141,2976,332,0
11142,4282,685,0
11143,1569,29,1
11144,420,278,1
11145,792,281,1
11146,44,550,1
11147,564,462,1
11148,3665,1020,0
11149,4429,1626,0
11150,1300,52,1
11151,1608,1251,0
11152,714,875,1
11153,4160,677,1
11154,3759,656,1
11155,4469,405,1
11156,2518,2084,0
11157,47,111,1
11158,832,1398,0
11159,1041,87,1
11160,694,29,1
11161,1240,46,0
11162,192,18,1
11163,4141,995,1
11164,4470,1209,1
11165,3330,1465,1
11166,1176,934,0
11167,2052,2017,0
11168,801,77,1
11169,3284,2157,0
11170,167,1472,0
11171,3805,638,0
11172,106,77,1
11173,1799,1438,0
11174,1220,1270,0
11175,1379,695,0
11176,4331,533,0
11177,32,254,1
11178,1487,67,1
11179,271,1377,0
11180,109,2151,1
11181,1472,1461,0
11182,958,1647,0
11183,1036,2001,0
11184,1089,1339,1
11185,3936,77,1
11186,141,27,1
11187,519,1644,1
11188,2889,1039,0
11189,3187,1151,0
11190,2016,999,0
11191,20,1248,1
11192,4025,1255,1
11193,3243,1248,1
11194,363,229,1
11195,2040,27,1
11196,123,726,1
11197,2985,431,1
11198,3412,1836,1
11199,964,2176,0
11200,747,771,0
11201,731,350,1
11202,1030,469,1
11203,1720,934,0
11204,3329,1353,0
11205,2369,164,0
11206,10,206,1
11207,1080,1943,0
11208,874,1982,0
11209,1992,591,0
11210,4281,1395,0
11211,3004,122,0
11212,642,281,1
11213,501,130,1
11214,966,1950,1
11215,685,257,0
11216,2519,1656,0
11217,2005,14,1
11218,1070,182,0
11219,3310,1007,1
11220,2885,152,1
11221,992,206,1
11222,3843,490,0
11223,794,194,1
11224,47,771,1
11225,2240,72,1
11226,49,69,1
11227,2720,351,0
11228,363,67,1
11229,4406,1620,0
11230,794,981,1
11231,4354,119,0
11232,896,14,1
11233,638,147,1
11234,1199,2062,0
11235,180,18,1
11236,580,48,0
11237,544,1018,1
11238,284,118,1
11239,413,1121,1
11240,799,474,0
11241,1834,911,1
11242,2352,841,0
11243,1957,1573,0
11244,453,189,1
11245,3437,1298,1
11246,3887,325,0
11247,3274,2133,0
11248,631,1917,1
11249,542,164,1
11250,2947,463,0
11251,2485,2139,0
11252,522,1880,0
11253,942,727,0
11254,1683,1611,0
11255,4472,296,0
11256,3407,1582,0
11257,1884,136,1
11258,2022,81,0
11259,258,67,1
11260,2538,516,0
11261,179,77,1
11262,236,1464,1
11263,2821,875,1
11264,1224,1872,0
11265,2318,885,0
11266,2252,1546,0
11267,1148,984,0
11268,3603,132,1
11269,2242,1186,0
11270,2328,1637,0
11271,2539,804,0
11272,902,70,0
11273,4225,760,0
11274,1321,1312,0
11275,367,252,0
11276,840,1007,1
11277,196,17,0
11278,3783,214,1
11279,1569,67,1
11280,910,516,0
11281,412,229,1
11282,651,96,1
11283,2549,1819,1
11284,1862,1608,0
11285,3267,1951,0
11286,103,324,0
11287,802,1225,0
11288,4474,18,1
11289,3886,1867,1
11290,2229,72,1
11291,2386,288,0
11292,4110,307,1
11293,3437,1177,1
11294,4000,1626,0
11295,992,759,0
11296,1003,29,1
11297,3750,1031,0
11298,335,206,1
11299,951,2053,0
11300,4060,836,0
11301,1076,781,1
11302,3960,1536,0
11303,294,981,1
11304,1109,907,0
11305,346,1869,0
11306,772,557,1
11307,607,1448,0
11308,124,759,0
11309,3886,1797,0
11310,161,938,1
11311,1712,1358,1
11312,840,118,1
11313,2848,821,0
11314,137,48,0
11315,3195,114,1
11316,1832,726,0
11317,3388,16,1
11318,385,278,1
11319,962,1715,1
11320,2308,930,0
11321,2946,557,1
11322,1341,942,1
11323,3461,897,0
11324,778,1948,1
11325,2306,1975,0
11326,2073,1836,0
11327,4100,1040,1
11328,1369,283,0
11329,888,1177,1
11330,4002,675,1
11331,3414,1663,0
11332,893,2112,1
11333,1379,656,0
11334,4146,1401,0
11335,588,77,1
11336,4168,1861,0
11337,888,808,1
11338,346,29,1
11339,4064,1219,0
11340,76,1380,1
11341,4297,1660,0
11342,76,3,1
11343,2006,54,0
11344,1320,2126,1
11345,1809,690,1
11346,184,834,0
11347,858,2133,0
11348,2668,1991,1
11349,1142,64,0
11350,798,1725,0
11351,933,192,0
11352,755,77,1
11353,1611,1047,0
11354,2576,54,1
11355,469,1599,1
11356,82,1854,0
11357,247,913,0
11358,428,29,1
11359,3566,1026,0
11360,1158,1486,1
11361,2966,29,0
11362,2379,1804,0
11363,1249,675,1
11364,131,1942,0
11365,3823,1311,0
11366,1710,876,1
11367,3556,29,1
11368,3974,281,1
11369,1917,19,1
11370,906,1853,0
11371,166,727,1
11372,2374,1239,0
11373,1807,2095,0
11374,4264,1839,0
11375,271,510,0
11376,2882,376,0
11377,2612,1442,0
11378,8,998,1
11379,448,369,1
11380,134,1618,0
11381,3998,1752,1
11382,892,550,1
11383,2952,1915,0
11384,2928,638,1
11385,4017,1132,1
11386,2164,235,0
11387,1158,162,1
11388,3692,686,1
11389,2839,77,1
11390,704,846,1
11391,3692,389,0
11392,103,550,1
11393,1646,128,1
11394,689,1160,0
11395,448,637,1
11396,1854,2051,0
11397,4285,560,1
11398,678,1054,0
11399,3313,281,1
11400,371,1964,1
11401,3220,1483,0
11402,4475,2128,0
11403,1660,685,0
11404,66,1816,0
11405,2807,90,1
11406,3000,2006,0
11407,934,1560,0
11408,3720,1444,0
11409,3529,164,1
11410,2104,814,0
11411,20,555,0
11412,2794,373,0
11413,107,635,1
11414,1712,555,0
11415,1226,114,1
11416,996,75,0
11417,53,1228,1
11418,3736,141,0
11419,2257,443,1
11420,794,90,1
11421,642,52,1
11422,521,277,0
11423,987,1322,0
11424,4128,1563,0
11425,2206,959,0
11426,623,1053,0
11427,443,135,1
11428,899,2101,1
11429,1927,1132,1
11430,735,1796,1
11431,512,1732,1
11432,1958,1938,0
11433,632,384,0
11434,4301,375,1
11435,699,676,0
11436,521,1228,0
11437,1249,1250,0
11438,807,1140,1
11439,651,92,1
11440,3685,2103,0
11441,4199,2049,0
11442,730,237,1
11443,401,77,1
11444,374,1419,0
11445,1661,602,0
11446,2928,981,1
11447,230,125,1
11448,2751,1757,0
11449,3637,131,1
11450,2332,2159,1
11451,780,1709,1
11452,2348,984,0
11453,949,167,1
11454,3929,40,0
11455,315,189,1
11456,4063,1170,0
11457,406,72,1
11458,2500,111,1
11459,2682,1746,1
11460,1136,67,1
11461,475,254,1
11462,211,189,1
11463,642,147,1
11464,4277,329,0
11465,195,733,1
11466,512,118,1
11467,2928,412,1
11468,804,257,0
11469,2686,1132,0
11470,3946,1118,0
11471,90,195,1
11472,145,1290,0
11473,1939,1384,0
11474,3844,1543,0
11475,2139,337,0
11476,2012,557,0
11477,49,136,1
11478,519,53,0
11479,1762,589,0
11480,641,636,0
11481,952,589,0
11482,3473,1599,0
11483,1073,1982,0
11484,2692,1646,0
11485,3340,1800,0
11486,1791,59,1
11487,4017,1308,0
11488,481,1040,0
11489,1455,1725,1
11490,4081,1462,0
11491,796,2122,1
11492,3015,186,0
11493,57,69,1
11494,2003,392,1
11495,3156,929,0
11496,3051,1645,0
11497,1115,1908,0
11498,652,137,0
11499,2343,1214,1
11500,875,594,0
11501,413,2123,1
11502,1470,200,0
11503,2189,816,1
11504,4479,307,1
11505,3429,77,1
11506,271,72,1
11507,549,277,0
11508,1672,2140,0
11509,1144,29,1
11510,4419,1491,0
11511,1460,252,0
11512,774,54,1
11513,3212,1570,0
11514,2094,259,1
11515,2584,1285,1
11516,3586,77,1
11517,4267,1190,0
11518,827,1697,0
11519,752,373,1
11520,2068,1679,0
11521,4268,1729,0
11522,2498,2132,0
11523,1461,147,1
11524,1144,690,1
11525,271,1949,0
11526,3254,156,0
11527,1714,14,1
11528,2685,2013,0
11529,2552,29,1
11530,2264,90,1
11531,3867,1403,0
11532,665,1433,0
11533,3959,442,0
11534,1703,1529,0
11535,1062,87,1
11536,4342,217,0
11537,4182,13,0
11538,4426,1492,0
11539,941,604,0
11540,3019,1255,0
11541,1656,910,0
11542,1421,480,1
11543,1434,1073,0
11544,627,911,0
11545,2575,1121,0
11546,286,51,1
11547,4202,1472,0
11548,4127,2161,0
11549,1542,131,1
11550,1755,1702,0
11551,1640,296,0
11552,1060,185,1
11553,4288,164,1
11554,187,59,0
11555,4444,404,0
11556,847,550,1
11557,1389,1928,0
11558,1315,28,1
11559,4276,638,1
11560,1095,405,1
11561,294,1680,0
11562,2554,1161,1
11563,75,550,1
11564,3346,727,0
11565,2552,911,0
11566,1250,72,1
11567,2478,1278,0
11568,2654,480,1
11569,372,431,0
11570,625,373,0
11571,983,1364,0
11572,412,67,1
11573,644,689,0
11574,2070,789,0
11575,796,1890,0
11576,324,1723,0
11577,3909,1422,0
11578,4065,202,0
11579,1695,1100,0
11580,869,77,1
11581,802,901,0
11582,642,3,1
11583,2280,693,1
11584,778,557,1
11585,4483,805,0
11586,3914,381,1
11587,558,1366,0
11588,1726,1887,0
11589,77,253,1
11590,780,875,1
11591,3303,1524,0
11592,3766,910,0
11593,30,1364,0
11594,1403,339,1
11595,970,1397,0
11596,4074,722,0
11597,3350,1487,0
11598,585,828,0
11599,874,503,1
11600,2633,1230,0
11601,2004,1002,0
11602,1003,192,1
11603,4075,2069,0
11604,1621,979,0
11605,3445,1163,0
11606,3751,132,1
11607,1490,1132,1
11608,1080,1565,0
11609,55,1972,0
11610,810,339,1
11611,3637,2057,0
11612,2479,496,0
11613,2477,77,1
11614,962,278,1
11615,413,871,1
11616,2961,103,1
11617,1219,84,1
11618,3817,1837,0
11619,182,568,1
11620,2689,479,1
11621,394,196,0
11622,1400,512,0
11623,3137,27,1
11624,2376,103,1
11625,752,1176,1
11626,192,94,1
11627,3707,665,0
11628,4042,2043,0
11629,1132,1848,0
11630,3477,1757,1
11631,798,2095,1
11632,338,2064,0
11633,4231,1788,0
11634,3898,111,1
11635,2715,29,1
11636,4107,510,0
11637,3478,1764,0
11638,777,836,0
11639,2118,1003,0
11640,608,206,1
11641,512,757,1
11642,2349,1007,1
11643,1969,1175,0
11644,1728,1272,0
11645,1063,182,1
11646,1469,164,1
11647,4405,966,1
11648,1681,195,1
11649,2569,564,0
11650,4416,561,1
11651,3796,1741,0
11652,2715,286,0
11653,1136,1738,0
11654,1158,256,1
11655,2848,1455,1
11656,1487,835,0
11657,3774,136,0
11658,2549,1496,0
11659,1130,29,1
11660,4300,1112,0
11661,1062,67,1
11662,237,221,0
11663,937,77,1
11664,1861,1858,0
11665,2053,997,0
11666,1219,807,1
11667,2423,77,1
11668,1461,807,1
11669,590,118,1
11670,958,1181,1
11671,1578,802,0
11672,3212,517,0
11673,2389,119,0
11674,3612,927,0
11675,2962,29,1
11676,1067,27,1
11677,2834,11,0
11678,1401,35,0
11679,1501,1209,0
11680,4144,1593,0
11681,2688,170,0
11682,3353,1505,0
11683,966,1523,1
11684,2590,1049,0
11685,1056,87,1
11686,1484,307,1
11687,1366,274,0
11688,3536,1214,1
11689,2436,476,1
11690,4472,405,1
11691,494,350,0
11692,472,2045,1
11693,411,369,1
11694,127,67,1
11695,2682,166,1
11696,1884,254,1
11697,3413,1727,0
11698,286,1970,1
11699,4154,1342,1
11700,1940,195,1
11701,52,1072,1
11702,286,1137,1
11703,1474,1352,1
11704,3915,301,0
11705,2612,67,1
11706,662,1446,1
11707,305,29,1
11708,780,998,1
11709,3019,1634,0
11710,4396,1876,0
11711,1084,55,1
11712,3329,1208,1
11713,3582,899,0
11714,977,517,0
11715,1125,195,1
11716,75,1176,0
11717,2273,29,1
11718,699,1030,1
11719,1732,1646,1
11720,4018,1230,0
11721,85,1904,0
11722,2507,1523,0
11723,930,77,1
11724,141,237,1
11725,817,193,0
11726,949,302,1
11727,884,1152,1
11728,2619,449,0
11729,1720,317,0
11730,4260,281,1
11731,2899,952,0
11732,2391,393,0
11733,1164,1679,0
11734,4205,246,0
11735,1313,1737,1
11736,4476,938,1
11737,4315,450,0
11738,3589,24,0
11739,118,457,1
11740,4483,244,1
11741,151,239,1
11742,2022,1344,0
11743,407,1206,0
11744,2532,23,0
11745,254,337,0
11746,251,14,1
11747,353,2005,0
11748,4061,2137,0
11749,2612,13,1
11750,1166,1867,0
11751,1010,1913,0
11752,3335,1413,1
11753,10,390,1
11754,798,1998,0
11755,685,945,0
11756,443,1512,1
11757,3658,2088,0
11758,1105,1468,0
11759,1962,2150,0
11760,1901,1650,0
11761,884,204,1
11762,4064,547,1
11763,75,807,1
11764,469,1614,0
11765,2273,114,1
11766,4406,2054,1
11767,413,118,1
11768,1320,549,0
11769,2294,136,1
11770,2484,1167,0
11771,1080,308,1
11772,1949,469,1
11773,716,118,1
11774,3867,1245,0
11775,2451,1132,1
11776,107,35,1
11777,2691,1830,0
11778,3310,1595,1
11779,75,125,1
11780,777,1443,1
11781,1671,1455,1
11782,1008,382,0
11783,1,118,1
11784,909,1339,1
11785,939,1748,1
11786,2446,131,1
11787,309,339,1
11788,3737,524,0
11789,109,1121,0
11790,4099,1877,0
11791,2547,2080,1
11792,286,1464,1
11793,1944,1707,0
11794,4114,1294,0
11795,1563,854,1
11796,2005,321,0
11797,1185,557,1
11798,3316,736,0
11799,3860,161,0
11800,678,94,1
11801,1968,1284,0
11802,3408,1132,1
11803,3673,1278,1
11804,1609,989,0
11805,1313,737,0
11806,1084,77,1
11807,230,29,1
11808,3368,1791,0
11809,165,138,1
11810,1165,67,1
11811,949,1231,1
11812,1011,938,1
11813,184,2048,1
11814,3120,48,0
11815,2198,94,1
11816,3815,963,1
11817,2150,776,0
11818,4377,993,0
11819,10,538,1
11820,3364,960,0
11821,1274,132,1
11822,2659,1358,1
11823,634,351,0
11824,3901,281,1
11825,3688,248,1
11826,2081,390,1
11827,1870,77,1
11828,1206,484,0
11829,1029,75,1
11830,2563,2153,0
11831,1940,538,1
11832,2268,67,1
11833,4297,132,1
11834,3091,1671,0
11835,978,77,1
11836,988,1523,1
11837,3125,2067,1
11838,1126,29,1
11839,4368,929,0
11840,2413,1114,0
11841,30,164,1
11842,4428,273,1
11843,932,1306,0
11844,987,1741,0
11845,2389,1726,0
11846,3839,1271,0
11847,507,2160,0
11848,2140,206,1
11849,716,67,1
11850,468,851,1
11851,1165,429,0
11852,4266,1535,0
11853,602,1304,0
11854,430,2157,0
11855,2785,1309,0
11856,1580,726,0
11857,294,469,1
11858,3240,1457,0
11859,1075,185,1
11860,3575,808,1
11861,4038,744,1
11862,629,104,0
11863,3512,479,1
11864,1570,380,1
11865,3516,894,0
11866,2562,560,1
11867,1390,1020,1
11868,2137,29,1
11869,566,904,0
11870,4310,1225,0
11871,3934,714,1
11872,1976,1370,1
11873,4342,1508,0
11874,49,295,1
11875,1715,194,0
11876,677,1769,0
11877,4346,594,0
11878,3936,2146,1
11879,3107,259,1
11880,3067,1915,0
11881,45,77,1
11882,1176,479,0
11883,490,189,1
11884,1750,602,1
11885,50,1964,0
11886,3295,412,1
11887,2858,1463,0
11888,2922,2081,0
11889,2051,763,0
11890,176,1151,0
11891,899,1640,0
11892,3723,314,0
11893,2543,1040,1
11894,2648,405,1
11895,1022,115,0
11896,747,960,0
11897,3066,124,0
11898,2746,1890,0
11899,2591,94,1
11900,251,77,1
11901,4429,1420,0
11902,2891,1358,1
11903,1376,1269,0
11904,3845,214,1
11905,2572,319,0
11906,558,638,1
11907,2802,111,1
11908,1136,94,1
11909,2875,1448,0
11910,3313,77,1
11911,3249,104,1
11912,2070,114,1
11913,590,552,1
11914,4486,58,1
11915,980,77,1
11916,3185,1813,0
11917,2165,29,1
11918,1910,826,0
11919,3638,389,0
11920,2374,253,1
11921,2682,29,1
11922,2502,466,0
11923,2086,1837,0
11924,75,192,1
11925,1822,84,1
11926,758,1114,1
11927,3092,555,0
11928,794,1969,1
11929,1063,625,1
11930,1217,67,0
11931,2225,1717,0
11932,2843,668,0
11933,2120,2087,1
11934,1112,2017,1
11935,1472,288,0
11936,215,550,1
11937,3875,1891,1
11938,4170,92,1
11939,1043,259,0
11940,1880,1106,0
11941,2129,781,0
11942,116,940,0
11943,768,532,0
11944,1589,168,1
11945,1201,752,0
11946,2208,911,0
11947,294,1560,0
11948,813,1479,1
11949,1036,130,1
11950,3826,156,0
11951,3820,111,1
11952,3057,1727,0
11953,251,29,1
11954,3206,1420,0
11955,3213,1601,0
11956,1036,998,1
11957,525,927,0
11958,2668,1112,1
11959,3472,593,0
11960,2858,683,1
11961,2087,597,1
11962,3667,510,0
11963,1910,1657,0
11964,1863,2140,0
11965,1670,552,0
11966,897,1222,1
11967,512,1723,1
11968,4487,855,1
11969,1450,194,1
11970,3183,1838,0
11971,760,1712,0
11972,2498,1614,0
11973,2493,1657,0
11974,3387,1643,0
11975,1404,1477,0
11976,1958,475,0
11977,1611,1084,0
11978,2072,889,0
11979,3988,654,1
11980,234,1513,0
11981,2681,206,1
11982,1091,14,1
11983,2387,1328,0
11984,1301,969,0
11985,1333,1079,0
11986,1667,1483,0
11987,2216,1140,0
11988,643,166,1
11989,2942,157,1
11990,344,10,1
11991,1580,1527,0
11992,4231,1879,1
11993,1567,1474,1
11994,983,479,1
11995,3698,934,0
11996,615,2100,0
11997,2400,841,0
11998,962,726,1
11999,916,29,1
12000,184,2005,1
12001,585,789,0
12002,4349,1727,1
12003,112,1057,0
12004,847,138,1
12005,286,1671,1
12006,780,975,1
12007,559,69,1
12008,259,389,1
12009,980,1684,0
12010,3061,780,0
12011,3424,1049,0
12012,3487,84,1
12013,2737,1757,0
12014,4440,27,1
12015,2383,1945,0
12016,926,978,0
12017,2277,1897,0
12018,439,538,1
12019,718,67,1
12020,2619,222,0
12021,1338,1536,1
12022,1742,348,0
12023,3067,1972,0
12024,2137,67,1
12025,2980,843,0
12026,1095,561,0
12027,4126,1267,0
12028,165,194,1
12029,3877,557,0
12030,3134,978,0
12031,2162,605,0
12032,1130,1850,0
12033,443,174,1
12034,4340,337,0
12035,625,689,1
12036,1105,253,1
12037,230,281,1
12038,1831,517,0
12039,689,77,1
12040,1492,1944,0
12041,1052,1184,0
12042,590,67,1
12043,1681,538,1
12044,67,351,0
12045,2858,1563,0
12046,958,413,0
12047,1800,2168,0
12048,4052,1741,0
12049,4363,954,1
12050,1834,369,1
12051,1346,118,1
12052,4412,1835,1
12053,650,1347,0
12054,794,707,1
12055,3718,1576,0
12056,1063,616,1
12057,3067,337,0
12058,4074,111,1
12059,4490,1000,0
12060,649,1187,0
12061,1508,67,1
12062,4491,680,1
12063,3966,1378,0
12064,893,1816,1
12065,1432,2132,0
12066,2529,41,0
12067,2196,1632,1
12068,2388,296,1
12069,2419,524,0
12070,236,1954,0
12071,847,192,1
12072,653,653,1
12073,2369,1915,0
12074,916,981,1
12075,1169,1498,1
12076,4448,22,1
12077,1805,2040,0
12078,1490,721,0
12079,1112,590,1
12080,443,13,1
12081,371,1492,1
12082,2575,1072,0
12083,2850,897,0
12084,2435,1886,0
12085,92,39,0
12086,770,94,1
12087,83,638,1
12088,3644,252,0
12089,652,1085,0
12090,4466,1275,1
12091,2662,257,0
12092,2811,77,1
12093,1112,1397,0
12094,3220,115,1
12095,507,963,1
12096,2887,103,1
12097,1082,72,1
12098,1289,690,0
12099,139,4,0
12100,603,3,1
12101,2318,767,0
12102,3824,1314,0
12103,3772,1191,0
12104,1138,621,0
12105,2400,111,1
12106,2966,273,1
12107,762,1704,0
12108,4006,1038,1
12109,3210,29,1
12110,413,29,1
12111,8,138,1
12112,57,262,0
12113,1021,2055,1
12114,1527,843,0
12115,3879,1638,0
12116,562,1189,0
12117,4063,1569,0
12118,1768,15,0
12119,910,368,0
12120,3568,362,0
12121,1818,288,0
12122,3959,480,1
12123,2739,1734,0
12124,3364,1072,0
12125,2087,1520,1
12126,3286,1488,0
12127,1145,48,1
12128,10,195,1
12129,1252,1223,0
12130,3637,2017,0
12131,3427,906,0
12132,299,2176,0
12133,2641,1587,0
12134,2479,963,1
12135,785,1887,0
12136,847,278,1
12137,2618,2048,0
12138,1144,975,1
12139,1106,962,0
12140,348,206,1
12141,1277,114,1
12142,1406,1087,0
12143,1868,975,0
12144,1286,994,1
12145,4415,1309,0
12146,2782,822,1
12147,641,19,0
12148,1426,945,0
12149,1948,885,0
12150,2186,1712,1
12151,1072,972,0
12152,3437,2090,0
12153,1067,1234,0
12154,112,1249,1
12155,34,220,1
12156,932,77,1
12157,4380,25,0
12158,788,1453,0
12159,2156,1579,0
12160,885,1383,1
12161,3873,1252,0
12162,1382,733,1
12163,937,722,1
12164,3962,803,0
12165,4307,281,1
12166,475,953,0
12167,3568,560,1
12168,3946,2115,0
12169,2638,519,0
12170,3612,1284,0
12171,488,469,1
12172,2173,131,1
12173,260,2157,0
12174,3600,405,1
12175,1503,1765,0
12176,1914,111,1
12177,110,1736,0
12178,1486,380,1
12179,1587,1139,1
12180,4493,316,0
12181,295,1049,0
12182,3742,525,1
12183,2743,1206,0
12184,1736,979,0
12185,558,919,1
12186,3619,186,0
12187,735,1063,1
12188,2262,821,0
12189,2065,1492,0
12190,1823,396,1
12191,1300,147,1
12192,1243,675,1
12193,735,252,1
12194,98,130,1
12195,230,10,1
12196,3122,18,0
12197,218,77,1
12198,1590,125,1
12199,2990,1725,1
12200,949,1754,1
12201,980,66,0
12202,3297,1542,1
12203,1,168,1
12204,1508,469,1
12205,691,111,1
12206,3470,77,1
12207,4425,2161,0
12208,4466,1055,1
12209,762,20,0
12210,2287,974,0
12211,2375,342,1
12212,2176,817,1
12213,654,14,1
12214,1803,1841,0
12215,2279,226,0
12216,852,386,0
12217,3696,1772,0
12218,2165,486,0
12219,917,617,0
12220,2214,433,0
12221,1601,449,0
12222,2215,479,1
12223,309,136,1
12224,3126,2033,1
12225,776,29,1
12226,1060,77,1
12227,652,881,1
12228,631,1323,1
12229,808,287,1
12230,2978,1563,0
12231,2268,92,1
12232,3359,72,1
12233,1618,67,1
12234,2398,1193,0
12235,3688,1738,0
12236,271,29,1
12237,694,14,1
12238,2133,77,1
12239,793,253,1
12240,2405,67,1
12241,4417,1177,1
12242,3180,405,1
12243,4052,1828,0
12244,2291,517,0
12245,801,67,1
12246,1470,821,0
12247,3906,405,1
12248,1420,33,0
12249,3188,2105,1
12250,859,1055,1
12251,574,1443,1
12252,4495,166,0
12253,372,375,1
12254,1481,803,1
12255,254,1995,0
12256,2084,788,1
12257,165,185,1
12258,153,130,1
12259,412,914,1
12260,2634,77,1
12261,3645,206,1
12262,1801,2051,0
12263,3178,2043,0
12264,914,887,0
12265,1731,1201,0
12266,1918,917,0
12267,2474,780,0
12268,1464,14,1
12269,13,1836,1
12270,286,450,1
12271,475,1819,1
12272,214,2123,0
12273,2692,307,1
12274,223,1666,0
12275,1144,1670,1
12276,4326,1063,1
12277,2392,339,1
12278,4026,1057,0
12279,3949,1022,0
12280,382,399,0
12281,3396,1512,0
12282,656,3,1
12283,1483,2032,0
12284,3808,381,1
12285,284,14,1
12286,1939,1770,0
12287,3095,196,0
12288,148,1018,1
12289,4497,1777,1
12290,882,1221,1
12291,1538,132,1
12292,3470,597,0
12293,148,348,1
12294,2315,1115,0
12295,4370,527,0
12296,1770,1919,0
12297,348,136,1
12298,2213,375,1
12299,3409,1155,0
12300,2125,473,1
12301,3014,1141,0
12302,3342,77,1
12303,2507,181,0
12304,2582,736,0
12305,2070,1336,0
12306,3555,405,1
12307,3437,1935,1
12308,344,84,1
12309,678,29,1
12310,4376,273,1
12311,602,271,0
12312,3157,1270,0
12313,730,125,1
12314,2827,87,1
12315,417,1879,1
12316,4382,982,0
12317,2524,1777,0
12318,988,1284,1
12319,31,2168,0
12320,1176,27,1
12321,3644,140,1
12322,90,29,1
12323,3143,480,1
12324,2474,613,0
12325,1710,1496,0
12326,52,2126,1
12327,1368,1341,1
12328,943,914,1
12329,1518,118,1
12330,287,206,1
12331,413,734,1
12332,2137,77,1
12333,2449,1363,0
12334,2026,6,0
12335,2471,1717,0
12336,3363,1285,1
12337,1138,191,1
12338,3075,625,1
12339,1073,144,1
12340,1871,573,0
12341,4251,24,0
12342,55,46,0
12343,3915,1433,0
12344,4112,94,1
12345,291,1691,1
12346,1921,1839,0
12347,2931,1937,0
12348,3353,1032,0
12349,497,130,1
12350,1327,1285,1
12351,1243,549,0
12352,3667,1647,0
12353,608,1672,0
12354,1503,1225,0
12355,1086,1442,0
12356,1500,72,1
12357,519,1078,0
12358,777,1358,1
12359,3089,257,0
12360,1461,1154,0
12361,3573,218,1
12362,512,246,1
12363,615,198,0
12364,318,1132,0
12365,2746,730,0
12366,1241,1937,1
12367,786,1165,0
12368,3840,29,1
12369,916,402,1
12370,182,953,1
12371,408,762,0
12372,4498,637,1
12373,92,1559,0
12374,1845,147,1
12375,1604,1274,0
12376,808,1943,1
12377,3000,643,0
12378,1259,1428,1
12379,1346,136,1
12380,2232,1251,0
12381,1387,752,0
12382,4074,835,0
12383,1652,405,1
12384,1788,209,0
12385,2316,2013,0
12386,3586,1848,0
12387,1842,709,0
12388,3849,1221,0
12389,3168,396,1
12390,751,1524,0
12391,2065,604,0
12392,4198,1857,0
12393,2034,85,0
12394,2832,2010,0
12395,2233,1100,1
12396,659,1710,0
12397,3981,220,1
12398,4251,2014,0
12399,3561,1670,0
12400,794,1372,1
12401,4341,307,1
12402,2271,203,0
12403,2592,345,0
12404,2134,1510,0
12405,4035,1006,0
12406,4085,804,1
12407,411,77,1
12408,3608,411,0
12409,1063,360,1
12410,3258,901,0
12411,678,1316,0
12412,1659,376,0
12413,1806,1846,0
12414,3295,235,1
12415,962,1308,1
12416,4267,1942,0
12417,1876,342,1
12418,12,254,1
12419,2682,18,1
12420,358,206,1
12421,866,312,0
12422,370,1495,1
12423,396,118,1
12424,3673,367,1
12425,112,1839,0
12426,319,54,0
12427,2078,1742,0
12428,1005,77,1
12429,3822,938,0
12430,1710,1819,1
12431,2333,2146,0
12432,2980,978,0
12433,4090,1438,0
12434,474,1640,0
12435,3168,1304,0
12436,1078,90,1
12437,858,1200,1
12438,2363,2068,0
12439,1923,1417,0
12440,1913,2153,0
12441,2634,1970,0
12442,1455,2057,1
12443,916,348,1
12444,3178,720,0
12445,2218,118,1
12446,1180,881,0
12447,4316,1483,0
12448,2738,44,0
12449,3238,14,1
12450,1099,803,0
12451,1086,118,1
12452,3424,1514,0
12453,3619,1771,0
12454,2186,689,0
12455,4038,1535,0
12456,1646,1096,1
12457,211,130,1
12458,2843,1248,1
12459,916,1181,1
12460,3803,1837,0
12461,1801,1022,1
12462,3262,1397,0
12463,4485,1545,1
12464,1479,1965,0
12465,1290,356,1
12466,255,1220,0
12467,2561,1361,1
12468,4153,75,0
12469,2955,1742,0
12470,2184,125,1
12471,107,2094,0
12472,3887,576,1
12473,156,1487,0
12474,2720,1389,0
12475,2543,1382,0
12476,2741,72,1
12477,4470,1988,1
12478,1898,370,0
12479,800,639,0
12480,3103,1132,1
12481,1812,118,1
12482,2234,1201,1
12483,3723,788,0
12484,3945,1219,0
12485,281,1524,0
12486,892,1181,1
12487,4255,440,0
12488,2004,1114,1
12489,4112,1325,0
12490,1181,289,0
12491,52,1308,0
12492,207,470,1
12493,2244,2048,0
12494,454,836,0
12495,466,2153,1
12496,3839,1647,1
12497,638,237,1
12498,4354,2152,0
12499,1089,1735,0
12500,83,695,0
12501,1170,390,1
12502,286,1418,1
12503,1156,1556,0
12504,1993,1362,1
12505,1440,195,1
12506,1898,118,1
12507,3110,1193,0
12508,1333,66,0
12509,3615,475,1
12510,649,1306,0
12511,2226,1937,0
12512,2416,552,1
12513,3873,29,1
12514,562,716,1
12515,1592,77,1
12516,3069,1640,0
12517,2431,1207,0
12518,1824,1573,1
12519,344,277,1
12520,2005,48,1
12521,3853,613,1
12522,3517,1266,0
12523,3067,1792,0
12524,3972,24,1
12525,1201,118,1
12526,4198,1204,1
12527,1230,2163,0
12528,1231,215,0
12529,1112,927,1
12530,1993,213,0
12531,2393,1092,0
12532,3295,131,1
12533,3353,278,1
12534,2249,421,0
12535,2720,1771,0
12536,1646,77,1
12537,801,1446,1
12538,492,2091,1
12539,4500,1024,1
12540,399,52,1
12541,446,353,1
12542,3930,72,1
12543,1269,14,1
12544,3394,1929,0
12545,2029,1860,0
12546,2392,27,1
12547,1011,1457,0
12548,3066,1481,0
12549,1390,536,1
12550,1714,77,1
12551,2588,111,1
12552,929,1199,0
12553,2578,548,1
12554,2086,1373,0
12555,777,745,1
12556,367,1549,1
12557,665,1007,1
12558,443,2071,0
12559,135,1044,1
12560,3314,405,1
12561,558,93,1
12562,251,1512,1
12563,3263,1207,0
12564,481,166,0
12565,3651,1920,1
12566,977,203,1
12567,75,308,0
12568,1368,1255,0
12569,2753,77,1
12570,149,1627,0
12571,32,84,1
12572,2221,387,1
12573,1881,1225,0
12574,1060,998,1
12575,1938,254,0
12576,2784,2001,0
12577,2134,273,1
12578,939,1828,1
12579,2484,469,1
12580,2446,147,1
12581,4099,1577,0
12582,2899,634,0
12583,3308,1198,0
12584,3717,214,1
12585,3736,643,1
12586,4333,773,1
12587,957,1188,0
12588,1021,690,1
12589,2037,1947,1
12590,3100,405,1
12591,856,29,1
12592,2799,700,0
12593,112,940,1
12594,2562,616,1
12595,1440,206,1
12596,1100,809,1
12597,4007,115,1
12598,3067,1953,0
12599,1160,1982,0
12600,2474,446,0
12601,1824,1141,0
12602,2225,220,0
12603,3313,219,0
12604,466,1141,1
12605,2878,29,1
12606,3784,713,0
12607,2376,1062,1
12608,165,189,1
12609,1267,560,1
12610,473,1972,0
12611,3982,2110,0
12612,3302,1588,0
12613,2500,1657,0
12614,2208,187,0
12615,962,194,1
12616,192,118,1
12617,649,2089,0
12618,792,69,1
12619,3997,1626,0
12620,585,133,0
12621,4490,643,1
12622,849,1208,0
12623,4383,273,0
12624,3037,608,0
12625,148,1737,0
12626,320,646,0
12627,1166,1897,0
12628,4501,443,1
12629,599,671,0
12630,211,955,1
12631,1661,1908,0
12632,4165,1082,0
12633,3613,1152,1
12634,3926,2177,0
12635,2836,1109,0
12636,4287,111,1
12637,2613,1255,0
12638,6,67,1
12639,2457,1354,0
12640,1034,204,1
12641,1861,1762,0
12642,879,841,1
12643,3093,1271,0
12644,963,29,1
12645,4447,938,1
12646,750,405,1
12647,1909,1082,0
12648,3183,525,1
12649,1045,1800,0
12650,679,837,0
12651,3954,1924,0
12652,3555,369,0
12653,2834,77,1
12654,1974,1760,1
12655,670,140,0
12656,840,1529,0
12657,1788,404,0
12658,801,690,1
12659,3335,788,0
12660,98,835,1
12661,2517,29,1
12662,3984,714,1
12663,4479,1984,0
12664,3502,257,0
12665,770,174,1
12666,2245,660,0
12667,607,273,0
12668,4141,558,0
12669,3070,88,1
12670,4435,773,0
12671,286,249,1
12672,2326,880,0
12673,847,402,1
12674,124,1729,0
12675,2985,72,1
12676,348,400,0
12677,1776,67,1
12678,3204,1714,0
12679,3352,1404,0
12680,1083,1684,0
12681,3589,405,1
12682,642,237,1
12683,4231,380,1
12684,3193,1772,0
12685,527,2133,0
12686,2079,390,1
12687,1043,1241,0
12688,1277,1378,0
12689,910,1449,1
12690,2305,818,0
12691,873,185,1
12692,1995,2134,0
12693,2742,599,0
12694,307,131,1
12695,4475,111,1
12696,1144,67,1
12697,2271,955,0
12698,383,290,1
12699,2836,29,1
12700,526,1880,1
12701,1464,125,1
12702,3137,131,1
12703,4081,1239,0
12704,2299,262,0
12705,251,638,1
12706,2259,812,1
12707,1410,1774,0
12708,942,221,1
12709,2266,1801,0
12710,2553,653,1
12711,2431,1780,0
12712,1333,1551,0
12713,4496,688,0
12714,258,822,0
12715,2610,1917,1
12716,75,1181,1
12717,3649,1175,0
12718,3743,1286,0
12719,2190,316,0
12720,4452,1837,1
12721,1437,850,0
12722,2878,94,1
12723,1645,1380,0
12724,2867,405,1
12725,1078,278,1
12726,2161,1167,1
12727,3095,166,0
12728,3300,1702,0
12729,773,1490,0
12730,2229,118,1
12731,490,727,1
12732,3042,1223,0
12733,148,837,1
12734,2518,1308,0
12735,123,195,1
12736,8,727,1
12737,1310,266,0
12738,1158,1501,1
12739,2292,50,0
12740,166,1037,0
12741,1592,18,0
12742,3074,138,0
12743,3688,653,0
12744,543,1819,0
12745,1299,510,0
12746,1176,72,1
12747,1188,560,1
12748,792,3,1
12749,4022,1025,0
12750,958,192,1
12751,2351,542,1
12752,3885,991,0
12753,3861,1141,0
12754,3408,1285,1
12755,3705,386,0
12756,4419,509,0
12757,260,425,0
12758,1219,1732,1
12759,810,237,1
12760,2991,2149,0
12761,2272,356,1
12762,1294,69,1
12763,3934,894,1
12764,3733,1521,1
12765,1542,52,1
12766,3325,273,1
12767,794,304,1
12768,2624,1268,0
12769,1733,1075,1
12770,1003,998,1
12771,2200,118,1
12772,2322,77,1
12773,1729,1620,0
12774,4298,890,1
12775,1994,1730,0
12776,1973,1473,0
12777,56,519,1
12778,396,67,1
12779,1508,77,1
12780,957,1319,0
12781,497,90,1
12782,2405,1107,0
12783,2297,550,1
12784,2475,734,0
12785,2478,688,0
12786,1547,1401,0
12787,2722,2104,0
12788,804,1793,0
12789,3238,77,1
12790,2254,19,1
12791,211,727,1
12792,3296,1704,0
12793,2458,421,0
12794,4406,1448,0
12795,4349,1836,0
12796,2517,341,0
12797,2832,7,0
12798,1432,805,0
12799,52,1784,1
12800,4352,2006,0
12801,1589,1186,1
12802,2541,1101,0
12803,3591,998,0
12804,2492,1787,0
12805,488,1286,1
12806,394,2047,0
12807,227,889,1
12808,3601,2162,0
12809,2922,479,1
12810,259,306,0
12811,1962,2119,0
12812,633,40,0
12813,2339,1442,0
12814,3807,387,0
12815,2983,326,1
12816,3984,1300,0
12817,259,807,0
12818,3257,896,0
12819,4210,182,0
12820,1300,27,1
12821,4119,1362,0
12822,2240,1501,0
12823,1166,195,1
12824,4430,1095,1
12825,892,189,1
12826,3564,1428,1
12827,2935,40,0
12828,83,237,1
12829,4313,1209,0
12830,2168,1754,0
12831,517,541,0
12832,1271,825,0
12833,4391,132,1
12834,1590,237,1
12835,4153,1798,0
12836,3774,16,1
12837,3795,465,0
12838,1021,1007,1
12839,3328,2054,1
12840,3248,1574,0
12841,490,550,1
12842,4175,609,0
12843,1990,27,1
12844,3949,741,1
12845,3417,901,0
12846,1375,889,1
12847,1144,77,1
12848,246,481,0
12849,1056,23,1
12850,1654,273,1
12851,730,147,1
12852,662,1857,1
12853,343,286,0
12854,3238,29,1
12855,2946,460,1
12856,385,90,1
12857,3331,1665,0
12858,996,2170,1
12859,2602,622,0
12860,4205,1071,1
12861,2172,1799,0
12862,215,1726,1
12863,1980,1121,0
12864,258,18,1
12865,4402,1981,0
12866,1156,914,1
12867,2495,140,1
12868,910,77,1
12869,3517,846,0
12870,4315,2177,0
12871,952,1272,0
12872,4091,1008,0
12873,3733,1656,1
12874,3733,1560,1
12875,2613,1119,0
12876,2391,2024,1
12877,456,1141,1
12878,337,1535,1
12879,488,734,1
12880,2637,1754,0
12881,2318,390,1
12882,1043,132,1
12883,4474,1597,0
12884,4304,466,0
12885,1045,253,0
12886,57,339,1
12887,902,228,0
12888,1702,87,1
12889,1575,507,0
12890,372,17,1
12891,556,677,0
12892,1170,77,1
12893,800,2165,0
12894,2029,253,1
12895,4158,664,0
12896,1836,206,1
12897,1408,2115,0
12898,730,1457,0
12899,977,1203,0
12900,2132,2126,0
12901,2610,2145,1
12902,798,1655,0
12903,287,638,1
12904,1660,237,0
12905,984,1824,0
12906,1536,405,1
12907,4403,1477,0
12908,50,135,0
12909,840,757,1
12910,2514,1345,0
12911,3652,1524,0
12912,3722,114,1
12913,3607,571,0
12914,3643,1951,0
12915,2641,118,1
12916,3002,356,1
12917,371,2044,1
12918,2560,281,1
12919,2799,52,0
12920,2322,469,1
12921,1737,10,1
12922,847,998,1
12923,2340,2136,0
12924,668,1181,1
12925,55,1115,1
12926,897,2147,1
12927,635,1597,1
12928,2332,1830,1
12929,1804,1385,0
12930,3347,329,0
12931,1792,104,1
12932,641,625,1
12933,1128,547,0
12934,1742,1100,1
12935,2832,422,0
12936,3902,1622,0
12937,761,347,1
12938,2758,375,1
12939,2173,638,1
12940,3548,2179,0
12941,3993,1072,1
12942,2967,111,1
12943,3700,1019,0
12944,307,77,1
12945,496,1247,0
12946,1170,1931,0
12947,916,550,1
12948,4453,613,1
12949,3879,1160,0
12950,550,1414,0
12951,2662,1309,1
12952,251,135,1
12953,808,1225,1
12954,3604,319,0
12955,2791,1872,1
12956,4287,271,0
12957,4293,719,0
12958,808,2090,1
12959,1833,799,0
12960,959,819,0
12961,2324,1253,0
12962,1249,506,0
12963,1324,46,0
12964,1935,698,0
12965,882,2062,1
12966,1269,991,1
12967,2634,118,1
12968,4044,630,1
12969,3526,287,0
12970,1552,266,1
12971,1543,1152,1
12972,3591,1268,0
12973,956,1827,0
12974,329,2036,0
12975,852,471,0
12976,4500,1328,0
12977,3028,1644,0
12978,3182,1850,0
12979,2039,1209,0
12980,897,796,0
12981,3853,1484,0
12982,148,29,1
12983,1518,1746,1
12984,3667,1893,0
12985,1485,1449,1
12986,3475,1170,0
12987,1558,727,0
12988,4153,2015,0
12989,44,29,1
12990,3634,686,0
12991,770,897,0
12992,2039,1665,1
12993,568,1590,0
12994,2465,1764,0
12995,3123,72,0
12996,808,1365,1
12997,1558,1181,0
12998,1547,2071,0
12999,3453,592,1
13000,1663,112,0
13001,276,1997,0
13002,2791,482,0
13003,425,94,1
13004,3057,767,0
13005,920,416,0
13006,1313,1178,0
13007,107,1241,1
13008,4097,14,1
13009,668,29,1
13010,4162,84,1
13011,1548,432,0
13012,4063,978,0
13013,2658,875,0
13014,826,1237,0
13015,2011,938,1
13016,471,685,0
13017,251,13,1
13018,3330,1652,0
13019,349,2088,0
13020,794,734,1
13021,1792,413,0
13022,474,1004,0
13023,631,1245,1
13024,892,727,1
13025,1112,118,1
13026,1746,374,1
13027,3173,1132,0
13028,2226,1655,0
13029,2667,1524,0
13030,2619,1991,0
13031,1673,1916,0
13032,651,1007,1
13033,4438,1165,0
13034,139,818,0
13035,3784,2146,0
13036,3444,1745,0
13037,1293,1430,0
13038,916,707,1
13039,1791,1880,0
13040,2665,389,1
13041,2436,720,0
13042,129,1804,0
13043,566,1746,1
13044,2065,1965,0
13045,75,130,1
13046,1944,2032,0
13047,724,734,1
13048,3364,161,0
13049,2220,1643,0
13050,642,1344,1
13051,2070,997,0
13052,1005,700,0
13053,1476,118,1
13054,4419,469,1
13055,1456,460,1
13056,3192,405,1
13057,1648,515,0
13058,112,1353,1
13059,2853,1630,0
13060,1377,1692,0
13061,4495,114,1
13062,4500,1936,0
13063,1715,451,1
13064,3324,1075,0
13065,2323,1967,0
13066,2753,1801,0
13067,1364,1505,0
13068,2785,1872,0
13069,1540,1926,0
13070,197,858,0
13071,4403,72,1
13072,3961,471,0
13073,4486,788,0
13074,2105,14,1
13075,4046,58,0
13076,1879,2128,0
13077,1045,235,1
13078,3934,162,1
13079,1031,1314,0
13080,3443,677,1
13081,2797,375,1
13082,4435,1746,0
13083,1923,1609,0
13084,2208,386,0
13085,694,18,1
13086,4419,77,1
13087,4068,1451,0
13088,2635,1781,0
13089,2746,24,0
13090,1558,1231,0
13091,830,289,0
13092,2775,1425,0
13093,3972,1757,0
13094,2462,619,0
13095,531,27,1
13096,174,1836,0
13097,2154,473,0
13098,3310,690,1
13099,2502,52,1
13100,2568,61,0
13101,1305,1490,0
13102,286,1731,1
13103,1289,209,0
13104,869,14,1
13105,3171,1183,1
13106,55,147,1
13107,1104,14,1
13108,3644,77,1
13109,4368,435,0
13110,1477,650,0
13111,1463,821,0
13112,1837,69,1
13113,3028,802,0
13114,3903,638,0
13115,4167,1221,0
13116,4042,1095,1
13117,2475,1746,1
13118,3257,77,1
13119,3491,1463,0
13120,2252,838,0
13121,1381,875,1
13122,3092,822,0
13123,412,94,1
13124,2980,779,0
13125,53,960,0
13126,1538,1670,0
13127,4192,1384,0
13128,874,720,0
13129,3722,1771,0
13130,286,68,1
13131,3359,1347,0
13132,2140,1799,0
13133,931,994,1
13134,3305,289,0
13135,4091,343,0
13136,2928,235,1
13137,1593,1681,0
13138,4002,1819,0
13139,1640,1311,1
13140,1106,832,0
13141,371,1431,1
13142,559,131,1
13143,3649,604,0
13144,2287,469,0
13145,2468,1281,0
13146,966,617,0
13147,4490,2101,0
13148,1842,1789,0
13149,2207,1455,1
13150,4162,77,1
13151,926,1501,0
13152,2136,1461,1
13153,2944,64,0
13154,1057,843,1
13155,2033,3,1
13156,4502,375,1
13157,3345,2012,0
13158,207,215,1
13159,466,1386,1
13160,2312,963,0
13161,3037,1706,1
13162,1665,1667,0
13163,213,440,0
13164,3664,857,0
13165,3074,813,0
13166,2560,1948,0
13167,3444,597,0
13168,4392,184,1
13169,3217,77,1
13170,1414,1656,0
13171,501,1026,0
13172,2517,788,0
13173,2108,184,1
13174,1577,820,0
13175,2134,1437,0
13176,4090,437,1
13177,4140,935,1
13178,2451,150,0
13179,1754,1647,0
13180,2423,1384,0
13181,425,384,0
13182,182,2006,1
13183,882,1681,1
13184,1109,362,1
13185,1158,4,0
13186,231,854,1
13187,644,177,1
13188,1434,1821,0
13189,3945,77,1
13190,1453,701,0
13191,10,77,1
13192,371,1421,1
13193,136,834,0
13194,439,206,1
13195,1130,14,1
13196,3490,1019,0
13197,401,29,1
13198,4215,1725,1
13199,4399,495,0
13200,1394,67,1
13201,1078,130,1
13202,788,77,1
13203,1814,431,0
13204,2262,769,0
13205,182,191,1
13206,3807,366,0
13207,3161,1462,0
13208,1566,1853,0
13209,1290,927,0
13210,2184,136,1
13211,1947,287,0
13212,3052,1839,0
13213,1482,2102,0
13214,1584,77,0
13215,3361,348,0
13216,3366,192,0
13217,2133,1362,1
13218,2481,1773,0
13219,1592,147,1
13220,52,1081,0
13221,882,1699,1
13222,1663,289,0
13223,619,1632,0
13224,3557,1102,0
13225,1346,10,1
13226,3652,1171,0
13227,192,1917,1
13228,3316,482,0
13229,2711,1106,0
